id,naslov,id_avtorja,povprecna_ocena,stevilo_ocen,stevilo_recenzij,stevilo_strani,jezik,leto_izdaje,trenutno_bere,opis
2767052,"The Hunger Games (The Hunger Games, #1)",153394,4.35,10080244,268807,374,English,2008,110226,"Winning means fame and fortune. Losing means certain death. The Hunger Games have begun. . . . In the ruins of a place once known as North America lies the nation of Panem, a shining Capitol surrounded by twelve outlying districts. The Capitol is harsh and cruel and keeps the districts in line by forcing them all to send one boy and one girl between the ages of twelve and eighteen to participate in the annual Hunger Games, a fight to the death on live TV. Sixteen-year-old Katniss Everdeen regards it as a death sentence when she steps forward to take her sister's place in the Games. But Katniss has been close to dead before-and survival, for her, is second nature. Without really meaning to, she becomes a contender. But if she is to win, she will have to start making choices that weigh survival against humanity and life against love."
1885,Pride and Prejudice,1265,4.3,4900979,153011,279,English,2023,256801,"Since its immediate success in 1813, Pride and Prejudice has remained one of the most popular novels in the English language. Jane Austen called this brilliant work ""her own darling child"" and its vivacious heroine, Elizabeth Bennet, ""as delightful a creature as ever appeared in print."" The romantic clash between the opinionated Elizabeth and her proud beau, Mr. Darcy, is a splendid performance of civilized sparring. And Jane Austen's radiant wit sparkles as her characters dance a delicate quadrille of flirtation and intrigue, making this book the most superb comedy of manners of Regency England. Alternate cover edition of ISBN 9780679783268"
2657,To Kill a Mockingbird,1825,4.26,6993055,135628,323,English,2006,100313,"""Shoot all the bluejays you want, if you can hit 'em, but remember it's a sin to kill a mockingbird."" A lawyer's advice to his children as he defends the real mockingbird of Harper Lee's classic novel - a black man charged with the rape of a white girl. Through the young eyes of Scout and Jem Finch, Harper Lee explores with exuberant humour the irrationality of adult attitudes to race and class in the Deep South of the 1930s. The conscience of a town steeped in prejudice, violence and hypocrisy is pricked by the stamina of one man's struggle for justice. But the weight of history will only tolerate so much. ""To Kill A Mockingbird"" became both an instant bestseller and a critical success when it was first published in 1960. It went on to win the Pulitzer Prize in 1961 and was later made into an Academy Award-winning film."
58613451,"Harry Potter and the Order of the Phoenix (Harry Potter, #5)",1077326,4.5,3856441,80331,896,English,2003,92198,"It's official: the evil Lord Voldemort has returned. His influence is suddenly everywhere in the Wizarding world, and his former allies, the Death Eaters, are returning to his side in droves. In response, the Order of the Phoenix, which worked to stop him during his last rise to power, has reconvened. This time, all of the adults Harry trusts have joined in. And even though Harry is at the center of many of their plans - Voldemort is intent on killing him, after all - they want so badly to protect him that they are keeping him completely out of the loop. Problems are cropping up at Hogwarts, too, where government officials are meddling in just about everything. And just because Voldemort and the Death Eaters are threatening open warfare does not mean that fifth-year students get out of their exams. Meanwhile, Harry's powerful connection to Voldemort seems to be growing even stronger, as he realizes that he has direct access to the Dark Lord's mind. It's time for Harry and his friends to take drastic action, but the course they choose will have terrible unforeseen consequences. Truly dangerous times have arrived in the fifth Harry Potter novel, but it never loses the trademark fun, excitement, and wonder at the possibilities of magic."
19063,The Book Thief,11466,4.39,2925868,163395,592,English,2006,105296,"Librarian's note: An alternate cover edition can be found here It is 1939. Nazi Germany. The country is holding its breath. Death has never been busier, and will be busier still. By her brother's graveside, Liesel's life is changed when she picks up a single object, partially hidden in the snow. It is The Gravedigger's Handbook, left behind there by accident, and it is her first act of book thievery. So begins a love affair with books and words, as Liesel, with the help of her accordian-playing foster father, learns to read. Soon she is stealing books from Nazi book-burnings, the mayor's wife's library, wherever there are books to be found. But these are dangerous times. When Liesel's foster family hides a Jew in their basement, Liesel's world is both opened up, and closed down. In superbly crafted writing that burns with intensity, award-winning author Markus Zusak has given us one of the most enduring stories of our time. (Note: this title was not published as YA fiction)"
41865,"Twilight (Twilight Saga, #1)",941441,3.68,7403854,151896,498,English,2006,67011,"About three things I was absolutely positive. First, Edward was a vampire. Second, there was a part of him - and I didn't know how dominant that part might be - that thirsted for my blood. And third, I was unconditionally and irrevocably in love with him. Deeply seductive and extraordinarily suspenseful, Twilight is a love story with bite."
170448,Animal Farm,3706,4.02,4668239,141047,141,English,1996,72924,"Librarian's note: There is an Alternate Cover Edition for this edition of this book here. A farm is taken over by its overworked, mistreated animals. With flaming idealism and stirring slogans, they set out to create a paradise of progress, justice, and equality. Thus the stage is set for one of the most telling satiric fables ever penned –a razor-edged fairy tale for grown-ups that records the evolution from revolution against tyranny to a totalitarianism just as terrible. When Animal Farm was first published, Stalinist Russia was seen as its target. Today it is devastatingly clear that wherever and whenever freedom is attacked, under whatever banner, the cutting clarity and savage comedy of George Orwell’s masterpiece have a meaning and message still ferociously fresh."
30,J.R.R. Tolkien 4-Book Boxed Set: The Hobbit and The Lord of the Rings,656983,4.62,145873,2536,1728,English,2012,3201,"These magical adaptations became instant classics when they were first broadcast on BBC Radio 4, and continue to delight today. Tolkien's epic tale of Middle-earth has all the classic ingredients of fantasy and adventure: dwarves, elves, goblins and trolls, a terrifying dragon, a great wizard, a fearsome evil, a perilous quest and a dramatic climax. With an all-star cast including Ian Holm, Michael Hordern, Robert Stephens, John le Mesurier and Bill Nighy, these enchanting dramatisations are a must for all Tolkien fans. 'For those who find the books too long-winded and the films too noisy, this is the perfect way to assimilate the myth and magic of Middle-earth' - Guardian. 19 CDs. 17 hrs 30 mins."
11127,"The Chronicles of Narnia (The Chronicles of Narnia, #1-7)",1069006,4.28,715275,13754,767,English,2014,15842,"Librarian note: An alternate cover for this edition can be found here: 2005. Journeys to the end of the world, fantastic creatures, and epic battles between good and evil—what more could any reader ask for in one book? The book that has it all is The Lion, the Witch and the Wardrobe, written in 1949 by Clive Staples Lewis. But Lewis did not stop there. Six more books followed, and together they became known as The Chronicles of Narnia. For the past fifty years, The Chronicles of Narnia have transcended the fantasy genre to become part of the canon of classic literature. Each of the seven books is a masterpiece, drawing the reader into a land where magic meets reality, and the result is a fictional world whose scope has fascinated generations. This edition presents all seven books—unabridged—in one impressive volume. The books are presented here in chronlogical order, each chapter graced with an illustration by the original artist, Pauline Baynes. Deceptively simple and direct, The Chronicles of Narnia continue to captivate fans with adventures, characters, and truths that speak to readers of all ages, even fifty years after they were first published."
11870085,The Fault in Our Stars,1406384,4.12,5795872,189238,313,English,2012,68643,"Despite the tumor-shrinking medical miracle that has bought her a few years, Hazel has never been anything but terminal, her final chapter inscribed upon diagnosis. But when a gorgeous plot twist named Augustus Waters suddenly appears at Cancer Kid Support Group, Hazel's story is about to be completely rewritten. Insightful, bold, irreverent, and raw, The Fault in Our Stars is award-winning author John Green's most ambitious and heartbreaking work yet, brilliantly exploring the funny, thrilling, and tragic business of being alive and in love."
5297,The Picture of Dorian Gray,3565,4.13,1934815,102486,272,English,2004,126511,"In this celebrated work, his only novel, Wilde forged a devastating portrait of the effects of evil and debauchery on a young aesthete in late-19th-century England. Combining elements of the Gothic horror novel and decadent French fiction, the book centers on a striking premise: As Dorian Gray sinks into a life of crime and gross sensuality, his body retains perfect youth and vigor while his recently painted portrait grows day by day into a hideous record of evil, which he must keep hidden from the world. For over a century, this mesmerizing tale of horror and suspense has enjoyed wide popularity. It ranks as one of Wilde's most important creations and among the classic achievements of its kind."
28187,"The Lightning Thief (Percy Jackson and the Olympians, #1)",15872,4.31,3496076,121731,377,English,2005,67857,"Alternate cover for this ISBN can be found here Percy Jackson is a good kid, but he can't seem to focus on his schoolwork or control his temper. And lately, being away at boarding school is only getting worse - Percy could have sworn his pre-algebra teacher turned into a monster and tried to kill him. When Percy's mom finds out, she knows it's time that he knew the truth about where he came from, and that he go to the one place he'll be safe. She sends Percy to Camp Half Blood, a summer camp for demigods (on Long Island), where he learns that the father he never knew is Poseidon, God of the Sea. Soon a mystery unfolds and together with his friends—one a satyr and the other the demigod daughter of Athena - Percy sets out on a quest across the United States to reach the gates of the Underworld (located in a recording studio in Hollywood) and prevent a catastrophic war between the gods."
6185,Wuthering Heights,4191,3.89,2221722,118406,464,English,2002,195340,"You can find the redesigned cover of this edition HERE. At the centre of this novel is the passionate love between Catherine Earnshaw and Heathcliff - recounted with such emotional intensity that a plain tale of the Yorkshire moors acquires the depth and simplicity of ancient tragedy. This best-selling Norton Critical Edition is based on the 1847 first edition of the novel. For the Fourth Edition, the editor has collated the 1847 text with several modern editions and has corrected a number of variants, including accidentals. The text is accompanied by entirely new explanatory annotations. New to the fourth Edition are twelve of Emily Bronte's letters regarding the publication of the 1847 edition of Wuthering Heights as well as the evolution of the 1850 edition, prose and poetry selections by the author, four reviews of the novel, and poetry selections by the author, four reviews of the novel, and Edward Chitham's insightful and informative chronology of the creative process behind the beloved work. Five major critical interpretations of Wuthering Heights are included, three of them new to the Fourth Edition. A Stuart Daley considers the importance of chronology in the novel. J. Hillis Miller examines Wuthering Heights's problems of genre and critical reputation. Sandra M. Gilbert assesses the role of Victorian Christianity plays in the novel, while Martha Nussbaum traces the novel's romanticism. Finally, Lin Haire-Sargeant scrutinizes the role of Heathcliff in film adaptations of Wuthering Heights. A Chronology and updated Selected Bibliography are also included."
370493,The Giving Tree,435477,4.39,1249164,24496,64,English,,7353,"""Once there was a tree...and she loved a little boy."" So begins a story of unforgettable perception, beautifully written and illustrated by the gifted and versatile Shel Silverstein. Every day the boy would come to the tree to eat her apples, swing from her branches, or slide down her trunk...and the tree was happy. But as the boy grew older he began to want more from the tree, and the tree gave and gave and gave. This is a tender story, touched with sadness, aglow with consolation. Shel Silverstein has created a moving parable for readers of all ages that offers an affecting interpretation of the gift of giving and a serene acceptance of another's capacity to love in return."
2,"Harry Potter and the Order of the Phoenix (Harry Potter, #5)",1077326,4.5,3856441,80331,870,English,2003,92198,"The fifth book in the beloved, bestselling Harry Potter series, now illustrated in glorious full color by award-winning artist Jim Kay in a deluxe jacketed hardcover edition with illustrated end papers and a ribbon bookmark. A gift to be treasured by Harry Potter fans and book lovers of all ages! There is a door at the end of a silent corridor. And it's haunting Harry Potter's dreams. Why else would he be waking in the middle of the night, screaming in terror? It's not just the upcoming O.W.L. exams; a new teacher with a personality like poisoned honey; a venomous, disgruntled house-elf; or even the growing threat of He-Who-Must-Not-Be-Named. Now Harry Potter is faced with the unreliability of the very government of the magical world and the impotence of the authorities at Hogwarts. Despite this (or perhaps because of it), he finds depth and strength in his friends, beyond what even he knew; boundless loyalty; and unbearable sacrifice. This stunning illustrated edition brings together the talents of award-winning artists Jim Kay and Neil Packer in a visual feast, featuring iconic scenes and much loved characters -- Tonks, Luna Love good, and many more -- as the Order of the Phoenix keeps watch over Harry Potter’s fifth year at Hogwarts. With its oversized format, high-quality paper, ribbon bookmark, and color on nearly every page, this edition is the perfect gift for Harry Potter fans and book lovers of all ages."
22628,The Perks of Being a Wallflower,12898,4.24,2032241,110864,213,English,1999,37684,"standing on the fringes of life... offers a unique perspective. But there comes a time to see what it looks like from the dance floor. This haunting novel about the dilemma of passivity vs. passion marks the stunning debut of a provocative new voice in contemporary fiction: The Perks of Being A WALLFLOWER This is the story of what it's like to grow up in high school. More intimate than a diary, Charlie's letters are singular and unique, hilarious and devastating. We may not know where he lives. We may not know to whom he is writing. All we know is the world he shares. Caught between trying to live his life and trying to run from it puts him on a strange course through uncharted territory. The world of first dates and mixed tapes, family dramas and new friends. The world of sex, drugs, and The Rocky Horror Picture Show, when all one requires is that the perfect song on that perfect drive to feel infinite. Through Charlie, Stephen Chbosky has created a deeply affecting coming-of-age story, a powerful novel that will spirit you back to those wild and poignant roller coaster days known as growing up. (back cover)"
18405,Gone with the Wind,11081,4.31,1263774,27554,1037,English,1993,21673,"Scarlett O'Hara, the beautiful, spoiled daughter of a well-to-do Georgia plantation owner, must use every means at her disposal to claw her way out of the poverty she finds herself in after Sherman's March to the Sea."
157993,The Little Prince,1020792,4.33,2535668,88345,96,English,2000,43526,"A pilot forced to land in the Sahara meets a little prince. The wise and enchanting stories the prince tells of his own planet with its three volcanoes and a haughty flower are unforgettable. A strange and wonderful parable for all ages, with super illustrations by the author."
10210,Jane Eyre,1036615,4.16,2365641,84051,532,English,2003,97773,"Alternate editions can be found here and here. A gothic masterpiece of tempestuous passions and dark secrets, Charlotte Brontë's Jane Eyre is edited with an introduction and notes by Stevie Davis in Penguin Classics. Charlotte Brontë tells the story of orphaned Jane Eyre, who grows up in the home of her heartless aunt, enduring loneliness and cruelty. This troubled childhood strengthens Jane's natural independence and spirit - which prove necessary when she finds employment as a governess to the young ward of Byronic, brooding Mr Rochester. As her feelings for Rochester develop, Jane gradually uncovers Thornfield Hall's terrible secret, forcing her to make a choice. Should she stay with Rochester and live with the consequences, or follow her convictions - even if it means leaving the man she loves? A novel of intense power and intrigue, Jane Eyre dazzled readers with its passionate depiction of a woman's search for equality and freedom."
4671,The Great Gatsby,3190,3.93,6019162,134224,180,English,2025,84489,"Alternate covers of this ISBN can be found here, here and here. The only edition of the beloved classic that is authorized by Fitzgerald’s family and from his lifelong publisher. This edition is the enduring original text, updated with the author’s own revisions, a foreword by his granddaughter, and with a new introduction by National Book Award winner Jesmyn Ward. The Great Gatsby, F. Scott Fitzgerald’s third book, stands as the supreme achievement of his career. First published by Scribner in 1925, this quintessential novel of the Jazz Age has been acclaimed by generations of readers. The story of the mysteriously wealthy Jay Gatsby and his love for the beautiful Daisy Buchanan is an exquisitely crafted tale of America in the 1920s."
7144,Crime and Punishment,3137322,4.29,1115515,54856,671,English,2002,146314,"Raskolnikov, a destitute and desperate former student, wanders through the slums of St Petersburg and commits a random murder without remorse or regret. He imagines himself to be a great man, a Napoleon: acting for a higher purpose beyond conventional moral law. But as he embarks on a dangerous game of cat-and-mouse with Porfiry, a suspicious detective, Raskolnikov is pursued by the growing voice of his conscience and finds the noose of his own guilt tightening around his neck. Only Sonya, a downtrodden prostitute, can offer the chance of redemption. As the ensuing investigation and trial reveal the true identity of the murderer, Dostoyevsky's dark masterpiece evokes a world where the lines between innocence and corruption, good and evil, blur and everyone's faith in humanity is tested."
968,"The Da Vinci Code (Robert Langdon, #2)",630,3.94,2553477,61216,489,English,2003,28436,"This is an alternate cover for 9780307277671. Others can be found: here, here, here, here, and here While in Paris on business, Harvard symbologist Robert Langdon receives an urgent late-night phone call: the elderly curator of the Louvre has been murdered inside the museum. Near the body, police have found a baffling cipher. While working to solve the enigmatic riddle, Langdon is stunned to discover it leads to a trail of clues hidden in the works of Da Vinci -- clues visible for all to see -- yet ingeniously disguised by the painter. Langdon joins forces with a gifted French cryptologist, Sophie Neveu, and learns the late curator was involved in the Priory of Sion -- an actual secret society whose members included Sir Isaac Newton, Botticelli, Victor Hugo, and Da Vinci, among others. In a breathless race through Paris, London, and beyond, Langdon and Neveu match wits with a faceless powerbroker who seems to anticipate their every move. Unless Langdon and Neveu can decipher the labyrinthine puzzle in time, the Priory's ancient secret -- and an explosive historical truth -- will be lost forever. The Da Vinci Code heralds the arrival of a new breed of lightning-paced, intelligent thriller utterly unpredictable right up to its stunning conclusion."
24213,Alice’s Adventures in Wonderland / Through the Looking-Glass,8164,4.06,616205,18492,239,English,2000,25644,"""I can't explain myself, I'm afraid, sir,"" said Alice, ""Because I'm not myself, you see."" When Alice sees a white rabbit take a watch out of its waistcoat pocket she decides to follow it, and a sequence of most unusual events is set in motion. This mini book contains the entire topsy-turvy stories of Alice's Adventures in Wonderland and Through the Looking-Glass, accompanied by practical notes and Martina Pelouso's memorable full-colour illustrations."
13335037,"Divergent (Divergent, #1)",4039811,4.13,4429569,128529,487,English,2012,48024,"She turns to the future in a world that’s falling apart. The No. 1 New York Times bestseller DIVERGENT – also a major motion picture. For sixteen-year-old Tris, the world changes in a heartbeat when she is forced to make a terrible choice. Turning her back on her family, Tris ventures out, alone, determined to find out where she truly belongs. Shocked by the brutality of her new life, Tris can trust no one. And yet she is drawn to a boy who seems to both threaten and protect her. The hardest choices may yet lie ahead…. The first book in the DIVERGENT series that has swept the globe – selling millions of copies world-wide."
24280,Les Misérables,13661,4.21,852582,26111,1488,English,1987,90390,"Victor Hugo's tale of injustice, heroism and love follows the fortunes of Jean Valjean, an escaped convict determined to put his criminal past behind him. But his attempts to become a respected member of the community are constantly put under threat: by his own conscience, when, owing to a case of mistaken identity, another man is arrested in his place; and by the relentless investigations of the dogged Inspector Javert. It is not simply for himself that Valjean must stay free, however, for he has sworn to protect the baby daughter of Fantine, driven to prostitution by poverty."
929,Memoirs of a Geisha,614,4.16,2126036,39965,503,English,2005,15039,"A literary sensation and runaway bestseller, this brilliant novel presents with seamless authenticity and exquisite lyricism the true confessions of one of Japan's most celebrated geisha. In ""Memoirs of a Geisha,"" we enter a world where appearances are paramount; where a girl's virginity is auctioned to the highest bidder; where women are trained to beguile the most powerful men; and where love is scorned as illusion. It is a unique and triumphant work of fiction - at once romantic, erotic, suspenseful - and completely unforgettable."
8127,"Anne of Green Gables (Anne of Green Gables, #1)",5350,4.33,1133002,49478,320,English,2003,31453,"This heartwarming story has beckoned generations of readers into the special world of Green Gables, an old-fashioned farm outside a town called Avonlea. Anne Shirley, an eleven-year-old orphan, has arrived in this verdant corner of Prince Edward Island only to discover that the Cuthberts—elderly Matthew and his stern sister, Marilla—want to adopt a boy, not a feisty redheaded girl. But before they can send her back, Anne—who simply must have more scope for her imagination and a real home—wins them over completely. A much-loved classic that explores all the vulnerability, expectations, and dreams of a child growing up, Anne of Green Gables is also a wonderful portrait of a time, a place, a family… and, most of all, love. WITH AN AFTERWORD BY JENNIFER LEE CARELL"
865,The Alchemist,566,3.92,3653742,151860,197,English,1988,111306,"Paulo Coelho's masterpiece tells the mystical story of Santiago, an Andalusian shepherd boy who yearns to travel in search of a worldly treasure. His quest will lead him to riches far different, and far more satisfying, listening to our hearts, of recognizing opportunity and learning to read the omens strewn along life's path, and, most importantly, to follow our dreams."
7624,Lord of the Flies,306,3.7,3251040,69592,182,English,1999,46147,"At the dawn of the next world war, a plane crashes on an uncharted island, stranding a group of schoolboys. At first, with no adult supervision, their freedom is something to celebrate; this far from civilization the boys can do anything they want. Anything. They attempt to forge their own society, failing, however, in the face of terror, sin and evil. And as order collapses, as strange howls echo in the night, as terror begins its reign, the hope of adventure seems as far from reality as the hope of being rescued. Labeled a parable, an allegory, a myth, a morality tale, a parody, a political treatise, even a vision of the apocalypse, Lord of the Flies is perhaps our most memorable novel about “the end of innocence, the darkness of man’s heart.”"
18135,Romeo and Juliet,947,3.74,2854373,39269,281,English,2002,69500,"In Romeo and Juliet, Shakespeare creates a violent world, in which two young people fall in love. It is not simply that their families disapprove; the Montagues and the Capulets are engaged in a blood feud. In this death-filled setting, the movement from love at first sight to the lovers’ final union in death seems almost inevitable. And yet, this play set in an extraordinary world has become the quintessential story of young love. In part because of its exquisite language, it is easy to respond as if it were about all young lovers."
5129,Brave New World,3487,3.98,2112144,63749,288,English,1998,58590,"Brave New World is a dystopian social science fiction novel by English author Aldous Huxley. Largely set in a futuristic World State, whose citizens are environmentally engineered into an intelligence-based social hierarchy, the novel anticipates huge scientific advancements in reproductive technology, sleep-learning, psychological manipulation and classical conditioning that are combined to make a dystopian society which is challenged by only a single individual: the story's protagonist."
11,"The Hitchhiker’s Guide to the Galaxy (Hitchhiker's Guide to the Galaxy, #1)",4,4.22,2043523,57805,216,English,2005,42377,"Seconds before the Earth is demolished to make way for a galactic freeway, Arthur Dent is plucked off the planet by his friend Ford Prefect, a researcher for the revised edition of The Hitchhiker's Guide to the Galaxy who, for the last fifteen years, has been posing as an out-of-work actor. Together this dynamic pair begin a journey through space aided by quotes from The Hitchhiker's Guide (""A towel is about the most massively useful thing an interstellar hitchhiker can have"") and a galaxy-full of fellow travelers: Zaphod Beeblebrox--the two-headed, three-armed ex-hippie and totally out-to-lunch president of the galaxy; Trillian, Zaphod's girlfriend (formally Tricia McMillan), whom Arthur tried to pick up at a cocktail party once upon a time zone; Marvin, a paranoid, brilliant, and chronically depressed robot; Veet Voojagig, a former graduate student who is obsessed with the disappearance of all the ballpoint pens he bought over the years. Where are these pens? Why are we born? Why do we die? Why do we spend so much time between wearing digital watches? For all the answers stick your thumb to the stars. And don't forget to bring a towel!"
256683,"City of Bones (The Mortal Instruments, #1)",150038,4.06,2191317,83541,485,English,2007,39268,"When fifteen-year-old Clary Fray heads out to the Pandemonium Club in New York City, she hardly expects to witness a murder—much less a murder committed by three teenagers covered with strange tattoos and brandishing bizarre weapons. Then the body disappears into thin air. It’s hard to call the police when the murderers are invisible to everyone else and when there is nothing—not even a smear of blood—to show that a boy has died. Or was he a boy? This is Clary’s first meeting with the Shadowhunters, warriors dedicated to ridding the earth of demons. It’s also her first encounter with Jace, a Shadowhunter who looks a little like an angel and acts a lot like a jerk. Within twenty-four hours Clary is pulled into Jace’s world with a vengeance, when her mother disappears and Clary herself is attacked by a demon. But why would demons be interested in ordinary mundanes like Clary and her mother? And how did Clary suddenly get the Sight? The Shadowhunters would like to know..."
4667024,The Help,1943477,4.47,3054277,94847,451,English,2009,25807,"Three ordinary women are about to take one extraordinary step. Twenty-two-year-old Skeeter has just returned home after graduating from Ole Miss. She may have a degree, but it is 1962, Mississippi, and her mother will not be happy till Skeeter has a ring on her finger. Skeeter would normally find solace with her beloved maid Constantine, the woman who raised her, but Constantine has disappeared and no one will tell Skeeter where she has gone. Aibileen is a black maid, a wise, regal woman raising her seventeenth white child. Something has shifted inside her after the loss of her own son, who died while his bosses looked the other way. She is devoted to the little girl she looks after, though she knows both their hearts may be broken. Minny, Aibileen's best friend, is short, fat, and perhaps the sassiest woman in Mississippi. She can cook like nobody's business, but she can't mind her tongue, so she's lost yet another job. Minny finally finds a position working for someone too new to town to know her reputation. But her new boss has secrets of her own. Seemingly as different from one another as can be, these women will nonetheless come together for a clandestine project that will put them all at risk. And why? Because they are suffocating within the lines that define their town and their times. And sometimes lines are made to be crossed. In pitch-perfect voices, Kathryn Stockett creates three extraordinary women whose determination to start a movement of their own forever changes a town, and the way women, mothers, daughters, caregivers, friends, view one another. A deeply moving novel filled with poignancy, humor, and hope, The Help is a timeless and universal story about the lines we abide by, and the ones we don't. Librarian's note: An alternate cover edition can be found here"
17245,Dracula,6988,4.02,1506979,65349,488,English,1986,91505,"You can find an alternative cover edition for this ISBN here and here. When Jonathan Harker visits Transylvania to help Count Dracula with the purchase of a London house, he makes a series of horrific discoveries about his client. Soon afterwards, various bizarre incidents unfold in England: an apparently unmanned ship is wrecked off the coast of Whitby; a young woman discovers strange puncture marks on her neck; and the inmate of a lunatic asylum raves about the 'Master' and his imminent arrival. In Dracula, Bram Stoker created one of the great masterpieces of the horror genre, brilliantly evoking a nightmare world of vampires and vampire hunters and also illuminating the dark corners of Victorian sexuality and desire. This Norton Critical Edition includes a rich selection of background and source materials in three areas: Contexts includes probable inspirations for Dracula in the earlier works of James Malcolm Rymer and Emily Gerard. Also included are a discussion of Stoker's working notes for the novel and ""Dracula's Guest,"" the original opening chapter to Dracula. Reviews and Reactions reprints five early reviews of the novel. ""Dramatic and Film Variations"" focuses on theater and film adaptations of Dracula, two indications of the novel's unwavering appeal. David J. Skal, Gregory A. Waller, and Nina Auerbach offer their varied perspectives. Checklists of both dramatic and film adaptations are included. Criticism collects seven theoretical interpretations of Dracula by Phyllis A. Roth, Carol A. Senf, Franco Moretti, Christopher Craft, Bram Dijkstra, Stephen D. Arata, and Talia Schaffer. A Chronology and a Selected Bibliography are included."
40961427,1984,3706,4.2,5601652,163244,298,English,2013,249817,"1984 tells us about a world ruled by a totalitarian in the novel, society is dominated by ""Big Brother,"" a mysterious character whom no one has ever met in person and who constantly spies on citizens' lives through the use of special telescreens. In this world where freedom has been completely abolished, the protagonist of the novel, Winston Smith, decides to rebel and, although aware that this is considered a highly subversive activity, begins to write a diary. And when Winston falls in love with Julia, he must choose whether to submit to power or fight for a different world, one in which history is not rewritten by the ruling Party and in which even people's thoughts are controlled. 1984 is one of the greatest political novels of the last century, capable of shaking our conscience with its visionary nature. It is both a denunciation of totalitarianism and a strenuous defense of individual integrity. The entire novel focuses on the contradictions of power, the conflict between the individual and society, and the deceptions of utopia. Never before, in the age of the Internet, has it been so surprisingly relevant."
13079982,Fahrenheit 451,1630,3.97,2907408,99982,249,English,2011,55988,"Nearly seventy years after its original publication, Ray Bradbury’s internationally acclaimed novel Fahrenheit 451 stands as a classic of world literature set in a bleak, dystopian future. Today its message has grown more relevant than ever before. Guy Montag is a fireman. His job is to destroy the most illegal of commodities, the printed book, along with the houses in which they are hidden. Montag never questions the destruction and ruin his actions produce, returning each day to his bland life and wife, Mildred, who spends all day with her television “family.” But when he meets an eccentric young neighbor, Clarisse, who introduces him to a past where people didn’t live in fear and to a present where one sees the world through the ideas in books instead of the mindless chatter of television, Montag begins to question everything he has ever known."
24178,Charlotte’s Web,988142,4.21,2073911,27609,184,English,2001,17483,"This beloved book by E. B. White, author of Stuart Little and The Trumpet of the Swan, is a classic of children's literature that is ""just about perfect."" This high-quality paperback features vibrant illustrations colorized by Rosemary Wells! Some Pig. Humble. Radiant. These are the words in Charlotte's Web, high up in Zuckerman's barn. Charlotte's spiderweb tells of her feelings for a little pig named Wilbur, who simply wants a friend. They also express the love of a girl named Fern, who saved Wilbur's life when he was born the runt of his litter. E. B. White's Newbery Honor Book is a tender novel of friendship, love, life, and death that will continue to be enjoyed by generations to come. This edition contains newly color illustrations by Garth Williams, the acclaimed illustrator of E. B. White's Stuart Little and Laura Ingalls Wilder's Little House series, among many other books."
890,Of Mice and Men,585,3.9,2887084,68884,107,English,2002,18135,"“I got you to look after me, and you got me to look after you, and that's why.” They are an unlikely pair: George is ""small and quick and dark of face""; Lennie, a man of tremendous size, has the mind of a young child. Yet they have formed a ""family,"" clinging together in the face of loneliness and alienation. Laborers in California's dusty vegetable fields, they hustle work when they can, living a hand-to-mouth existence. But George and Lennie have a plan: to own an acre of land and a shack they can call their own. While the powerlessness of the laboring class is a recurring theme in Steinbeck's work of the late 1930s, he narrowed his focus when composing Of Mice and Men, creating an intimate portrait of two men facing a world marked by petty tyranny, misunderstanding, jealousy, and callousness. But though the scope is narrow, the theme is universal: a friendship and a shared dream that makes an individual's existence meaningful. A unique perspective on life's hardships, this story has achieved the status of timeless classic due to its remarkable success as a novel, a Broadway play, and three acclaimed films."
375802,"Ender’s Game (Ender's Saga, #1)",589,4.31,1487670,54468,324,English,2004,19503,"From New York Times bestselling author Orson Scott Card, Ender's Game―adapted to film starring Asa Butterfield and Harrison Ford―is the classic Hugo and Nebula award-winning science fiction novel of a young boy's recruitment into the midst of an interstellar war. In order to develop a secure defense against a hostile alien race's next attack, government agencies breed child geniuses and train them as soldiers. A brilliant young boy, Andrew ""Ender"" Wiggin lives with his kind but distant parents, his sadistic brother Peter, and the person he loves more than anyone else, his sister Valentine. Peter and Valentine were candidates for the soldier-training program but didn't make the cut―young Ender is the Wiggin drafted to the orbiting Battle School for rigorous military training. Ender's skills make him a leader in school and respected in the Battle Room, where children play at mock battles in zero gravity. Yet growing up in an artificial community of young soldiers Ender suffers greatly from isolation, rivalry from his peers, pressure from the adult teachers, and an unsettling fear of the alien invaders. His psychological battles include loneliness, fear that he is becoming like the cruel brother he remembers, and fanning the flames of devotion to his beloved sister. Is Ender the general Earth needs? But Ender is not the only result of the genetic experiments. The war with the Buggers has been raging for a hundred years, and the quest for the perfect general has been underway for almost as long. Ender's two older siblings are every bit as unusual as he is, but in very different ways. Between the three of them lie the abilities to remake a world. If, that is, the world survives. Orson Scott Card's Ender's Game is the winner of the 1985 Nebula Award for Best Novel and the 1986 Hugo Award for Best Novel."
5107,The Catcher in the Rye,819789,3.8,3948002,105507,277,English,2001,47276,"It's Christmas time and Holden Caulfield has just been expelled from yet another school... Fleeing the crooks at Pencey Prep, he pinballs around New York City seeking solace in fleeting encounters—shooting the bull with strangers in dive hotels, wandering alone round Central Park, getting beaten up by pimps and cut down by erstwhile girlfriends. The city is beautiful and terrible, in all its neon loneliness and seedy glamour, its mingled sense of possibility and emptiness. Holden passes through it like a ghost, thinking always of his kid sister Phoebe, the only person who really understands him, and his determination to escape the phonies and find a life of true meaning. The Catcher in the Rye is an all-time classic in coming-of-age literature- an elegy to teenage alienation, capturing the deeply human need for connection and the bewildering sense of loss as we leave childhood behind. J.D. Salinger's (1919–2010) classic novel of teenage angst and rebellion was first published in 1951. The novel was included on Time's 2005 list of the 100 best English-language novels written since 1923. It was named by Modern Library and its readers as one of the 100 best English-language novels of the 20th century. It has been frequently challenged in the court for its liberal use of profanity and portrayal of sexuality and in the 1950's and 60's it was the novel that every teenage boy wants to read."
1934,"Little Women (Little Women, #1)",1315,4.17,2499078,67389,449,English,2004,118064,"This is an alternate cover edition of ISBN 9780451529305. Generations of readers young and old, male and female, have fallen in love with the March sisters of Louisa May Alcott’s most popular and enduring novel, Little Women. Here are talented tomboy and author-to-be Jo, tragically frail Beth, beautiful Meg, and romantic, spoiled Amy, united in their devotion to each other and their struggles to survive in New England during the Civil War. It is no secret that Alcott based Little Women on her own early life. While her father, the freethinking reformer and abolitionist Bronson Alcott, hobnobbed with such eminent male authors as Emerson, Thoreau, and Hawthorne, Louisa supported herself and her sisters with ""woman’s work,” including sewing, doing laundry, and acting as a domestic servant. But she soon discovered she could make more money writing. Little Women brought her lasting fame and fortune, and far from being the ""girl’s book” her publisher requested, it explores such timeless themes as love and death, war and peace, the conflict between personal ambition and family responsibilities, and the clash of cultures between Europe and America."
231804,The Outsiders,762707,4.15,1643494,60107,208,English,1997,21935,"The Outsiders is about two weeks in the life of a 14-year-old boy. The novel tells the story of Ponyboy Curtis and his struggles with right and wrong in a society in which he believes that he is an outsider. According to Ponyboy, there are two kinds of people in the world: greasers and socs. A soc (short for ""social"") has money, can get away with just about anything, and has an attitude longer than a limousine. A greaser, on the other hand, always lives on the outside and needs to watch his back. Ponyboy is a greaser, and he's always been proud of it, even willing to rumble against a gang of socs for the sake of his fellow greasers--until one terrible night when his friend Johnny kills a soc. The murder gets under Ponyboy's skin, causing his bifurcated world to crumble and teaching him that pain feels the same whether a soc or a greaser. Librarian note: This record is for one of the three editions published with different covers and with ISBN 0-140-38572-X / 978-0-14-038572-4. The records are for the 1988 cover (this record), the 1995 cover, and the 2008 cover which is also the current in-print cover."
320,One Hundred Years of Solitude,13450,4.12,1125198,61326,417,English,2003,75923,"Probably Garcí­a Márquez finest and most famous work. One Hundred Years of Solitude tells the story of the rise and fall, birth and death of a mythical town of Macondo through the history of the Buendia family. Inventive, amusing, magnetic, sad, alive with unforgettable men and women, and with a truth and understanding that strike the soul. One Hundred Years of Solitude is a masterpiece of the art of fiction."
128029,A Thousand Splendid Suns,569,4.46,1772134,96692,372,English,2007,43847,"Mariam is only fifteen when she is sent to Kabul to marry the troubled and bitter Rasheed, who is thirty years her senior. Nearly two decades later, in a climate of growing unrest, tragedy strikes fifteen-year-old Laila, who must leave her home and join Mariam's unhappy household. Laila and Mariam are to find consolation in each other, their friendship to grow as deep as the bond between sisters, as strong as the ties between mother and daughter. With the passing of time comes Taliban rule over Afghanistan, the streets of Kabul loud with the sound of gunfire and bombs, life a desperate struggle against starvation, brutality and fear, the women's endurance tested beyond their worst imaginings. Yet love can move people to act in unexpected ways, lead them to overcome the most daunting obstacles with a startling heroism. In the end it is love that triumphs over death and destruction. A Thousand Splendid Suns is a portrait of a wounded country and a story of family and friendship, of an unforgiving time, an unlikely bond, and an indestructible love."
2998,The Secret Garden,2041,4.17,1315607,35513,331,English,1998,28000,"In a house full of sadness and secrets, can young, orphaned Mary find happiness? Mary Lennox, a spoiled, ill-tempered, and unhealthy child, comes to live with her reclusive uncle in Misselthwaite Manor on England’s Yorkshire moors after the death of her parents. There she meets a hearty housekeeper and her spirited brother, a dour gardener, a cheerful robin, and her wilful, hysterical, and sickly cousin, Master Colin, whose wails she hears echoing through the house at night. With the help of the robin, Mary finds the door to a secret garden, neglected and hidden for years. When she decides to restore the garden in secret, the story becomes a charming journey into the places of the heart, where faith restores health, flowers refresh the spirit, and the magic of the garden, coming to life anew, brings health to Colin and happiness to Mary."
21787,The Princess Bride,12521,4.27,955551,31394,429,English,2003,20665,"What happens when the most beautiful girl in the world marries the handsomest prince of all time and he turns out to be...well...a lot less than the man of her dreams? As a boy, William Goldman claims, he loved to hear his father read the S. Morgenstern classic, The Princess Bride. But as a grown-up he discovered that the boring parts were left out of good old Dad's recitation, and only the ""good parts"" reached his ears. Now Goldman does Dad one better. He's reconstructed the ""Good Parts Version"" to delight wise kids and wide-eyed grownups everywhere. What's it about? Fencing. Fighting. True Love. Strong Hate. Harsh Revenge. A Few Giants. Lots of Bad Men. Lots of Good Men. Five or Six Beautiful Women. Beasties Monstrous and Gentle. Some Swell Escapes and Captures. Death, Lies, Truth, Miracles, and a Little Sex. In short, it's about everything."
13496,"A Game of Thrones (A Song of Ice and Fire, #1)",346732,4.45,2771647,73670,835,English,2005,133761,"Long ago, in a time forgotten, a preternatural event threw the seasons out of balance. In a land where summers can last decades and winters a lifetime, trouble is brewing. The cold is returning, and in the frozen wastes to the north of Winterfell, sinister forces are massing beyond the kingdom’s protective Wall. To the south, the king’s powers are failing—his most trusted adviser dead under mysterious circumstances and his enemies emerging from the shadows of the throne. At the center of the conflict lie the Starks of Winterfell, a family as harsh and unyielding as the frozen land they were born to. Now Lord Eddard Stark is reluctantly summoned to serve as the king’s new Hand, an appointment that threatens to sunder not only his family but the kingdom itself. Sweeping from a harsh land of cold to a summertime kingdom of epicurean plenty, A Game of Thrones tells a tale of lords and ladies, soldiers and sorcerers, assassins and bastards, who come together in a time of grim omens. Here an enigmatic band of warriors bear swords of no human metal; a tribe of fierce wildlings carry men off into madness; a cruel young dragon prince barters his sister to win back his throne; a child is lost in the twilight between life and death; and a determined woman undertakes a treacherous journey to protect all she holds dear. Amid plots and counter-plots, tragedy and betrayal, victory and terror, allies and enemies, the fate of the Starks hangs perilously in the balance, as each side endeavors to win that deadliest of conflicts: the game of thrones."
18619684,The Time Traveler's Wife,498072,4.0,1868310,57621,537,English,2013,15703,"This is the extraordinary love story of Clare and Henry, who met when Clare was six and Henry was thirty-six, and were married when Clare was twenty-two and Henry was thirty. Impossible but true, because Henry suffers from a rare condition where his genetic clock periodically resets and he finds himself pulled suddenly into his past or future. In the face of this force they can neither prevent nor control, Henry and Clare’s struggle to lead normal lives is both intensely moving and entirely unforgettable."
136251,"Harry Potter and the Deathly Hallows (Harry Potter, #7)",1077326,4.62,4165299,101563,759,English,2007,56821,"Harry has been burdened with a dark, dangerous and seemingly impossible task: that of locating and destroying Voldemort's remaining Horcruxes. Never has Harry felt so alone, or faced a future so full of shadows. But Harry must somehow find within himself the strength to complete the task he has been given. He must leave the warmth, safety and companionship of The Burrow and follow without fear or hesitation the inexorable path laid out for him... In this final, seventh installment of the Harry Potter series, J.K. Rowling unveils in spectacular fashion the answers to the many questions that have been so eagerly awaited."
35031085,Frankenstein: The 1818 Text,11139,3.92,1947082,98644,260,English,2018,90073,"Mary Shelley's seminal novel of the scientist whose creation becomes a monster. This edition is the original 1818 text, which preserves the hard-hitting and politically charged aspects of Shelley's original writing, as well as her unflinching wit and strong female voice. This edition also includes a new introduction and suggestions for further reading by author and Shelley expert Charlotte Gordon, literary excerpts and reviews selected by Gordon and a chronology and essay by preeminent Shelley scholar Charles E. Robinson."
1381,The Odyssey,903,3.84,1217936,27822,541,English,2006,55518,"Sing to me of the man, Muse, the man of twists and turns driven time and again off course, once he had plundered the hallowed heights of Troy. So begins Robert Fagles' magnificent translation of the Odyssey. If the Iliad is the world's greatest war epic, then the Odyssey is literature's grandest evocation of everyman's journey though life. Odysseus' reliance on his wit and wiliness for survival in his encounters with divine and natural forces, during his ten-year voyage home to Ithaca after the Trojan War, is at once a timeless human story and an individual test of moral endurance. In the myths and legends that are retold here, Fagles has captured the energy and poetry of Homer's original in a bold, contemporary idiom, and given us an Odyssey to read aloud, to savor, and to treasure for its sheer lyrical mastery. Renowned classicist Bernard Knox's superb Introduction and textual commentary provide new insights and background information for the general reader and scholar alike, intensifying the strength of Fagles' translation. This is an Odyssey to delight both the classicist and the public at large, and to captivate a new generation of Homer's students. -- Robert Fagles, winner of the PEN/Ralph Manheim Medal for Translation and a 1996 Academy Award in Literature from the American Academy of Arts and Letters, presents us with Homer's best-loved and most accessible poem in a stunning new modern-verse translation."
2429135,"The Girl With the Dragon Tattoo (Millennium, #1)",706255,4.18,3485073,85165,480,English,2008,39278,"Harriet Vanger, a scion of one of Sweden’s wealthiest families disappeared over forty years ago. All these years later, her aged uncle continues to seek the truth. He hires Mikael Blomkvist, a crusading journalist recently trapped by a libel conviction, to investigate. He is aided by the pierced and tattooed punk prodigy Lisbeth Salander. Together they tap into a vein of unfathomable iniquity and astonishing corruption. An international publishing sensation, Stieg Larsson’s The Girl with the Dragon Tattoo combines murder mystery, family saga, love story, and financial intrigue into one satisfyingly complex and entertainingly atmospheric novel."
38447,"The Handmaid’s Tale (The Handmaid's Tale, #1)",3472,4.15,2486973,126632,311,English,1985,186988,"Offred is a Handmaid in the Republic of Gilead. She may leave the home of the Commander and his wife once a day to walk to food markets whose signs are now pictures instead of words because women are no longer allowed to read. She must lie on her back once a month and pray that the Commander makes her pregnant, because in an age of declining births, Offred and the other Handmaids are valued only if their ovaries are viable. Offred can remember the years before, when she lived and made love with her husband, Luke; when she played with and protected her daughter; when she had a job, money of her own, and access to knowledge. But all of that is gone now… Funny, unexpected, horrifying, and altogether convincing, The Handmaid's Tale is at once scathing satire, dire warning, and tour de force."
3636,"The Giver (Giver, #1)",2493,4.12,2851052,89980,208,English,2006,34056,"At the age of twelve, Jonas, a young boy from a seemingly utopian, futuristic world, is singled out to receive special training from The Giver, who alone holds the memories of the true joys and pain of life."
77203,The Kite Runner,569,4.36,3545709,116578,371,English,2003,52842,"1970s Twelve-year-old Amir is desperate to win the local kite-fighting tournament and his loyal friend Hassan promises to help him. But neither of the boys can foresee what would happen to Hassan that afternoon, an event that is to shatter their lives. After the Russians invade and the family is forced to flee to America, Amir realises that one day he must return to an Afghanistan under Taliban rule to find the one thing that his new world cannot grant redemption."
33574273,"A Wrinkle in Time (Time Quintet, #1)",106,3.97,1299339,44706,218,English,2017,24723,"It was a dark and stormy night; Meg Murry, her small brother Charles Wallace, and her mother had come down to the kitchen for a midnight snack when they were upset by the arrival of a most disturbing stranger. ""Wild nights are my glory,"" the unearthly stranger told them. ""I just got caught in a downdraft and blown off course. Let me sit down for a moment, and then I'll be on my way. Speaking of ways, by the way, there is such a thing as a tesseract."" A tesseract (in case the reader doesn't know) is a wrinkle in time. To tell more would rob the reader of the enjoyment of Miss L'Engle's unusual book. A Wrinkle in Time, winner of the Newberry Medal in 1963, is the story of the adventures in space and time of Meg, Charles Wallace, and Calvin O'Keefe (athlete, student, and one of the most popular boys in high school). They are in search of Meg's father, a scientist who disappeared while engaged in secret work for the government on the tesseract problem."
5,"Harry Potter and the Prisoner of Azkaban (Harry Potter, #3)",1077326,4.58,4935754,105668,547,English,2004,86990,"Harry Potter, along with his best friends, Ron and Hermione, is about to start his third year at Hogwarts School of Witchcraft and Wizardry. Harry can't wait to get back to school after the summer holidays. (Who wouldn't if they lived with the horrible Dursleys?) But when Harry gets to Hogwarts, the atmosphere is tense. There's an escaped mass murderer on the loose, and the sinister prison guards of Azkaban have been called in to guard the school..."
44767458,"Dune (Dune, #1)",58,4.29,1663879,85538,658,English,2019,154189,"Set on the desert planet Arrakis, Dune is the story of the boy Paul Atreides, heir to a noble family tasked with ruling an inhospitable world where the only thing of value is the “spice” melange, a drug capable of extending life and enhancing consciousness. Coveted across the known universe, melange is a prize worth killing for... When House Atreides is betrayed, the destruction of Paul’s family will set the boy on a journey toward a destiny greater than he could ever have imagined. And as he evolves into the mysterious man known as Muad’Dib, he will bring to fruition humankind’s most ancient and unattainable dream."
19543,Where the Wild Things Are,4489,4.26,1075179,14985,38,English,2000,2746,"Max, a wild and naughty boy, is sent to bed without his supper by his exhausted mother. In his room, he imagines sailing far away to a land of Wild Things. Instead of eating him, the Wild Things make Max their king."
23772,Green Eggs and Ham,61105,4.32,855551,12615,64,English,1988,4121,"NATIONAL BESTSELLER • Join in the fun with Sam-I-Am in this iconic Dr. Seuss classic about the joy of trying new things. And don’t miss the Netflix series adaptation! One of The Atlantic’s 65 Essential Children’s Books I do not like green eggs and ham. I do not like them, Sam-I-am. With unforgettable characters and signature rhymes, Dr. Seuss’s beloved favorite has cemented its place as a children’s classic. Kids will love the terrific tongue twisters as the list of places to enjoy green eggs and ham gets longer and longer...and they might even find themselves craving something new! Beginner Books are fun, funny, and easy to read! Launched by Dr. Seuss in 1957 with the publication of The Cat in the Hat, this beloved early reader series motivates children to read on their own by using simple words with illustrations that give clues to their meaning. Featuring a combination of kid appeal, supportive vocabulary, and bright, cheerful art, Beginner Books will encourage a love of reading in children ages 3–7."
12232938,The Lovely Bones,316,3.86,2474794,50190,372,English,2006,17588,"""My name was Salmon, like the fish; first name, Susie. I was fourteen when I was murdered on December 6, 1973."" So begins the story of Susie Salmon, who is adjusting to her new home in heaven, a place that is not at all what she expected, even as she is watching life on earth continue without her -- her friends trading rumors about her disappearance, her killer trying to cover his tracks, her grief-stricken family unraveling. Out of unspeakable tragedy and loss, The Lovely Bones succeeds, miraculously, in building a tale filled with hope, humor, suspense, even joy."
2956,"The Adventures of Huckleberry Finn (Adventures of Tom and Huck, #2)",1244,3.83,1346131,26417,327,English,2002,40465,"A nineteenth-century boy from a Mississippi River town recounts his adventures as he travels down the river with a runaway slave, encountering a family involved in a feud, two scoundrels pretending to be royalty, and Tom Sawyer's aunt who mistakes him for Tom."
4214,Life of Pi,811,3.94,1768948,57812,460,English,2006,28267,"Life of Pi is a fantasy adventure novel by Yann Martel published in 2001. The protagonist, Piscine Molitor ""Pi"" Patel, a Tamil boy from Pondicherry, explores issues of spirituality and practicality from an early age. He survives 227 days after a shipwreck while stranded on a boat in the Pacific Ocean with a Bengal tiger named Richard Parker."
7604,Lolita,5152,3.87,961552,51951,368,English,1995,55123,"Librarian's note: Alternate cover edition of ISBN 9780141182537. Humbert Humbert - scholar, aesthete and romantic - has fallen completely and utterly in love with Dolores Haze, his landlady's gum-snapping, silky skinned twelve-year-old daughter. Reluctantly agreeing to marry Mrs Haze just to be close to Lolita, Humbert suffers greatly in the pursuit of romance; but when Lo herself starts looking for attention elsewhere, he will carry her off on a desperate cross-country misadventure, all in the name of Love. Hilarious, flamboyant, heart-breaking and full of ingenious word play, Lolita is an immaculate, unforgettable masterpiece of obsession, delusion and lust."
1953,A Tale of Two Cities,239579,3.88,1022669,27814,489,English,2003,69095,"A Tale of Two Cities is Charles Dickens’s great historical novel, set against the violent upheaval of the French Revolution. The most famous and perhaps the most popular of his works, it compresses an event of immense complexity to the scale of a family history, with a cast of characters that includes a bloodthirsty ogress and an antihero as believably flawed as any in modern fiction. Though the least typical of the author’s novels, A Tale of Two Cities still underscores many of his enduring themes—imprisonment, injustice, social anarchy, resurrection, and the renunciation that fosters renewal."
4981,Slaughterhouse-Five,2778055,4.1,1502974,51139,275,English,1999,29152,"Slaughterhouse-Five, an American classic, is one of the world’s great antiwar books. Centering on the infamous World War II firebombing of Dresden, the novel is the result of what Kurt Vonnegut described as a twenty-three year struggle to write a book about what he had witnessed as an American prisoner of war. It combines historical fiction, science fiction, autobiography, and satire in an account of the life of Billy Pilgrim, a barber’s son turned draftee turned optometrist turned alien abductee. Just as Vonnegut had, Billy experiences the destruction of Dresden as a POW. Unlike Vonnegut, he experiences time travel, or coming “unstuck in time.” Slaughterhouse-Five made Kurt Vonnegut a cult hero in American literature, a reputation that only strengthened over time, despite his being banned and censored by some libraries and schools for content and language. But it was precisely those elements of Vonnegut’s writing — the political edginess, the genre-bending inventiveness, the frank violence, the transgressive wit — that have inspired generations of readers not just to look differently at the world around them but to find the confidence to say something about it. Fifty years after its initial publication at the height of the Vietnam War, Vonnegut's portrayal of political disillusionment, PTSD, and postwar anxiety feels as relevant, darkly humorous, and profoundly affecting as ever, an enduring beacon through our own era’s uncertainties."
6514,The Bell Jar,4379,4.04,1263448,90661,294,English,2006,69941,"The Bell Jar chronicles the crack-up of Esther Greenwood: brilliant, beautiful, enormously talented, and successful, but slowly going under—maybe for the last time. Sylvia Plath masterfully draws the reader into Esther's breakdown with such intensity that Esther's insanity becomes completely real and even rational, as probable and accessible an experience as going to the movies. Such deep penetration into the dark and harrowing corners of the psyche is an extraordinary accomplishment and has made The Bell Jar a haunting American classic."
39988,Matilda,4273,4.34,1128860,27207,240,English,1992,11449,"“The Trunchbull” is no match for Matilda! Matilda is a little girl who is far too good to be true. At age five-and-a-half she's knocking off double-digit multiplication problems and blitz-reading Dickens. Even more remarkably, her classmates love her even though she's a super-nerd and the teacher's pet. But everything is not perfect in Matilda's world... For starters she has two of the most idiotic, self-centered parents who ever lived. Then there's the large, busty nightmare of a school principal, Miss (""The"") Trunchbull, a former hammer-throwing champion who flings children at will, and is approximately as sympathetic as a bulldozer. Fortunately for Matilda, she has the inner resources to deal with such annoyances: astonishing intelligence, saintly patience, and an innate predilection for revenge. Roald Dahl was a spy, ace fighter-pilot, chocolate historian, and medical inventor. He was also the author of Charlie and the Chocolate Factory, Matilda, The BFG, and many more brilliant stories. He remains the World's No. 1 Storyteller."
43641,Water for Elephants,24556,4.11,1713569,65779,368,English,2007,16944,"When Jacob Jankowski, recently orphaned and suddenly adrift, jumps onto a passing train, he enters a world of freaks, drifters, and misfits, a second-rate circus struggling to survive during the Great Depression, making one-night stands in town after endless town. A veterinary student who almost earned his degree, Jacob is put in charge of caring for the circus menagerie. It is there that he meets Marlena, the beautiful young star of the equestrian act, who is married to August, the charismatic but twisted animal trainer. He also meets Rosie, an elephant who seems untrainable until he discovers a way to reach her. Beautifully written, Water for Elephants is illuminated by a wonderful sense of time and place. It tells a story of a love between two people that overcomes incredible odds in a world in which even love is a luxury that few can afford."
42844155,"Harry Potter and the Philosopher's Stone (Harry Potter, #1)",1077326,4.47,11593687,198549,333,English,2015,280590,"An alternative cover for this ASIN can be found here ""Turning the envelope over, his hand trembling, Harry saw a purple wax seal bearing a coat of arms; a lion, an eagle, a badger and a snake surrounding a large letter 'H'."" Harry Potter has never even heard of Hogwarts when the letters start dropping on the doormat at number four, Privet Drive. Addressed in green ink on yellowish parchment with a purple seal, they are swiftly confiscated by his grisly aunt and uncle. Then, on Harry's eleventh birthday, a great beetle-eyed giant of a man called Rubeus Hagrid bursts in with some astonishing news: Harry Potter is a wizard, and he has a place at Hogwarts School of Witchcraft and Wizardry. An incredible adventure is about to begin!"
149267,The Stand,3389,4.35,847831,36149,1152,English,1978,50736,"This is the way the world ends: with a nanosecond of computer error in a Defense Department laboratory and a million casual contacts that form the links in a chain letter of death. And here is the bleak new world of the day after: a world stripped of its institutions and emptied of 99 percent of its people. A world in which a handful of panicky survivors choose sides - or are chosen. A world in which good rides on the frail shoulders of the 108-year-old Mother Abagail - and the worst nightmares of evil are embodied in a man with a lethal smile and unspeakable powers: Randall Flagg, the dark man."
168668,Catch-22,3167,3.99,894927,28165,453,English,2004,37921,"Fifty years after its original publication, Catch-22 remains a cornerstone of American literature and one of the funniest—and most celebrated—books of all time. In recent years it has been named to “best novels” lists by Time, Newsweek, the Modern Library, and the London Observer. Set in Italy during World War II, this is the story of the incomparable, malingering bombardier, Yossarian, a hero who is furious because thousands of people he has never met are trying to kill him. But his real problem is not the enemy—it is his own army, which keeps increasing the number of missions the men must fly to complete their service. Yet if Yossarian makes any attempt to excuse himself from the perilous missions he’s assigned, he’ll be in violation of Catch-22, a hilariously sinister bureaucratic rule: a man is considered insane if he willingly continues to fly dangerous combat missions, but if he makes a formal request to be removed from duty, he is proven sane and therefore ineligible to be relieved. This fiftieth-anniversary edition commemorates Joseph Heller’s masterpiece with a new introduction by Christopher Buckley; a wealth of critical essays and reviews by Norman Mailer, Alfred Kazin, Anthony Burgess, and others; rare papers and photos from Joseph Heller’s personal archive; and much more. Here, at last, is the definitive edition of a classic of world literature."
3590,"The Adventures of Sherlock Holmes (Sherlock Holmes, #3)",2448,4.3,330048,11068,389,English,1998,30648,"The Adventures of Sherlock Holmes is the series of short stories that made the fortunes of the Strand magazine, in which they were first published, and won immense popularity for Sherlock Holmes and Dr Watson. The detective is at the height of his powers and the volume is full of famous cases, including 'The Red-Headed League', 'The Blue Carbuncle', and 'The Speckled Band'. The editor of this volume, Richard Lancelyn Green is editor of The Uncollected Sherlock Holmes and The Further Adventures of Sherlock Holmes. With John Michael Gibson, he compiled the Soho Series Bibliography of A. Conan Doyle. 1. A Scandal In Bohemia 2. The Red-Headed League 3. A Case Of Identity 4. The Boscombe Valley Mystery 5. The Five Orange Pips 6. The Man With The Twisted Lip 7. The Adventure Of The Blue Carbuncle 8. The Adventure Of The Speckled Band 9. The Adventure Of The Engineer's Thumb 10. The Adventure Of The Noble Bachelor 11. The Adventure Of The Beryl Coronet 12. The Adventure Of The Copper Beaches"
41817486,A Clockwork Orange,5735,4.0,781005,26279,240,English,2019,14841,"In Anthony Burgess's influential nightmare vision of the future, criminals take over after dark. Teen gang leader Alex narrates in fantastically inventive slang that echoes the violent intensity of youth rebelling against society. Dazzling and transgressive, A Clockwork Orange is a frightening fable about good and evil and the meaning of human freedom. This edition includes the controversial last chapter not published in the first edition, and Burgess’s introduction, “A Clockwork Orange Resucked.”"
5043,"The Pillars of the Earth (Kingsbridge, #1)",3447,4.35,843409,42690,976,English,2007,38813,"Ken Follett is known worldwide as the master of split-second suspense, but his most beloved and bestselling book tells the magnificent tale of a twelfth-century monk driven to do the seemingly impossible: build the greatest Gothic cathedral the world has ever known. Everything readers expect from Follett is here: intrigue, fast-paced action, and passionate romance. But what makes The Pillars of the Earth extraordinary is the time the twelfth century; the place feudal England; and the subject the building of a glorious cathedral. Follett has re-created the crude, flamboyant England of the Middle Ages in every detail. The vast forests, the walled towns, the castles, and the monasteries become a familiar landscape. Against this richly imagined and intricately interwoven backdrop, filled with the ravages of war and the rhythms of daily life, the master storyteller draws the reader irresistibly into the intertwined lives of his characters into their dreams, their labors, and their loves: Tom, the master builder; Aliena, the ravishingly beautiful noblewoman; Philip, the prior of Kingsbridge; Jack, the artist in stone; and Ellen, the woman of the forest who casts a terrifying curse. From humble stonemason to imperious monarch, each character is brought vividly to life. The building of the cathedral, with the almost eerie artistry of the unschooled stonemasons, is the center of the drama. Around the site of the construction, Follett weaves a story of betrayal, revenge, and love, which begins with the public hanging of an innocent man and ends with the humiliation of a king. For the TV tie-in edition with the same ISBN go to this Alternate Cover Edition"
17899948,Rebecca,2001717,4.25,740868,52760,449,English,2013,28712,"Last night I dreamt I went to Manderley again... The novel begins in Monte Carlo, where our heroine is swept off her feet by the dashing widower Maxim de Winter and his sudden proposal of marriage. Orphaned and working as a lady's maid, she can barely believe her luck. It is only when they arrive at his massive country estate that she realizes how large a shadow his late wife will cast over their lives--presenting her with a lingering evil that threatens to destroy their marriage from beyond the grave. First published in 1938, this classic gothic novel is such a compelling read that it won the Anthony Award for Best Novel of the Century."
76620,"Watership Down (Watership Down, #1)",7717,4.09,509884,20483,478,English,1975,13352,"Librarian's note: See alternate cover edition of ISBN13 9780380395866 here. Set in England's Downs, a once idyllic rural landscape, this stirring tale of adventure, courage and survival follows a band of very special creatures on their flight from the intrusion of man and the certain destruction of their home. Led by a stouthearted pair of friends, they journey forth from their native Sandleford Warren through the harrowing trials posed by predators and adversaries, to a mysterious promised land and a more perfect society."
52892857,The Color Purple,7380,4.28,762261,32459,287,English,2019,22386,"Read the original inspiration for the new, boldly reimagined film from producers Oprah Winfrey and Steven Spielberg, starring Taraji P. Henson, Danielle Brooks, and Fantasia Barrino. Winner of the Pulitzer Prize and the National Book Award A powerful cultural touchstone of modern American literature, The Color Purple depicts the lives of African American women in early twentieth-century rural Georgia. Separated as girls, sisters Celie and Nettie sustain their loyalty to and hope in each other across time, distance and silence. Through a series of letters spanning twenty years, first from Celie to God, then the sisters to each other despite the unknown, the novel draws readers into its rich and memorable portrayals of Celie, Nettie, Shug Avery and Sofia and their experience. The Color Purple broke the silence around domestic and sexual abuse, narrating the lives of women through their pain and struggle, companionship and growth, resilience and bravery. Deeply compassionate and beautifully imagined, Alice Walker's epic carries readers on a spirit-affirming journey towards redemption and love. “Reading The Color Purple was the first time I had seen Southern, Black women’s literature as world literature. In writing us into the world—bravely, unapologetically, and honestly—Alice Walker has given us a gift we will never be able to repay.” —Tayari Jones “The Color Purple was what church should have been, what honest familial reckoning could have been, and it is still the only art object in the world by which all three generations of Black artists in my family judge American art.” —Kiese Laymon"
2623,Great Expectations,239579,3.8,883911,26314,544,English,1998,40695,"Great Expectations charts the progress of Pip from childhood through often painful experiences to adulthood, as he moves from the Kent marshes to busy, commercial London, encountering a variety of extraordinary characters ranging from Magwitch, the escaped convict, to Miss Havisham, locked up with her unhappy past and living with her ward, the arrogant, beautiful Estella. Pip must discover his true self, and his own set of values and priorities. Whether such values allow one to prosper in the complex world of early Victorian England is the major question posed by Great Expectations, one of Dickens's most fascinating, and disturbing, novels. This edition includes the original, discarded ending, Dickens's brief working notes, and the serial instalments and chapter divisions in different editions. It also uses the definitive Clarendon text."
10964,"Outlander (Outlander, #1)",3617,4.27,1168244,59252,850,English,2005,76522,"The year is 1945. Claire Randall, a former combat nurse, is just back from the war and reunited with her husband on a second honeymoon when she walks through a standing stone in one of the ancient circles that dot the British Isles. Suddenly she is a Sassenach—an “outlander”—in a Scotland torn by war and raiding border clans in the year of Our Lord...1743. Hurled back in time by forces she cannot understand, Claire is catapulted into the intrigues of lairds and spies that may threaten her life, and shatter her heart. For here James Fraser, a gallant young Scots warrior, shows her a love so absolute that Claire becomes a woman torn between fidelity and desire—and between two vastly different men in two irreconcilable lives."
9293020,The Elephant Tree,4346642,3.92,43943,532,252,English,2010,1493,"Mark Fallon is an overworked detective investigating a spate of attacks at a string of high profile city centre nightclubs. Scott is a dejected 24 year old struggling to make ends meet working for his brother and supplementing his income with a small-scale drug dealing operation. Angela is an attractive 23 year old, raised by her father, a career criminal and small time drug dealer who supplies Scott with cannabis. This is a chilling tale spanning a few months in the lives of Scott and Angela, where realizations about the present combine with shocking revelations from the past leading to an apocalyptic climax where they no longer know whom they can trust."
15823480,Anna Karenina,128382,4.11,948012,44454,964,English,2012,106274,"Acclaimed by many as the world's greatest novel, Anna Karenina provides a vast panorama of contemporary life in Russia and of humanity in general. In it Tolstoy uses his intense imaginative insight to create some of the most memorable characters in all of literature. Anna is a sophisticated woman who abandons her empty existence as the wife of Karenin and turns to Count Vronsky to fulfil her passionate nature - with tragic consequences. Levin is a reflection of Tolstoy himself, often expressing the author's own views and convictions. Throughout, Tolstoy points no moral, merely inviting us not to judge but to watch. As Rosemary Edmonds comments, 'He leaves the shifting patterns of the kaleidoscope to bring home the meaning of the brooding words following the title, 'Vengeance is mine, and I will repay."
61215351,"The Fellowship of the Ring (The Lord of the Rings, #1)",656983,4.41,3195625,55672,432,English,2022,106235,"Sauron, the Dark Lord, has gathered to him all the Rings of Power – the means by which he intends to rule Middle-earth. All he lacks in his plans for dominion is the One Ring – the ring that rules them all – which has fallen into the hands of the hobbit, Bilbo Baggins. In a sleepy village in the Shire, young Frodo Baggins finds himself faced with an immense task, as his elderly cousin Bilbo entrusts the Ring to his care. Frodo must leave his home and make a perilous journey across Middle-earth to the Cracks of Doom, there to destroy the Ring and foil the Dark Lord in his evil purpose."
332613,One Flew Over the Cuckoo’s Nest,7285,4.2,787605,19866,325,English,,16205,"Alternate cover edition of ISBN 9780451163967 Tyrannical Nurse Ratched rules her ward in an Oregon State mental hospital with a strict and unbending routine, unopposed by her patients, who remain cowed by mind-numbing medication and the threat of electric shock therapy. But her regime is disrupted by the arrival of McMurphy – the swaggering, fun-loving trickster with a devilish grin who resolves to oppose her rules on behalf of his fellow inmates. His struggle is seen through the eyes of Chief Bromden, a seemingly mute half-Indian patient who understands McMurphy's heroic attempt to do battle with the powers that keep them imprisoned. Ken Kesey's extraordinary first novel is an exuberant, ribald and devastatingly honest portrayal of the boundaries between sanity and madness."
4934,The Brothers Karamazov,3137322,4.39,399509,26373,796,English,2002,85863,"The Brothers Karamazov is a murder mystery, a courtroom drama, and an exploration of erotic rivalry in a series of triangular love affairs involving the “wicked and sentimental” Fyodor Pavlovich Karamazov and his three sons―the impulsive and sensual Dmitri; the coldly rational Ivan; and the healthy, red-cheeked young novice Alyosha. Through the gripping events of their story, Dostoevsky portrays the whole of Russian life, is social and spiritual striving, in what was both the golden age and a tragic turning point in Russian culture. This award-winning translation by Richard Pevear and Larissa Volokhonsky remains true to the verbal inventiveness of Dostoevsky’s prose, preserving the multiple voices, the humor, and the surprising modernity of the original. It is an achievement worthy of Dostoevsky’s last and greatest novel."
10917,My Sister's Keeper,7128,4.11,1283568,40747,423,English,2005,9773,"New York Times best-selling author Jodi Picoult is widely acclaimed for her keen insights into the hearts and minds of real people. Now she tells the emotionally riveting story of a family torn apart by conflicting needs and a passionate love that triumphs over human weakness. Anna is not sick, but she might as well be. By age 13 she has undergone countless surgeries, transfusions, and shots so that her older sister, Kate, can somehow fight the leukemia that has plagued her since childhood. The product of preimplantation genetic diagnosis, Anna was conceived as a bone marrow match for Kate—a life and a role that she has never challenged ... until now. Like most teenagers, Anna is beginning to question who she truly is. But unlike most teenagers, she has always been defined in terms of her sister—and so Anna makes a decision that for most would be unthinkable, a decision that will tear her family apart and have perhaps fatal consequences for the sister she loves. My Sister's Keeper examines what it means to be a good parent, a good sister, a good person. Is it morally correct to do whatever it takes to save a child's life, even if that means infringing upon the rights of another? Is it worth trying to discover who you really are if that quest makes you like yourself less? Should you follow your own heart or let others lead you? Once again, in My Sister's Keeper, Jodi Picoult tackles a controversial real-life subject with grace, wisdom, and sensitivity."
29908754,The Zombie Room,4346642,3.95,43959,484,218,English,2016,1186,"An unlikely bond is forged between three men from very different backgrounds when they serve time together in prison. A series of wrong turns and disastrous life choices has led to their incarceration. Following their release, Mangle, Decker and Tazeem stick together as they return to a life of crime, embarking on a lucrative scam. But when they stumble upon a sophisticated sex-trafficking operation, they soon realise that they are in mortal danger. The disappearance of a family member and the murder of a dear friend lead the three to delve deeper into a world of violence and deception. In their quest for retribution and justice, they put their lives on the line. Their paths cross with that of Tatiana, who has left her home country for a better life in the West—or so she thinks. She soon realises she is in the hands of ruthless, violent people, who run an operation supplying girls to meet the most deviant desires of rich and powerful men. Will she survive the horrors of The Zombie Room? Are Mangle, Decker and Tazeem brave enough to follow her there, in an attempt to set her free?"
2654,To Kill a Mockingbird,1825,4.26,6993055,135628,323,English,2005,100313,"""Shoot all the bluejays you want, if you can hit 'em, but remember it's a sin to kill a mockingbird."" A lawyer's advice to his children as he defends the real mockingbird of Harper Lee's classic novel - a black man charged with the rape of a white girl. Through the young eyes of Scout and Jem Finch, Harper Lee explores with exuberant humour the irrationality of adult attitudes to race and class in the Deep South of the 1930s. The conscience of a town steeped in prejudice, violence and hypocrisy is pricked by the stamina of one man's struggle for justice. But the weight of history will only tolerate so much. ""To Kill A Mockingbird"" became both an instant bestseller and a critical success when it was first published in 1960. It went on to win the Pulitzer Prize in 1961 and was later made into an Academy Award-winning film."
14891,A Tree Grows in Brooklyn,2327917,4.3,521519,33861,496,English,2006,26058,"The beloved American classic about a young girl's coming-of-age at the turn of the century, Betty Smith's A Tree Grows in Brooklyn is a poignant and moving tale filled with compassion and cruelty, laughter and heartache, crowded with life and people and incident. The story of young, sensitive, and idealistic Francie Nolan and her bittersweet formative years in the slums of Williamsburg has enchanted and inspired millions of readers for more than sixty years. By turns overwhelming, sublime, heartbreaking, and uplifting, the daily experiences of the unforgettable Nolans are raw with honesty and tenderly threaded with family connectedness -- in a work of literary art that brilliantly captures a unique time and place as well as incredibly rich moments of universal experience."
6288,The Road,4178,4.0,1060563,75376,241,English,2006,23627,"A searing, postapocalyptic novel destined to become Cormac McCarthy’s masterpiece. A father and his son walk alone through burned America. Nothing moves in the ravaged landscape save the ash on the wind. It is cold enough to crack stones, and when the snow falls it is gray. The sky is dark. Their destination is the coast, although they don’t know what, if anything, awaits them there. They have nothing; just a pistol to defend themselves against the lawless bands that stalk the road, the clothes they are wearing, a cart of scavenged food—and each other. The Road is the profoundly moving story of a journey. It boldly imagines a future in which no hope remains, but in which the father and his son, “each the other’s world entire,” are sustained by love. Awesome in the totality of its vision, it is an unflinching meditation on the worst and the best that we are capable of: ultimate destructiveness, desperate tenacity, and the tenderness that keeps two people alive in the face of total devastation."
58613424,"Harry Potter and the Goblet of Fire (Harry Potter, #4)",1077326,4.57,4266911,87500,752,English,2000,103940,"Lord Voldemort, the dark wizard responsible for the deaths of Harry's parents, is growing stronger. At the Quidditch World Cup, Voldemort's signature Dark Mark appears in the sky over the stadium, causing pandemonium. The lightning-bolt-shaped scar on Harry's forehead is sporadically causing him agonizing pain, and he is also hearing disturbing voices. Harry realizes that all this is the result of a strong connection between himself and the Dark Lord, one that is putting him in grave danger. Back at Hogwarts, the students are getting ready for the upcoming Triwizard Tournament. Witches and wizards from two other schools are coming to Hogwarts for the year to compete in a series of grueling contests. The tournament is open only to students age 17 and above, but when someone secretly enters Harry's name, he is forced to compete. How can a 14-year-old possibly pass tests that might be fatal to an advanced wizard? And with the threat of Lord Voldemort looming, will he be able to focus on the tournament at all? For Harry, his friends, and everyone in the Wizarding world, the stakes are about to become much higher. This fourth installment, with a heart-pounding and emotional climax, serves as a turning point in the series, for the reader and for Harry himself."
19288043,Gone Girl,2383,4.15,3497167,172259,415,English,2014,58793,"An alternative cover edition for this ISBN can be found here Who are you? What have we done to each other? These are the questions Nick Dunne finds himself asking on the morning of his fifth wedding anniversary when his wife Amy suddenly disappears. The police suspect Nick. Amy's friends reveal that she was afraid of him, that she kept secrets from him. He swears it isn't true. A police examination of his computer shows strange searches. He says they weren't made by him. And then there are the persistent calls on his mobile phone. So what did happen to Nick's beautiful wife?"
119322,"The Golden Compass (His Dark Materials, #1)",3618,4.03,1630795,30971,399,English,1996,20244,"Lyra is rushing to the cold, far North, where witch clans and armored bears rule. North, where the Gobblers take the children they steal--including her friend Roger. North, where her fearsome uncle Asriel is trying to build a bridge to a parallel world. Can one small girl make a difference in such great and terrible endeavors? This is Lyra: a savage, a schemer, a liar, and as fierce and true a champion as Roger or Asriel could want--but what Lyra doesn't know is that to help one of them will be to betray the other."
16299,And Then There Were None,123715,4.27,1658847,85722,264,English,2004,44110,"First, there were ten—a curious assortment of strangers summoned as weekend guests to a little private island off the coast of Devon. Their host, an eccentric millionaire unknown to all of them, is nowhere to be found. All that the guests have in common, we find out, is a wicked past they're unwilling to reveal—and a secret that will seal their fate. For each has been marked for murder. A famous nursery rhyme is framed and hung in every room of the mansion: ""Ten little boys went out to dine; One choked his little self and then there were nine. Nine little boys sat up very late; One overslept himself and then there were eight. Eight little boys traveling in Devon; One said he'd stay there then there were seven. Seven little boys chopping up sticks; One chopped himself in half and then there were six. Six little boys playing with a hive; A bumblebee stung one and then there were five. Five little boys going in for law; One got in Chancery and then there were four. Four little boys going out to sea; A red herring swallowed one and then there were three. Three little boys walking in the zoo; A big bear hugged one and then there were two. Two little boys sitting in the sun; One got frizzled up and then there was one. One little boy left all alone; He went out and hanged himself and then there were none."" When they realize that murders are occurring as described in the rhyme, terror mounts. One by one they fall prey. Who has choreographed this dastardly scheme? And who will be left to tell the tale? Only the dead are above suspicion."
52036,Siddhartha,1113469,4.08,894070,35767,152,English,1981,33956,"Herman Hesse's classic novel has delighted, inspired, and influenced generations of readers, writers, and thinkers. In this story of a wealthy Indian Brahmin who casts off a life of privilege to seek spiritual fulfillment. Hesse synthesizes disparate philosophies--Eastern religions, Jungian archetypes, Western individualism--into a unique vision of life as expressed through one man's search for true meaning."
345627,"Vampire Academy (Vampire Academy, #1)",137902,4.1,684425,28512,332,English,2007,9261,"Only a true best friend can protect you from your immortal enemies... Lissa Dragomir is a Moroi princess: a mortal vampire with a rare gift for harnessing the earth's magic. She must be protected at all times from Strigoi; the fiercest vampires—the ones who never die. The powerful blend of human and vampire blood that flows through Rose Hathaway, Lissa's best friend, makes her a dhampir. Rose is dedicated to a dangerous life of protecting Lissa from the Strigoi, who are hell-bent on making Lissa one of them. After two years of freedom, Rose and Lissa are caught and dragged back to St. Vladimir's Academy, a school for vampire royalty and their guardians-to-be, hidden in the deep forests of Montana. But inside the iron gates, life is even more fraught with danger... and the Strigoi are always close by. Rose and Lissa must navigate their dangerous world, confront the temptations of forbidden love, and never once let their guard down, lest the evil undead make Lissa one of them forever..."
3836,Don Quixote,4037220,3.91,309933,15316,1023,English,2003,49366,"Don Quixote has become so entranced by reading chivalric romances that he determines to become a knight-errant himself. In the company of his faithful squire, Sancho Panza, his exploits blossom in all sorts of wonderful ways. While Quixote's fancy often leads him astray—he tilts at windmills, imagining them to be giants—Sancho acquires cunning and a certain sagacity. Sane madman and wise fool, they roam the world together, and together they have haunted readers' imaginations for nearly four hundred years. With its experimental form and literary playfulness, Don Quixote has been generally recognized as the first modern novel. The book has been enormously influential on a host of writers, from Fielding and Sterne to Flaubert, Dickens, Melville, and Faulkner, who reread it once a year, ""just as some people read the Bible."""
252577,"Angela's Ashes (Frank McCourt, #1)",3347,4.16,662836,15821,452,English,2005,6093,"Imbued on every page with Frank McCourt's astounding humor and compassion. This is a glorious book that bears all the marks of a classic. ""When I look back on my childhood I wonder how I managed to survive at all. It was, of course, a miserable childhood: the happy childhood is hardly worth your while. Worse than the ordinary miserable childhood is the miserable Irish childhood, and worse yet is the miserable Irish Catholic childhood."" So begins the Pulitzer Prize winning memoir of Frank McCourt, born in Depression-era Brooklyn to recent Irish immigrants and raised in the slums of Limerick, Ireland. Frank's mother, Angela, has no money to feed the children since Frank's father, Malachy, rarely works, and when he does he drinks his wages. Yet Malachy—exasperating, irresponsible and beguiling—does nurture in Frank an appetite for the one thing he can provide: a story. Frank lives for his father's tales of Cuchulain, who saved Ireland, and of the Angel on the Seventh Step, who brings his mother babies. Perhaps it is story that accounts for Frank's survival. Wearing rags for diapers, begging a pig's head for Christmas dinner and gathering coal from the roadside to light a fire, Frank endures poverty, near-starvation and the casual cruelty of relatives and neighbors—yet lives to tell his tale with eloquence, exuberance and remarkable forgiveness. Angela's Ashes, imbued on every page with Frank McCourt's astounding humor and compassion, is a glorious book that bears all the marks of a classic."
2165,The Old Man and the Sea,1455,3.81,1340229,52400,96,English,1996,24750,"Librarian's note: An alternate cover edition can be found here This short novel, already a modern classic, is the superbly told, tragic story of a Cuban fisherman in the Gulf Stream and the giant Marlin he kills and loses—specifically referred to in the citation accompanying the author's Nobel Prize for literature in 1954."
49552,The Stranger,957894,4.03,1455455,81847,123,English,1989,38229,"Published in 1942 by French author Albert Camus, The Stranger has long been considered a classic of twentieth-century literature. Le Monde ranks it as number one on its ""100 Books of the Century"" list. Through this story of an ordinary man unwittingly drawn into a senseless murder on a sundrenched Algerian beach, Camus explores what he termed ""the nakedness of man faced with the absurd."""
7244,The Poisonwood Bible,3541,4.11,801854,32561,546,English,2005,24164,"The Poisonwood Bible is a story told by the wife and four daughters of Nathan Price, a fierce, evangelical Baptist who takes his family and mission to the Belgian Congo in 1959. They carry with them everything they believe they will need from home, but soon find that all of it -- from garden seeds to Scripture -- is calamitously transformed on African soil. What follows is a suspenseful epic of one family's tragic undoing and remarkable reconstruction over the course of three decades in postcolonial Africa."
23919,The Complete Stories and Poems,4624490,4.4,298405,3708,821,English,1984,24216,"Edgar Allan Poe was one of the most original writers in the history of American letters, a genius who was tragically misunderstood in his lifetime. He was a seminal figure in the development of science fiction and the detective story, and exerted a great influence on Dostoyevsky, Arthur Conan Doyle, Jules Verne, and Charles Baudelaire, who championed him long before Poe was appreciated in his own country. Baudelaire's enthusiasm brought Poe a wide audience in Europe, and his writing came to have enormous importance for modern French literature. This edition includes his most well-known works--""The Raven,"" ""The Pit and the Pendulum,"" ""Annabel Lee,"" ""The Fall of the House of Usher,"" ""The Murders in the Rue Morgue""--as well as less-familiar stories, poems, and essays."
5886881,Dark Places,2383,3.94,852737,50830,424,English,2009,25403,"Libby Day was just seven years old when her older brother massacred her family while she hid in a cupboard. Her evidence helped put him away. Ever since then she has been drifting, surviving for over 20 years on the proceeds of the 'Libby Day fund'. But now the money is running out and Libby is desperate. When she is offered $500 to do a guest appearance, she feels she has to accept. But this is no ordinary gathering. The Kill Club is a group of true-crime obsessives who share information on notorious murders, and they think her brother Ben is innocent. Ben was a social misfit, ground down by the small-town farming community in which he lived. But he did have a girlfriend - a brooding heavy metal fan called Diondra. Through her, Ben became involved with drugs and the dark arts. When the town suddenly turned against him, his thoughts turned black. But was he capable of murder? Libby must delve into her family's past to uncover the truth - no matter how painful..."
21686,Shutter Island,10289,4.14,232760,13309,369,English,2004,5569,"The year is 1954. U.S. Marshal Teddy Daniels and his new partner, Chuck Aule, have come to Shutter Island, home of Ashecliffe Hospital for the Criminally Insane, to investigate the disappearance of a patient. Multiple murderess Rachel Solando is loose somewhere on this remote and barren island, despite having been kept in a locked cell under constant surveillance. As a killer hurricane relentlessly bears down on them, a strange case takes on even darker, more sinister shades—with hints of radical experimentation, horrifying surgeries, and lethal countermoves made in the cause of a covert shadow war. No one is going to escape Shutter Island unscathed, because nothing at Ashecliffe Hospital is what it seems. But then neither is Teddy Daniels."
43763,"Interview with the Vampire (The Vampire Chronicles, #1)",7577,4.02,658896,22942,346,English,2004,21527,"In a darkened room a young man sits telling the macabre and eerie story of his life - the story of a vampire, gifted with eternal life, cursed with an exquisite craving for human blood. Here are the confessions of a vampire. Hypnotic, shocking, and chillingly erotic, this is a novel of mesmerizing beauty and astonishing force --- a story of danger and flight, of love and loss, of suspense and resolution, and of the extraordinary power of the senses. It is a novel only Anne Rice could write."
662,Atlas Shrugged,432,3.69,409471,21755,1168,English,1999,29172,"This is the story of a man who said that he would stop the motor of the world and did. Was he a destroyer or the greatest of liberators? Why did he have to fight his battle, not against his enemies, but against those who needed him most, and his hardest battle against the woman he loved? What is the world’s motor — and the motive power of every man? You will know the answer to these questions when you discover the reason behind the baffling events that play havoc with the lives of the characters in this story. Tremendous in its scope, this novel presents an astounding panorama of human life — from the productive genius who becomes a worthless playboy — to the great steel industrialist who does not know that he is working for his own destruction — to the philosopher who becomes a pirate — to the composer who gives up his career on the night of his triumph — to the woman who runs a transcontinental railroad — to the lowest track worker in her Terminal tunnels. You must be prepared, when you read this novel, to check every premise at the root of your convictions. This is a mystery story, not about the murder — and rebirth — of man’s spirit. It is a philosophical revolution, told in the form of an action thriller of violent events, a ruthlessly brilliant plot structure and an irresistible suspense. Do you say this is impossible? Well, that is the first of your premises to check."
5060378,The Girl Who Played with Fire (Millennium #2),706255,4.26,995516,39578,503,English,2009,14559,"The Expose Millenium publisher Mikael Blomkvist has made his reputation exposing corrupt establishment figures. So when a young journalist approaches him with an investigation into sex trafficking, Blomkvist cannot resist waging war on the powerful figures who control this lucrative industry. The Murder When a young couple is found dead in their Stockholm apartment, it's a straightforward job for Inspector Bublanski and his team. The killer left the weapon at the scene - and the fingerprints on the gun point in only one direction. The Girl Who Played with Fire Ex-security analyst Lisbeth Salander is wanted for murder. Her history of unpredictable and vengeful behaviour makes her an official danger to society - but no-one can find her. The only way Salander can be reached is by computer. But she can break into almost any network she chooses..."
99107,"Winnie-the-Pooh (Winnie-the-Pooh, #1)",81466,4.37,356013,8827,161,English,2001,6551,"The adventures of Christopher Robin and his friends in which Pooh Bear uses a balloon to get honey, Piglet meets a Heffalump, and Eeyore has a birthday."
33648131,"The Notebook (The Notebook, #1)",2345,4.17,1856076,29429,227,English,2016,13292,"Set amid the austere beauty of the North Carolina coast begins the story of Noah Calhoun, a rural Southerner recently returned from the Second World War. Noah is restoring a plantation home to its former glory, and he is haunted by images of the beautiful girl he met fourteen years earlier, a girl he loved like no other. Unable to find her, yet unwilling to forget the summer they spent together, Noah is content to live with only memories...until she unexpectedly returns to his town to see him once again. Like a puzzle within a puzzle, the story of Noah and Allie is just the beginning. As it unfolds, their tale miraculously becomes something different, with much higher stakes. The result is a deeply moving portrait of love itself, the tender moments and the fundamental changes that affect us all. It is a story of miracles and emotions that will stay with you forever."
3,"Harry Potter and the Sorcerer's Stone (Harry Potter, #1)",1077326,4.47,11593687,198549,309,English,1997,280590,"""Turning the envelope over, his hand trembling, Harry saw a purple wax seal bearing a coat of arms; a lion, an eagle, a badger and a snake surrounding a large letter 'H'."" Harry Potter has never even heard of Hogwarts when the letters start dropping on the doormat at number four, Privet Drive. Addressed in green ink on yellowish parchment with a purple seal, they are swiftly confiscated by his grisly aunt and uncle. Then, on Harry's eleventh birthday, a great beetle-eyed giant of a man called Rubeus Hagrid bursts in with some astonishing news: Harry Potter is a wizard, and he has a place at Hogwarts School of Witchcraft and Wizardry. An incredible adventure is about to begin!"
4381,Fahrenheit 451,1630,3.97,2907408,99982,158,Spanish; Castilian,2004,55988,"Fahrenheit 451 ofrece la historia de un sombrío y horroroso futuro. Montag, el protagonista, pertenece a una extraña brigada de bomberos cuya misión, paradójicamente, no es la de sofocar incendios sino la de provocarlos, para quemar libros. Porque en el país de Montag está terminantemente prohibido leer. Porque leer obliga a pensar, y en el país de Montag esta prohibido pensar. Porque leer impide ser ingenuamente feliz, y en el país de Montag hay que ser feliz a la fuerza..."
343,Perfume: The Story of a Murderer,39402,4.04,568734,35298,263,English,1987,20051,"An alternative cover edition for this ISBN can be found here. An acclaimed bestseller and international sensation, Patrick Suskind's classic novel provokes a terrifying examination of what happens when one man's indulgence in his greatest passion—his sense of smell—leads to murder. In the slums of eighteenth-century France, the infant Jean-Baptiste Grenouille is born with one sublime gift—an absolute sense of smell. As a boy, he lives to decipher the odors of Paris, and apprentices himself to a prominent perfumer who teaches him the ancient art of mixing precious oils and herbs. But Grenouille's genius is such that he is not satisfied to stop there, and he becomes obsessed with capturing the smells of objects such as brass doorknobs and fresh-cut wood. Then one day he catches a hint of a scent that will drive him on an ever-more-terrifying quest to create the ""ultimate perfume""—the scent of a beautiful young virgin. Told with dazzling narrative brilliance, Perfume is a hauntingly powerful tale of murder and sensual depravity."
58913358,A Story of Yesterday,13552262,4.53,22809,936,70,English,2021,1325,"A Story of Yesterday is a concise and straight punch to the jaw of life. Under a sky of different colors germinates a magical story of survival, where the result of each choice, enclosed in this particular tale, will snatch the whereabouts of each story forever."
36236124,Fight Club,2546,4.18,652887,27540,224,English,2018,11010,"Chuck Palahniuk showed himself to be his generation’s most visionary satirist in this, his first book. Fight Club’s estranged narrator leaves his lackluster job when he comes under the thrall of Tyler Durden, an enigmatic young man who holds secret after-hours boxing matches in the basement of bars. There, two men fight ""as long as they have to."" This is a gloriously original work that exposes the darkness at the core of our modern world."
11588,"The Shining (The Shining, #1)",3389,4.28,1735749,52328,497,English,1980,45125,"Danny is only five years old but in the words of Old Mr Hallorann he is a ‘shiner,’ aglow with psychic voltage. When his father becomes caretaker of the Overlook hotel, Danny’s visions grow out of control. As winter closes in and blizzards cut them off, the hotel seems to develop a life of its own. It is meant to be empty. So who is the lady in Room 217 and who are the masked guests going up and down the elevator? And why do the hedges shaped like animals seem so alive? Somewhere, somehow, there is an evil force in the hotel – and that too is beginning to shine."
29044,The Secret History,8719,4.15,1071829,129372,559,English,2004,102897,"Truly deserving of the accolade modern classic, Donna Tartt's novel is a remarkable achievement—both compelling and elegant, dramatic and playful. Under the influence of their charismatic classics professor, a group of clever, eccentric misfits at an elite New England college discover a way of thinking and living that is a world away from the humdrum existence of their contemporaries. But when they go beyond the boundaries of normal morality they slip gradually from obsession to corruption and betrayal, and at last—inexorably—into evil."
153747,"Moby-Dick or, The Whale",1624,3.57,624525,28867,720,English,2003,68037,"""It is the horrible texture of a fabric that should be woven of ships' cables and hawsers. A Polar wind blows through it, and birds of prey hover over it."" So Melville wrote of his masterpiece, one of the greatest works of imagination in literary history. In part, Moby-Dick is the story of an eerily compelling madman pursuing an unholy war against a creature as vast and dangerous and unknowable as the sea itself. But more than just a novel of adventure, more than an encyclopaedia of whaling lore and legend, the book can be seen as part of its author's lifelong meditation on America. Written with wonderfully redemptive humour, Moby-Dick is also a profound inquiry into character, faith, and the nature of perception. This edition of Moby-Dick, which reproduces the definitive text of the novel, includes invaluable explanatory notes, along with maps, illustrations, and a glossary of nautical terms."
4473,A Prayer for Owen Meany,3075,4.24,340424,18164,637,English,1990,17869,"Eleven-year-old Owen Meany, playing in a Little League baseball game in Gravesend, New Hampshire, hits a foul ball and kills his best friend's mother. Owen doesn't believe in accidents; he believes he is God's instrument. What happens to Owen after that 1953 foul is both extraordinary and terrifying. At moments a comic, self-deluded victim, but in the end the principal, tragic actor in a divine plan, Owen Meany is the most heartbreaking hero John Irving has yet created."
15881,"Harry Potter and the Chamber of Secrets (Harry Potter, #2)",1077326,4.43,4573750,100211,352,English,1999,120484,"Ever since Harry Potter had come home for the summer, the Dursleys had been so mean and hideous that all Harry wanted was to get back to the Hogwarts School for Witchcraft and Wizardry. But just as he’s packing his bags, Harry receives a warning from a strange impish creature who says that if Harry returns to Hogwarts, disaster will strike. And strike it does. For in Harry’s second year at Hogwarts, fresh torments and horrors arise, including an outrageously stuck-up new professor and a spirit who haunts the girls’ bathroom. But then the real trouble begins – someone is turning Hogwarts students to stone. Could it be Draco Malfoy, a more poisonous rival than ever? Could it possibly be Hagrid, whose mysterious past is finally told? Or could it be the one everyone at Hogwarts most suspects… Harry Potter himself!"
7171637,"Clockwork Angel (The Infernal Devices, #1)",150038,4.3,882913,47515,479,English,2010,15697,"In a time when Shadowhunters are barely winning the fight against the forces of darkness, one battle will change the course of history forever. Welcome to the Infernal Devices trilogy, a stunning and dangerous prequel to the New York Times bestselling Mortal Instruments series. The year is 1878. Tessa Gray descends into London’s dark supernatural underworld in search of her missing brother. She soon discovers that her only allies are the demon-slaying Shadowhunters—including Will and Jem, the mysterious boys she is attracted to. Soon they find themselves up against the Pandemonium Club, a secret organization of vampires, demons, warlocks, and humans. Equipped with a magical army of unstoppable clockwork creatures, the Club is out to rule the British Empire, and only Tessa and her allies can stop them..."
5907,"The Hobbit, or There and Back Again",656983,4.3,4532567,91123,366,English,2002,115398,"In a hole in the ground there lived a hobbit. Not a nasty, dirty, wet hole, filled with the ends of worms and an oozy smell, nor yet a dry, bare, sandy hole with nothing in it to sit down on or to eat: it was a hobbit-hole, and that means comfort. Written for J.R.R. Tolkien’s own children, The Hobbit met with instant critical acclaim when it was first published in 1937. Now recognized as a timeless classic, this introduction to the hobbit Bilbo Baggins, the wizard Gandalf, Gollum, and the spectacular world of Middle-earth recounts of the adventures of a reluctant hero, a powerful and dangerous ring, and the cruel dragon Smaug the Magnificent. The text in this 372-page paperback edition is based on that first published in Great Britain by Collins Modern Classics (1998), and includes a note on the text by Douglas A. Anderson (2001)."
485894,The Metamorphosis,5223,3.91,1481051,75125,201,English,1972,41128,"Alternate cover edition of ISBN 0553213695 / 9780553213690 ""As Gregor Samsa awoke one morning from uneasy dreams he found himself transformed in his bed into a gigantic insect. He was laying on his hard, as it were armor-plated, back and when he lifted his head a little he could see his domelike brown belly divided into stiff arched segments on top of which the bed quilt could hardly keep in position and was about to slide off completely. His numerous legs, which were pitifully thin compared to the rest of his bulk, waved helplessly before his eyes."" With it's startling, bizarre, yet surprisingly funny first opening, Kafka begins his masterpiece, The Metamorphosis. It is the story of a young man who, transformed overnight into a giant beetle-like insect, becomes an object of disgrace to his family, an outsider in his own home, a quintessentially alienated man. A harrowing—though absurdly comic—meditation on human feelings of inadequacy, guilt, and isolation, The Metamorphosis has taken its place as one of the most widely read and influential works of twentieth-century fiction. As W.H. Auden wrote, ""Kafka is important to us because his predicament is the predicament of modern man."""
830502,It,3389,4.24,1292875,44986,1184,English,1987,74095,"Welcome to Derry, Maine ... It’s a small city, a place as hauntingly familiar as your own hometown. Only in Derry the haunting is real ... They were seven teenagers when they first stumbled upon the horror. Now they are grown-up men and women who have gone out into the big world to gain success and happiness. But none of them can withstand the force that has drawn them back to Derry to face the nightmare without an end, and the evil without a name."
22557272,The Girl on the Train,1063732,3.96,3335419,138277,336,English,2015,50179,"Rachel catches the same commuter train every morning. She knows it will wait at the same signal each time, overlooking a row of back gardens. She’s even started to feel like she knows the people who live in one of the houses. “Jess and Jason,” she calls them. Their life—as she sees it—is perfect. If only Rachel could be that happy. And then she sees something shocking. It’s only a minute until the train moves on, but it’s enough. Now everything’s changed. Now Rachel has a chance to become a part of the lives she’s only watched from afar. Now they’ll see; she’s much more than just the girl on the train... An alternative cover edition for this ISBN can be found here."
37435,The Secret Life of Bees,4711,4.1,1362538,39066,352,English,2003,13356,"Set in South Carolina in 1964, The Secret Life of Bees tells the story of Lily Owens, whose life has been shaped around the blurred memory of the afternoon her mother was killed. When Lily's fierce-hearted black ""stand-in mother,"" Rosaleen, insults three of the deepest racists in town, Lily decides to spring them both free. They escape to Tiburon, South Carolina--a town that holds the secret to her mother's past. Taken in by an eccentric trio of black beekeeping sisters, Lily is introduced to their mesmerizing world of bees and honey, and the Black Madonna. This is a remarkable novel about divine female power, a story women will share and pass on to their daughters for years to come."
186074,"The Name of the Wind (The Kingkiller Chronicle, #1)",108424,4.52,1099893,62617,662,English,2007,49551,"Told in Kvothe's own voice, this is the tale of the magically gifted young man who grows to be the most notorious wizard his world has ever seen. The intimate narrative of his childhood in a troupe of traveling players, his years spent as a near-feral orphan in a crime-ridden city, his daringly brazen yet successful bid to enter a legendary school of magic, and his life as a fugitive after the murder of a king form a gripping coming-of-age story unrivaled in recent literature. A high-action story written with a poet's hand, The Name of the Wind is a masterpiece that will transport readers into the body and mind of a wizard."
4989,The Red Tent,626222,4.21,637008,24121,324,English,1997,11107,"Her name is Dinah. In the Bible, her life is only hinted at in a brief and violent detour within the more familiar chapters of the Book of Genesis that are about her father, Jacob, and his dozen sons. Told in Dinah's voice, this novel reveals the traditions and turmoils of ancient womanhood—the world of the red tent. It begins with the story of her mothers—Leah, Rachel, Zilpah, and Bilhah—the four wives of Jacob. They love Dinah and give her gifts that sustain her through a hard-working youth, a calling to midwifery, and a new home in a foreign land. Dinah's story reaches out from a remarkable period of early history and creates an intimate connection with the past. Deeply affecting, The Red Tent combines rich storytelling with a valuable achievement in modern fiction: a new view of biblical women's society."
21671,Mystic River,10289,4.18,168271,6444,416,English,2001,4439,"When they were children, Sean Devine, Jimmy Marcus, and Dave Boyle were friends. But then a strange car pulled up to their street. One boy got into the car, two did not, and something terrible happened -- something that ended their friendship and changed all three boys forever. Twenty-five years later, Sean is a homicide detective. Jimmy is an ex-con who owns a corner store. And Dave is trying to hold his marriage together and keep his demons at bay -- demons that urge him to do terrible things. When Jimmy's daughter is found murdered, Sean is assigned to the case. His investigation brings him into conflict with Jimmy, who finds his old criminal impulses tempt him to solve the crime with brutal justice. And then there is Dave, who came home the night Jimmy's daughter died covered in someone else's blood. A tense and unnerving psychological thriller, Mystic River is also an epic novel of love and loyalty, faith and family, in which people irrevocably marked by the past find themselves on a collision course with the darkest truths of their own hidden selves."
28877,"Red Dragon (Hannibal Lecter, #1)",12455,4.07,378312,10117,454,English,2000,8489,"A second family has been massacred by the terrifying serial killer the press has christened ""The Tooth Fairy."" Special Agent Jack Crawford turns to the one man who can help restart a failed investigation: Will Graham. Graham is the greatest profiler the FBI ever had, but the physical and mental scars of capturing Hannibal Lecter have caused Graham to go into early retirement. Now, Graham must turn to Lecter for help."
117833,The Master and Margarita,3873,4.28,433661,29711,372,English,1996,41463,"The first complete, annotated English Translation of Mikhail Bulgakov's comic masterpiece. An audacious revision of the stories of Faust and Pontius Pilate, The Master and Margarita is recognized as one of the essential classics of modern Russian literature. The novel's vision of Soviet life in the 1930s is so ferociously accurate that it could not be published during its author's lifetime and appeared only in a censored edition in the 1960s. Its truths are so enduring that its language has become part of the common Russian speech. One hot spring, the devil arrives in Moscow, accompanied by a retinue that includes a beautiful naked witch and an immense talking black cat with a fondness for chess and vodka. The visitors quickly wreak havoc in a city that refuses to believe in either God or Satan. But they also bring peace to two unhappy Muscovites: one is the Master, a writer pilloried for daring to write a novel about Christ and Pontius Pilate; the other is Margarita, who loves the Master so deeply that she is willing literally to go to hell for him. What ensues is a novel of inexhaustible energy, humor, and philosophical depth, a work whose nuances emerge for the first time in Diana Burgin's and Katherine Tiernan O'Connor's splendid English version."
61439040,1984,3706,4.2,5601652,163244,368,English,2022,249817,"A masterpiece of rebellion and imprisonment where war is peace freedom is slavery and Big Brother is watching. Thought Police, Big Brother, Orwellian - these words have entered our vocabulary because of George Orwell's classic dystopian novel 1984. The story of one man's Nightmare Odyssey as he pursues a forbidden love affair through a world ruled by warring states and a power structure that controls not only information but also individual thought and memory 1984 is a prophetic haunting tale More relevant than ever before 1984 exposes the worst crimes imaginable the destruction of truth freedom and individuality. With a foreword by Thomas Pynchon. This beautiful paperback edition features deckled edges and french flaps a perfect gift for any occasion Alternate cover edition can be found here."
62080187,Never Lie,7244758,4.08,1601979,134421,286,English,2022,98266,"Newlyweds Tricia and Ethan are searching for the house of their dreams. But when they visit the remote manor that once belonged to Dr. Adrienne Hale, a renowned psychiatrist who vanished without a trace four years earlier, a violent winter storm traps them at the estate… with no chance of escape until the blizzard comes to an end. In search of a book to keep her entertained until the snow abates, Tricia happens upon a secret room. One that contains audio transcripts from every single patient Dr. Hale has ever interviewed. As Tricia listens to the cassette tapes, she learns about the terrifying chain of events leading up to Dr. Hale’s mysterious disappearance. Tricia plays the tapes one by one, late into the night. With each one, another shocking piece of the puzzle falls into place, and Dr. Adrienne Hale’s web of lies slowly unravels. And then Tricia reaches the final cassette. The one that reveals the entire horrifying truth."
7126,The Count of Monte Cristo,4785,4.33,1048546,44506,1276,English,2003,104753,"An alternative cover edition for this ISBN can be found here Thrown in prison for a crime he has not committed, Edmond Dantes is confined to the grim fortress of If. There he learns of a great hoard of treasure hidden on the Isle of Monte Cristo and becomes determined not only to escape but to unearth the treasure and use it to plot the destruction of the three men responsible for his incarceration. A huge popular success when it was first serialized in the 1840s, Dumas was inspired by a real-life case of wrongful imprisonment when writing his epic tale of suffering and retribution."
62334530,None of This Is True,93504,4.07,1152696,115500,390,English,2023,39196,"Celebrating her forty-fifth birthday at her local pub, popular podcaster Alix Summers crosses paths with an unassuming woman called Josie Fair. Josie, it turns out, is also celebrating her forty-fifth birthday. They are, in fact, birthday twins. A few days later, Alix and Josie bump into each other again, this time outside Alix’s children’s school. Josie has been listening to Alix’s podcasts and thinks she might be an interesting subject for her series. She is, she tells Alix, on the cusp of great changes in her life. Josie’s life appears to be strange and complicated, and although Alix finds her unsettling, she can’t quite resist the temptation to keep making the podcast. Slowly she starts to realise that Josie has been hiding some very dark secrets, and before she knows it, Josie has inveigled her way into Alix’s life—and into her home. But, as quickly as she arrived, Josie disappears. Only then does Alix discover that Josie has left a terrible and terrifying legacy in her wake, and that Alix has become the subject of her own true crime podcast, with her life and her family’s lives under mortal threat. Who is Josie Fair? And what has she done?"
9736930,Before I Go to Sleep,4470653,3.9,371959,26883,359,English,2011,8173,"Memories define us. So what if you lost yours every time you went to sleep? Your name, your identity, your past, even the people you love - all forgotten overnight. And the one person you trust may only be telling you half the story. Welcome to Christine's life."
33516773,"Big Little Lies (Big Little Lies, #1)",322069,4.31,1131507,60683,460,English,2017,36445,"An alternative cover edition for this ISBN can be found here. From the author of Truly Madly Guilty and The Husband s Secret comes a novel about the dangerous little lies we tell ourselves just to survive. A murder...A tragic accident...Or just parents behaving badly? What’s indisputable is that someone is dead. Madeline is a force to be reckoned with. She’s funny, biting, and passionate; she remembers everything and forgives no one. Celeste is the kind of beautiful woman who makes the world stop and stare but she is paying a price for the illusion of perfection. New to town, single mom Jane is so young that another mother mistakes her for a nanny. She comes with a mysterious past and a sadness beyond her years. These three women are at different crossroads, but they will all wind up in the same shocking place. Big Little Lies is a brilliant take on ex-husbands and second wives, mothers and daughters, schoolyard scandal, and the little lies that can turn lethal."
58468990,The Paris Apartment,7770523,3.64,738146,60547,360,English,2022,29596,"From the New York Times bestselling author of The Guest List comes a new locked room mystery, set in a Paris apartment building in which every resident has something to hide… Jess needs a fresh start. She’s broke and alone, and she’s just left her job under less than ideal circumstances. Her half-brother Ben didn’t sound thrilled when she asked if she could crash with him for a bit, but he didn’t say no, and surely everything will look better from Paris. Only when she shows up – to find a very nice apartment, could Ben really have afforded this? – he’s not there. The longer Ben stays missing, the more Jess starts to dig into her brother’s situation, and the more questions she has. Ben’s neighbors are an eclectic bunch, and not particularly friendly. Jess may have come to Paris to escape her past, but it’s starting to look like it’s Ben’s future that’s in question. The socialite – The nice guy – The alcoholic – The girl on the verge – The concierge Everyone’s a neighbor. Everyone’s a suspect. And everyone knows something they’re not telling."
43822820,"The Family Upstairs (The Family Upstairs, #1)",93504,3.95,584886,44006,352,English,2019,34492,"An alternative cover edition for this ISBN can be found here. Soon after her twenty-fifth birthday, Libby Jones returns home from work to find the letter she’s been waiting for her entire life. She rips it open with one driving thought: I am finally going to know who I am. She soon learns not only the identity of her birth parents, but also that she is the sole inheritor of their abandoned mansion on the banks of the Thames in London’s fashionable Chelsea neighborhood, worth millions. Everything in Libby’s life is about to change. But what she can’t possibly know is that others have been waiting for this day as well—and she is on a collision course to meet them. Twenty-five years ago, police were called to 16 Cheyne Walk with reports of a baby crying. When they arrived, they found a healthy ten-month-old happily cooing in her crib in the bedroom. Downstairs in the kitchen lay three dead bodies, all dressed in black, next to a hastily scrawled note. And the four other children reported to live at Cheyne Walk were gone. The can’t-look-away story of three entangled families living in a house with the darkest of secrets."
62848145,"The Housemaid's Secret (The Housemaid, #2)",7244758,4.16,1858993,124713,311,English,2023,159686,"As he continues showing me their incredible penthouse apartment, I have a terrible feeling about the woman behind closed doors. But I can't risk losing this job – not if I want to keep my darkest secret safe . . . It's hard to find an employer who doesn't ask too many questions about my past. So I thank my lucky stars that the Garricks miraculously give me a job, cleaning their stunning penthouse with views across the city and preparing fancy meals in their shiny kitchen. I can work here for a while, stay quiet until I get what I want. It's almost perfect. But I still haven't met Mrs Garrick, or seen inside the guest bedroom. I'm sure I hear her crying. I notice spots of blood around the neck of her white nightgowns when I'm doing laundry. And one day I can't help but knock on the door. When it gently swings open, what I see inside changes everything... That's when I make a promise. After all, I've done this before. I can protect Mrs. Garrick while keeping my own secrets locked up safe. Douglas Garrick has done wrong. He is going to pay. It's simply a question of how far I'm willing to go..."
36430011,"You (You, #1)",202260,3.96,296423,28736,464,English,2018,15650,"When a beautiful, aspiring writer strides into the East Village bookstore where Joe Goldberg works, he does what anyone would do: he Googles the name on her credit card. There is only one Guinevere Beck in New York City. She has a public Facebook account and Tweets incessantly, telling Joe everything he needs to know: she is simply Beck to her friends, she went to Brown University, she lives on Bank Street, and she’ll be at a bar in Brooklyn tonight—the perfect place for a “chance” meeting. As Joe invisibly and obsessively takes control of Beck’s life, he orchestrates a series of events to ensure Beck finds herself in his waiting arms. Moving from stalker to boyfriend, Joe transforms himself into Beck’s perfect man, all while quietly removing the obstacles that stand in their way—even if it means murder. A terrifying exploration of how vulnerable we all are to stalking and manipulation."
41837243,Lock Every Door,15263414,3.88,313810,35271,381,English,2019,9295,"No visitors. No nights spent away from the apartment. No disturbing the other residents, all of whom are rich or famous or both. These are the only rules for Jules Larsen's new job as an apartment sitter at the Bartholomew, one of Manhattan's most high-profile and mysterious buildings. Recently heartbroken and just plain broke, Jules is taken in by the splendor of her surroundings and accepts the terms, ready to leave her past life behind. As she gets to know the residents and staff of the Bartholomew, Jules finds herself drawn to fellow apartment sitter Ingrid, who comfortingly, disturbingly reminds her of the sister she lost eight years ago. When Ingrid confides that the Bartholomew is not what it seems and the dark history hidden beneath its gleaming facade is starting to frighten her, Jules brushes it off as a harmless ghost story—until the next day, when Ingrid disappears. Searching for the truth about Ingrid's disappearance, Jules digs deeper into the Bartholomew's dark past and into the secrets kept within its walls. Her discovery that Ingrid is not the first apartment sitter to go missing at the Bartholomew pits Jules against the clock as she races to unmask a killer, expose the building's hidden past, and escape the Bartholomew before her temporary status becomes permanent."
40389527,The Woman in the Window,7992137,3.94,899944,66222,455,English,2018,40909,"Anna Fox lives alone, a recluse in her New York City home, unable to venture outside. She spends her day drinking wine (maybe too much), watching old movies, recalling happier times . . . and spying on her neighbors. Then the Russells move into the house across the way: a father, a mother and their teenage son. The perfect family. But when Anna, gazing out her window one night, sees something she shouldn’t, her world begins to crumble and its shocking secrets are laid bare. What is real? What is imagined? Who is in danger? Who is in control? In this diabolically gripping thriller, no one—and nothing—is what it seems."
4556058,"The Last Olympian (Percy Jackson and the Olympians, #5)",15872,4.55,1170288,51689,381,English,2009,17875,"All year the half-bloods have been preparing for battle against the Titans, knowing the odds of victory are grim. Kronos's army is stronger than ever, and with every god and half-blood he recruits, the evil Titan's power only grows. While the Olympians struggle to contain the rampaging monster Typhon, Kronos begins his advance on New York City, where Mount Olympus stands virtually unguarded. Now it's up to Percy Jackson and an army of young demigods to stop the Lord of Time. In this momentous final book in the New York Times best-selling series, the long-awaited prophecy surrounding Percy's sixteenth birthday unfolds. And as the battle for Western civilization rages on the streets of Manhattan, Percy faces a terrifying suspicion that he may be fighting against his own fate."
28187230,"The Woman in Cabin 10 (Lo Blacklock, #1)",9013543,3.71,795446,54156,341,English,2016,29355,"Lo Blacklock, a journalist who writes for a travel magazine, has just been given the assignment of a lifetime: a week on a luxury cruise with only a handful of cabins. The sky is clear, the waters calm, and the veneered, select guests jovial as the exclusive cruise ship, the Aurora, begins her voyage in the picturesque North Sea. At first, Lo's stay is nothing but pleasant: the cabins are plush, the dinner parties are sparkling, and the guests are elegant. But as the week wears on, frigid winds whip the deck, gray skies fall, and Lo witnesses what she can only describe as a dark and terrifying nightmare: a woman being thrown overboard. The problem? All passengers remain accounted for and so, the ship sails on as if nothing has happened, despite Lo's desperate attempts to convey that something (or someone) has gone terribly, terribly wrong."
25574782,Pretty Girls,12504,4.0,753451,71958,432,English,2015,66293,"Twenty years ago Claire Scott's eldest sister, Julia, went missing. No one knew where she went - no note, no body. It was a mystery that was never solved and it tore her family apart. Now another girl has disappeared, with chilling echoes of the past. And it seems that she might not be the only one. Claire is convinced Julia's disappearance is linked. But when she begins to learn the truth about her sister, she is confronted with a shocking discovery, and nothing will ever be the same..."
113436,Eragon (The Inheritance Cycle #1),8349,3.97,1961924,33191,503,English,2005,23525,"An alternate cover edition for ISBN 9780375826696 can be found here. One boy... One dragon... A world of adventure. When Eragon finds a polished blue stone in the forest, he thinks it is the lucky discovery of a poor farm boy; perhaps it will buy his family meat for the winter. But when the stone brings a dragon hatchling, Eragon soon realizes he has stumbled upon a legacy nearly as old as the Empire itself. Overnight his simple life is shattered, and he is thrust into a perilous new world of destiny, magic, and power. With only an ancient sword and the advice of an old storyteller for guidance, Eragon and the fledgling dragon must navigate the dangerous terrain and dark enemies of an Empire ruled by a king whose evil knows no bounds. Can Eragon take up the mantle of the legendary Dragon Riders? The fate of the Empire may rest in his hands."
4948,The Very Hungry Caterpillar,3362,4.35,552430,12003,26,English,1994,3306,"THE all-time classic story, from generation to generation, sold somewhere in the world every 30 seconds! Have you shared it with a child or grandchild in your life? One sunny Sunday, the caterpillar was hatched out of a tiny egg. He was very hungry. On Monday, he ate through one apple; on Tuesday, he ate through three plums--and still he was hungry. When full at last, he made a cocoon around himself and went to sleep, to wake up a few weeks later wonderfully transformed into a butterfly! The brilliantly innovative Eric Carle has dramatized the story of one of Nature's commonest yet loveliest marvels, the metamorphosis of the butterfly. This audiobook will delight as well as instruct the very youngest listener."
50833559,Home Before Dark,15263414,4.04,327088,39224,389,English,2020,10206,"What was it like? Living in that house. Maggie Holt is used to such questions. Twenty-five years ago, she and her parents, Ewan and Jess, moved into Baneberry Hall, a rambling Victorian estate in the Vermont woods. They spent three weeks there before fleeing in the dead of night, an ordeal Ewan later recounted in a nonfiction book called House of Horrors. His tale of ghostly happenings and encounters with malevolent spirits became a worldwide phenomenon, rivaling The Amityville Horror in popularity—and skepticism. Today, Maggie is a restorer of old homes and too young to remember any of the events mentioned in her father’s book. But she also doesn’t believe a word of it. Ghosts, after all, don’t exist. When Maggie inherits Baneberry Hall after her father’s death, she returns to renovate the place to prepare it for sale. But her homecoming is anything but warm. People from the past, chronicled in House of Horrors, lurk in the shadows. And locals aren’t thrilled that their small town has been made infamous thanks to Maggie’s father. Even more unnerving is Baneberry Hall itself—a place filled with relics from another era that hint at a history of dark deeds. As Maggie experiences strange occurrences straight out of her father’s book, she starts to believe that what he wrote was more fact than fiction. In the latest thriller from New York Times bestseller Riley Sager, a woman returns to the house made famous by her father’s bestselling horror memoir. Is the place really haunted by evil forces, as her father claimed? Or are there more earthbound—and dangerous—secrets hidden within its walls?"
2373,"The Bone Collector (Lincoln Rhyme, #1)",1612,4.2,197512,4294,528,English,1998,4017,"Lincoln Rhyme was once a brilliant criminologist, a genius in the field of forensics -- until an accident left him physically and emotionally shattered. But now a diabolical killer is challenging Rhyme to a terrifying and ingenious duel of wits. With police detective Amelia Sachs by his side, Rhyme must follow a labyrinth of clues that reaches back to a dark chapter in New York City's past -- and into the darkness as well of the mind of a madman who won't stop until he has stripped life down to the bone."
62703226,The Only One Left,15263414,4.13,661864,84443,383,English,2023,24635,"At seventeen, Lenora Hope Hung her sister with a rope Now reduced to a schoolyard chant, the Hope family murders shocked the Maine coast one bloody night in 1929. While most people assume seventeen-year-old Lenora was responsible, the police were never able to prove it. Other than her denial after the killings, she has never spoken publicly about that night, nor has she set foot outside Hope’s End, the cliffside mansion where the massacre occurred. Stabbed her father with a knife Took her mother’s happy life It’s now 1983, and home-health aide Kit McDeere arrives at a decaying Hope’s End to care for Lenora after her previous nurse fled in the middle of the night. In her seventies and confined to a wheelchair, Lenora was rendered mute by a series of strokes and can only communicate with Kit by tapping out sentences on an old typewriter. One night, Lenora uses it to make a tantalizing offer—I want to tell you everything. “It wasn’t me,” Lenora said But she’s the only one not dead As Kit helps Lenora write about the events leading to the Hope family massacre, it becomes clear there’s more to the tale than people know. But when new details about her predecessor’s departure come to light, Kit starts to suspect Lenora might not be telling the complete truth—and that the seemingly harmless woman in her care could be far more dangerous than she first thought."
28815474,The Couple Next Door,1278320,3.8,728013,47226,308,English,2016,25219,"You never know what's happening on the other side of the wall. Your neighbour told you that she didn't want your six-month-old daughter at the dinner party. Nothing personal, she just couldn't stand her crying. Your husband said it would be fine. After all, you only live next door. You'll have the baby monitor and you'll take it in turns to go back every half hour. Your daughter was sleeping when you checked on her last. But now, as you race up the stairs in your deathly quiet house, your worst fears are realized. She's gone. You've never had to call the police before. But now they're in your home, and who knows what they'll find there. What would you be capable of, when pushed past your limit?"
29437949,Behind Closed Doors,14425604,3.97,775624,59687,293,English,2016,33439,"THE INSTANT NEW YORK TIMES AND USA TODAY BESTSELLING DEBUT PSYCHOLOGICAL THRILLER YOU CAN'T MISS! The perfect marriage? Or the perfect lie? “A hair-raising debut, both unsettling and addictive...A chilling thriller that will keep you reading long into the night.” ―Mary Kubica, New York Times and USA Today bestselling author of The Good Girl “This is one readers won’t be able to put down.” ―Booklist (starred review) ""A can’t-put-down psychological thriller.” ―Library Journal (starred review) “This debut is guaranteed to haunt you...Warning: brace yourself.” ―Bustle (10 New Thrillers to Read This Summer) “The sense of believably and terror that engulfs Behind Closed Doors doesn't waver.” ―The Associated Press, picked up by The Washington Post “This was one of the best and most terrifying psychological thrillers I have ever read.” ―San Francisco Book Review Everyone knows a couple like Jack and Grace. He has looks and wealth; she has charm and elegance. He’s a dedicated attorney who has never lost a case; she is a flawless homemaker, a masterful gardener and cook, and dotes on her disabled younger sister. Though they are still newlyweds, they seem to have it all. You might not want to like them, but you do. You’re hopelessly charmed by the ease and comfort of their home, by the graciousness of the dinner parties they throw. You’d like to get to know Grace better. But it’s difficult, because you realize Jack and Grace are inseparable. Some might call this true love. Others might wonder why Grace never answers the phone. Or why she can never meet for coffee, even though she doesn’t work. How she can cook such elaborate meals but remain so slim. Or why she never seems to take anything with her when she leaves the house, not even a pen. Or why there are such high-security metal shutters on all the downstairs windows. Some might wonder what’s really going on once the dinner party is over, and the front door has closed. From bestselling author B.A. Paris comes the gripping thriller and international phenomenon Behind Closed Doors."
32796253,Final Girls,15263414,3.82,271353,29158,352,English,2017,9346,"Ten years ago, college student Quincy Carpenter went on vacation with five friends and came back alone, the only survivor of a horror movie–scale massacre. In an instant, she became a member of a club no one wants to belong to—a group of similar survivors known in the press as the Final Girls. Lisa, who lost nine sorority sisters to a college dropout's knife; Sam, who went up against the Sack Man during her shift at the Nightlight Inn; and now Quincy, who ran bleeding through the woods to escape Pine Cottage and the man she refers to only as Him. The three girls are all attempting to put their nightmares behind them, and, with that, one another. Despite the media's attempts, they never meet. Now, Quincy is doing well—maybe even great, thanks to her Xanax prescription. She has a caring almost-fiancé, Jeff; a popular baking blog; a beautiful apartment; and a therapeutic presence in Coop, the police officer who saved her life all those years ago. Her memory won’t even allow her to recall the events of that night; the past is in the past. That is, until Lisa, the first Final Girl, is found dead in her bathtub, wrists slit, and Sam, the second, appears on Quincy's doorstep. Blowing through Quincy's life like a whirlwind, Sam seems intent on making Quincy relive the past, with increasingly dire consequences, all of which makes Quincy question why Sam is really seeking her out. And when new details about Lisa's death come to light, Quincy's life becomes a race against time as she tries to unravel Sam's truths from her lies, evade the police and hungry reporters, and, most crucially, remember what really happened at Pine Cottage, before what was started ten years ago is finished."
35522836,No Exit,8475510,3.98,221630,26396,287,English,2017,15134,"A kidnapped little girl locked in a stranger's van. No help for miles. What would you do? Darby Thorne is a college student stranded by a blizzard at a highway rest stop in the middle of nowhere. She’s on the way home to see her sick mother. She’ll have to spend the night in the rest stop with four complete strangers. Then she stumbles across a little girl locked inside one of their parked cars. There is no cell phone reception, no telephone, no way out because of the snow, and she doesn’t know which one of the other travelers is the kidnapper. Who is the little girl? Why has she been taken? And how can Darby save her?"
54981009,"The Last Thing He Told Me (Hannah Hall, #1)",2672,3.83,1180236,75431,307,English,2021,50444,"A Goodreads Top 20 Book of the Last 5 Years Don’t miss the #1 New York Times bestselling blockbuster and Reese Witherspoon Book Club Pick that’s sold over 5 million copies—now streaming on Apple TV+ starring Jennifer Garner! The “page-turning, exhilarating” (PopSugar) and “heartfelt thriller” (Real Simple) about a woman who thinks she’s found the love of her life—until he disappears. Before Owen Michaels disappears, he smuggles a note to his beloved wife of one year: Protect her. Despite her confusion and fear, Hannah Hall knows exactly to whom the note refers—Owen’s sixteen-year-old daughter, Bailey. Bailey, who lost her mother tragically as a child. Bailey, who wants absolutely nothing to do with her new stepmother. As Hannah’s increasingly desperate calls to Owen go unanswered, as the FBI arrests Owen’s boss, as a US marshal and federal agents arrive at her Sausalito home unannounced, Hannah quickly realizes her husband isn’t who he said he was. And that Bailey just may hold the key to figuring out Owen’s true identity—and why he really disappeared. Hannah and Bailey set out to discover the truth. But as they start putting together the pieces of Owen’s past, they soon realize they’re also building a new future—one neither of them could have anticipated. With its breakneck pacing, dizzying plot twists, and evocative family drama, The Last Thing He Told Me is a “page-turning, exhilarating, and unforgettable” (PopSugar) suspense novel."
100915,"The Lion, the Witch and the Wardrobe (Chronicles of Narnia, #1)",1069006,4.24,3187429,42894,206,English,2005,21418,"Narnia… the land beyond the wardrobe door, a secret place frozen in eternal winter, a magical country waiting to be set free. Lucy is the first to find the secret of the wardrobe in the professor's mysterious old house. At first her brothers and sister don't believe her when she tells of her visit to the land of Narnia. But soon Edmund, then Peter and Susan step through the wardrobe themselves. In Narnia they find a country buried under the evil enchantment of the White Witch. When they meet the Lion Aslan, they realize they've been called to a great adventure and bravely join the battle to free Narnia from the Witch's sinister spell."
99561,Looking for Alaska,1406384,3.96,1766052,83817,221,English,2006,34023,"Before. Miles “Pudge” Halter is done with his safe life at home. His whole life has been one big non-event, and his obsession with famous last words has only made him crave “the Great Perhaps” even more (Francois Rabelais, poet). He heads off to the sometimes crazy and anything-but-boring world of Culver Creek Boarding School, and his life becomes the opposite of safe. Because down the hall is Alaska Young. The gorgeous, clever, funny, sexy, self-destructive, screwed up, and utterly fascinating Alaska Young. She is an event unto herself. She pulls Pudge into her world, launches him into the Great Perhaps, and steals his heart. Then. . . . After. Nothing is ever the same."
35297426,Then She Was Gone,93504,4.04,1047632,78982,356,English,2018,58287,"THEN She was fifteen, her mother's golden girl. She had her whole life ahead of her. And then, in the blink of an eye, Ellie was gone. NOW It’s been ten years since Ellie disappeared, but Laurel has never given up hope of finding her daughter. And then one day a charming and charismatic stranger called Floyd walks into a café and sweeps Laurel off her feet. Before too long she’s staying the night at this house and being introduced to his nine year old daughter. Poppy is precocious and pretty - and meeting her completely takes Laurel's breath away. Because Poppy is the spitting image of Ellie when she was that age. And now all those unanswered questions that have haunted Laurel come flooding back. What happened to Ellie? Where did she go? Who still has secrets to hide?"
23437156,"Six of Crows (Six of Crows, #1)",4575289,4.45,1180444,126984,480,English,2015,74849,Alternate cover of ISBN 9781627792127 Ketterdam: a bustling hub of international trade where anything can be had for the right price—and no one knows that better than criminal prodigy Kaz Brekker. Kaz is offered a chance at a deadly heist that could make him rich beyond his wildest dreams. But he can’t pull it off alone... A convict with a thirst for revenge A sharpshooter who can’t walk away from a wager A runaway with a privileged past A spy known as the Wraith A Heartrender using her magic to survive the slums A thief with a gift for unlikely escapes Six dangerous outcasts. One impossible heist. Kaz’s crew is the only thing that might stand between the world and destruction—if they don’t kill each other first.
57693172,A Flicker in the Dark,21408101,3.97,624666,53109,357,English,2022,33909,"When Chloe Davis was twelve, six teenage girls went missing in her small Louisiana town. By the end of the summer, Chloe’s father had been arrested as a serial killer and promptly put in prison. Chloe and the rest of her family were left to grapple with the truth and try to move forward while dealing with the aftermath. Now 20 years later, Chloe is a psychologist in private practice in Baton Rouge and getting ready for her wedding. She finally has a fragile grasp on the happiness she’s worked so hard to get. Sometimes, though, she feels as out of control of her own life as the troubled teens who are her patients. And then a local teenage girl goes missing, and then another, and that terrifying summer comes crashing back. Is she paranoid, and seeing parallels that aren't really there, or for the second time in her life, is she about to unmask a killer? In a debut novel that has already been optioned for a limited series by actress Emma Stone and sold to a dozen countries around the world, Stacy Willingham has created an unforgettable character in a spellbinding thriller that will appeal equally to fans of Gillian Flynn and Karin Slaughter."
6310,"Charlie and the Chocolate Factory (Charlie Bucket, #1)",4273,4.17,940884,19284,176,English,2005,9159,Charlie Bucket's wonderful adventure begins when he finds one of Mr. Willy Wonka's precious Golden Tickets and wins a whole day inside the mysterious chocolate factory. Little does he know the surprises that are in store for him! (back cover)
24583,The Adventures of Tom Sawyer,1244,3.92,1031150,17347,244,English,2006,27566,"The exploits of Tom Sawyer, a consummate prankster with a quick wit, captivate children of all ages. Yet through the novel's humorous escapades, from the episodes of the whitewashed fence and the ordeal in the cave to the trial of Injun Joe, Mark Twain explores deeper themes within the adult world Tom will one day join. These include the baser human instincts of dishonesty and superstition, murder and revenge, starvation and slavery."
2187,Middlesex,1467,4.04,667865,28834,529,English,2002,14079,"The astonishing tale of a gene that passes down through three generations of a Greek-American family and flowers in the body of a teenage girl. In the spring of 1974, Calliope Stephanides, a student at a girls' school in Grosse Pointe, finds herself drawn to a chain-smoking, strawberry blond classmate with a gift for acting. The passion that furtively develops between them--along with Callie's failure to develop--leads Callie to suspect that she is not like other girls. In fact, she is not really a girl at all. The explanation for this shocking state of affairs takes us out of suburbia- back before the Detroit race riots of 1967, before the rise of the Motor City and Prohibition, to 1922, when the Turks sacked Smyrna and Callie's grandparents fled for their lives. Back to a tiny village in Asia Minor where two lovers, and one rare genetic mutation, set in motion the metamorphosis that will turn Callie into a being both mythical and perfectly a hermaphrodite. Spanning eight decades--and one unusually awkward adolescence- Jeffrey Eugenides's long-awaited second novel is a grand, utterly original fable of crossed bloodlines, the intricacies of gender, and the deep, untidy promptings of desire."
1232,"The Shadow of the Wind (The Cemetery of Forgotten Books, #1)",815,4.31,734908,61715,487,English,2005,37752,"Barcelona, 1945: A city slowly heals from its war wounds, and Daniel, an antiquarian book dealer's son who mourns the loss of his mother, finds solace in a mysterious book entitled The Shadow of the Wind, by one Julian Carax. But when he sets out to find the author's other works, he makes a shocking discovery: someone has been systematically destroying every copy of every book Carax has written. In fact, Daniel may have the last of Carax's books in existence. Soon Daniel's seemingly innocent quest opens a door into one of Barcelona's darkest secrets--an epic story of murder, madness, and doomed love."
6900,"Tuesdays with Morrie: An Old Man, a Young Man, and Life's Greatest Lesson",2331,4.21,1232164,59984,210,English,2000,28291,"Maybe it was a grandparent, or a teacher or a colleague. Someone older, patient and wise, who understood you when you were young and searching, and gave you sound advice to help you make your way through it. For Mitch Albom, that person was Morrie Schwartz, his college professor from nearly twenty years ago. Maybe, like Mitch, you lost track of this mentor as you made your way, and the insights faded. Wouldn't you like to see that person again, ask the bigger questions that still haunt you? Mitch Albom had that second chance. He rediscovered Morrie in the last months of the older man's life. Knowing he was dying of ALS - or motor neurone disease - Mitch visited Morrie in his study every Tuesday, just as they used to back in college. Their rekindled relationship turned into one final 'class': lessons in how to live."
1618,The Curious Incident of the Dog in the Night-Time,1050,3.89,1613731,62754,226,English,2004,18115,"Christopher John Francis Boone knows all the countries of the world and their capitals and every prime number up to 7,057. He relates well to animals but has no understanding of human emotions. He cannot stand to be touched. And he detests the color yellow. This improbable story of Christopher’s quest to investigate the suspicious death of a neighborhood dog makes for one of the most captivating, unusual, and widely heralded novels in recent years."
38709,"Holes (Holes, #1)",6569,4.01,1378712,31063,272,English,2000,11554,"Stanley Yelnats is under a curse. A curse that began with his no-good-dirty-rotten-pig-stealing-great-great-grandfather and has since followed generations of Yelnats. Now Stanley has been unjustly sent to a boys’ detention center, Camp Green Lake, where the boys build character by spending all day, every day digging holes exactly five feet wide and five feet deep. There is no lake at Camp Green Lake. But there are an awful lot of holes. It doesn’t take long for Stanley to realize there’s more than character improvement going on at Camp Green Lake. The boys are digging holes because the warden is looking for something. But what could be buried under a dried-up lake? Stanley tries to dig up the truth in this inventive and darkly humorous tale of crime and punishment—and redemption."
1,"Harry Potter and the Half-Blood Prince (Harry Potter, #6)",1077326,4.58,3711479,72488,652,English,2005,57199,"It is the middle of the summer, but there is an unseasonal mist pressing against the windowpanes. Harry Potter is waiting nervously in his bedroom at the Dursleys' house in Privet Drive for a visit from Professor Dumbledore himself. One of the last times he saw the Headmaster, he was in a fierce one-to-one duel with Lord Voldemort, and Harry can't quite believe that Professor Dumbledore will actually appear at the Dursleys' of all places. Why is the Professor coming to visit him now? What is it that cannot wait until Harry returns to Hogwarts in a few weeks' time? Harry's sixth year at Hogwarts has already got off to an unusual start, as the worlds of Muggle and magic start to intertwine..."
9717,The Unbearable Lightness of Being,6343,4.1,555030,34450,314,English,2009,29800,"In The Unbearable Lightness of Being, Milan Kundera tells the story of a young woman in love with a man torn between his love for her and his incorrigible womanizing and one of his mistresses and her humbly faithful lover. This magnificent novel juxtaposes geographically distant places, brilliant and playful reflections, and a variety of styles, to take its place as perhaps the major achievement of one of the world’s truly great writers."
119073,The Name of the Rose,1730,4.14,400700,16132,552,English,1994,21065,"The year is 1327. Franciscans in a wealthy Italian abbey are suspected of heresy, and Brother William of Baskerville arrives to investigate. When his delicate mission is suddenly overshadowed by seven bizarre deaths, Brother William turns to the logic of Aristotle, the theology of Aquinas, and the empirical insights of Roger Bacon to find the killer. He collects evidence, deciphers secret symbols and coded manuscripts, and digs into the eerie labyrinth of the abbey (“where the most interesting things happen at night”) armed with a wry sense of humor and a ferocious curiosity."
70401,On the Road,1742,3.61,453694,23679,307,English,1976,20984,"A quintessential novel of America & the Beat Generation On the Road chronicles Jack Kerouac's years traveling the N. American continent with his friend Neal Cassady, ""a sideburned hero of the snowy West."" As ""Sal Paradise"" & ""Dean Moriarty,"" the two roam the country in a quest for self-knowledge & experience. Kerouac's love of America, compassion for humanity & sense of language as jazz combine to make On the Road an inspirational work of lasting importance. This classic novel of freedom & longing defined what it meant to be ""Beat"" & has inspired every generation since its initial publication."
10365,Where the Red Fern Grows,6810,4.13,445566,16138,272,English,2000,7337,"Billy, Old Dan, and Little Ann—a boy and his two dogs... A loving threesome, they ranged the dark hills and river bottoms of Cherokee County. Old Dan had the brawn, Little Ann had the brains—and Billy had the will to train them to be the finest hunting team in the valley. Glory and victory were coming to them, but sadness waited too. And close by was the strange and wonderful power that's only found... Where the Red Fern Grows—An exciting tale of love and adventure you'll never forget. (from the back cover)"
6148028,"Catching Fire (The Hunger Games, #2)",153394,4.36,4238413,158055,391,English,2009,62196,"Sparks are igniting. Flames are spreading. And the Capitol wants revenge. Against all odds, Katniss Everdeen has won the Hunger Games. She and fellow District 12 tribute Peeta Mellark are miraculously still alive. Katniss should be relieved, happy even. After all, she has returned to her family and her longtime friend, Gale. Yet nothing is the way Katniss wishes it to be. Gale holds her at an icy distance. Peeta has turned his back on her completely. And there are whispers of a rebellion against the Capitol—a rebellion that Katniss and Peeta may have helped create. Much to her shock, Katniss has fueled an unrest that she's afraid she cannot stop. And what scares her even more is that she's not entirely convinced she should try. As time draws near for Katniss and Peeta to visit the districts on the Capitol's cruel Victory Tour, the stakes are higher than ever. If they can't prove, without a shadow of a doubt, that they are lost in their love for each other, the consequences will be horrifying. In Catching Fire, the second novel of the Hunger Games trilogy, Suzanne Collins continues the story of Katniss Everdeen, testing her more than ever before . . . and surprising readers at every turn."
13623848,The Song of Achilles,176372,4.3,2074133,223697,408,English,2012,143030,"Alternate cover edition of ISBN 9780062060624. Achilles, ""the best of all the Greeks,"" son of the cruel sea goddess Thetis and the legendary king Peleus, is strong, swift, and beautiful, irresistible to all who meet him. Patroclus is an awkward young prince, exiled from his homeland after an act of shocking violence. Brought together by chance, they forge an inseparable bond, despite risking the gods' wrath. They are trained by the centaur Chiron in the arts of war and medicine, but when word comes that Helen of Sparta has been kidnapped, all the heroes of Greece are called upon to lay siege to Troy in her name. Seduced by the promise of a glorious destiny, Achilles joins their cause, and torn between love and fear for his friend, Patroclus follows. Little do they know that the cruel Fates will test them both as never before and demand a terrible sacrifice."
22034,"The Godfather (The Godfather, #1)",12605,4.4,470768,15856,428,English,2002,13170,"The Godfather—the epic tale of crime and betrayal that became a global phenomenon. Almost fifty years ago, a classic was born. A searing portrayal of the Mafia underworld, The Godfather introduced readers to the first family of American crime fiction, the Corleones, and their powerful legacy of tradition, blood, and honor. The seduction of power, the pitfalls of greed, and the allegiance to family—these are the themes that have resonated with millions of readers around the world and made The Godfather the definitive novel of the violent subculture that, steeped in intrigue and controversy, remains indelibly etched in our collective consciousness."
168642,In Cold Blood,431149,4.09,742134,29920,343,English,1994,22734,"On November 15, 1959, in the small town of Holcomb, Kansas, four members of the Clutter family were savagely murdered by blasts from a shotgun held a few inches from their faces. There was no apparent motive for the crime, and there were almost no clues. As Truman Capote reconstructs the murder and the investigation that led to the capture, trial, and execution of the killers, he generates both mesmerizing suspense and astonishing empathy. In Cold Blood is a work that transcends its moment, yielding poignant insights into the nature of American violence."
12296,The Scarlet Letter,7799,3.44,930349,24377,279,English,2002,21681,"यह क्लासिक कहानी महान त्रासदी की सामग्री के लिए हमारे देश की ऐतिहासिक और नैतिक जड़ों तक पहुंचती है। न्यू इंग्लैंड के एक उपनिवेश में स्थापित, उपन्यास एक एकल, भावुक अभिनय को दिखाता है जिसमें समुदाय के सभी सदस्यों के जीवन पर प्रभाव पड़ता है। यह क्लासिक कहानी महान त्रासदी की सामग्री के लिए हमारे देश की ऐतिहासिक और नैतिक जड़ों तक पहुंचती है। न्यू इंग्लैंड के एक उपनिवेश में स्थापित, उपन्यास एक एकल, भावुक अभिनय को दिखाता है जिसमें समुदाय के सभी सदस्यों के जीवन पर प्रभाव पड़ता है। यह क्लासिक कहानी महान त्रासदी की सामग्री के लिए हमारे देश की ऐतिहासिक और नैतिक जड़ों तक पहुंचती है। न्यू इंग्लैंड के एक उपनिवेश में स्थापित, उपन्यास एक एकल, भावुक अभिनय को दिखाता है जिसमें समुदाय के सभी सदस्यों के जीवन पर प्रभाव पड़ता है।"
30165203,"American Gods: Tenth Anniversary (American Gods, #1)",1221698,4.1,997100,50456,635,English,2011,45222,"Days before his release from prison, Shadow's wife, Laura, dies in a mysterious car crash. Numbly, he makes his way back home. On the plane, he encounters the enigmatic Mr Wednesday, who claims to be a refugee from a distant war, a former god and the king of America. Together they embark on a profoundly strange journey across the heart of the USA, whilst all around them a storm of preternatural and epic proportions threatens to break. Scary, gripping and deeply unsettling, American Gods takes a long, hard look into the soul of America. You'll be surprised by what - and who - it finds there..."
3431,The Five People You Meet in Heaven,2331,4.02,817716,37528,196,English,2003,17955,"From the author of the phenomenal #1 New York Times bestseller Tuesdays with Morrie, a novel that explores the unexpected connections of our lives, and the idea that heaven is more than a place; it's an answer. Eddie is a wounded war veteran, an old man who has lived, in his mind, an uninspired life. His job is fixing rides at a seaside amusement park. On his 83rd birthday, a tragic accident kills him as he tries to save a little girl from a falling cart. He awakes in the afterlife, where he learns that heaven is not a destination. It's a place where your life is explained to you by five people, some of whom you knew, others who may have been strangers. One by one, from childhood to soldier to old age, Eddie's five people revisit their connections to him on earth, illuminating the mysteries of his ""meaningless"" life, and revealing the haunting secret behind the eternal question: ""Why was I here?"""
472331,Watchmen,3961,4.39,600115,19513,416,English,2005,11731,"Watchmen, the groundbreaking series from award-winning author Alan Moore and Dave Gibbons, presents a world where the mere presence of American superheroes changed history—the U.S. won the Vietnam War, Nixon is still president, and the Cold War is in full effect. Considered the greatest graphic novel in the history of the medium, the Hugo Award-winning story chronicles the fall from grace of a group of superheroes plagued by all-too-human failings. Along the way, the concept of the superhero is dissected as an unknown assassin stalks the erstwhile heroes."
6656,The Divine Comedy: Inferno - Purgatorio - Paradiso,5031312,4.09,175754,8224,798,English,1995,40067,"This Everyman’s Library edition–containing in one volume all three cantos, Inferno, Purgatorio, and Paradiso–includes an introduction by Nobel Prize—winning poet Eugenio Montale, a chronology, notes, and a bibliography. Also included are forty-two drawings selected from Botticelli’s marvelous late-fifteenth-century series of illustrations. Translated in this edition by Allen Mandelbaum, The Divine Comedy begins in a shadowed forest on Good Friday in the year 1300. It proceeds on a journey that, in its intense recreation of the depths and the heights of human experience, has become the key with which Western civilization has sought to unlock the mystery of its own identity. Mandelbaum’s astonishingly Dantean translation, which captures so much of the life of the original, renders whole for us the masterpiece of that genius whom our greatest poets have recognized as a central model for all poets."
355697,All Quiet on the Western Front,4116,4.12,529411,24065,296,English,1987,14815,"One by one the boys begin to fall… In 1914 a room full of German schoolboys, fresh-faced and idealistic, are goaded by their schoolmaster to troop off to the ‘glorious war’. With the fire and patriotism of youth they sign up. What follows is the moving story of a young ‘unknown soldier’ experiencing the horror and disillusionment of life in the trenches."
233093,"The Cat in the Hat (Cat in the Hat, #1)",61105,4.2,592778,7819,61,English,1985,3317,"Have a ball with Dr. Seuss and the Cat in the Hat in this classic picture book...but don't forget to clean up your mess! Then he said That is that. And then he was gone With a tip of his hat. A dreary day turns into a wild romp when this beloved story introduces readers to the Cat in the Hat and his troublemaking friends, Thing 1 and Thing 2 – And don't forget Fish! A favorite among kids, parents and teachers, this story uses simple words and basic rhyme to encourage and delight beginning readers. Originally created by Dr. Seuss himself, Beginner Books are fun, funny, and easy to read. These unjacketed hardcover early readers encourage children to read all on their own, using simple words and illustrations. Smaller than the classic large format Seuss picture books like The Lorax and Oh, The Places You'll Go!, these portable packages are perfect for practicing readers ages 3-7, and lucky parents too!"
28676,American Psycho,2751,3.8,371453,26766,399,English,1991,19860,"Patrick Bateman is twenty-six and works on Wall Street. He is handsome, sophisticated, charming and intelligent. He is also a psychopath. Taking us to head-on collision with America's greatest dream—and its worst nightmare—American Psycho is a bleak, bitter, black comedy about a world we all recognize but do not wish to confront."
12067,"Good Omens: The Nice and Accurate Prophecies of Agnes Nutter, Witch",1654,4.25,833585,45101,491,English,1990,40948,"According to the Nice and Accurate Prophecies of Agnes Nutter - the world's only totally reliable guide to the future - the world will end on a Saturday. Next Saturday, in fact. Just after tea... People have been predicting the end of the world almost from its very beginning, so it’s only natural to be sceptical when a new date is set for Judgement Day. This time though, the armies of Good and Evil really do appear to be massing. The four Bikers of the Apocalypse are hitting the road. But both the angels and demons – well, one fast-living demon and a somewhat fussy angel – would quite like the Rapture not to happen. And someone seems to have misplaced the Antichrist…"
256008,"Lonesome Dove (Lonesome Dove, #1)",1055,4.59,258645,21637,960,English,1999,29806,"A love story, an adventure, and an epic of the frontier, Larry McMurtry’s Pulitzer Prize-winning classic, Lonesome Dove, the third book in the Lonesome Dove tetralogy, is the grandest novel ever written about the last defiant wilderness of America. Journey to the dusty little Texas town of Lonesome Dove and meet an unforgettable assortment of heroes and outlaws, whores and ladies, Indians and settlers. Richly authentic, beautifully written, always dramatic, Lonesome Dove is a book to make us laugh, weep, dream, and remember."
114345,"The Little House Collection (Little House, #1-9)",5300,4.36,157728,2578,2700,English,2003,618,"This nine-book paperback box set of the classic series features the classic black-and-white artwork from Garth Williams. The nine books in the timeless Little House series tell the story of Laura’s real childhood as an American pioneer, and are cherished by readers of all generations. They offer a unique glimpse into life on the American frontier, and tell the heartwarming, unforgettable story of a loving family. Little House in the Big Woods Meet the Ingalls family—Laura, Ma, Pa, Mary, and baby Carrie, who all live in a cozy log cabin in the big woods of Wisconsin in the 1870s. Though many of their neighbors are wolves and panthers and bears, the woods feel like home, thanks to Ma’s homemade cheese and butter and the joyful sounds of Pa’s fiddle. Farmer Boy As Laura Ingalls is growing up in a little house in Kansas, Almanzo Wilder lives on a big farm in New York. He and his brothers and sisters work hard from dawn to supper to help keep their family farm running. Almanzo wishes for just one thing—his very own horse—but he must prove that he is ready for such a big responsibility. Little House on the Prairie When Pa decides to sell the log house in the woods, the family packs up and moves from Wisconsin to Kansas, where Pa builds them their little house on the prairie! Living on the farm is different from living in the woods, but Laura and her family are kept busy and are happy with the promise of their new life on the prairie. On the Banks of Plum Creek The Ingalls family lives in a sod house beside Plum Creek in Minnesota until Pa builds them a new house made of sawed lumber. The money for the lumber will come from their first wheat crop. But then, just before the wheat is ready to harvest, a strange glittering cloud fills the sky, blocking out the sun. Millions of grasshoppers cover the field and everything on the farm, and by the end of a week, there is no wheat crop left. By the Shores of Silver Lake Pa Ingalls heads west to the unsettled wilderness of the Dakota Territory. When Ma, Mary, Laura, Carrie, and baby Grace join him, they become the first settlers in the town of De Smet. Pa starts work on the first building of the brand new town, located on the shores of Silver Lake. The Long Winter The first terrible storm comes to the barren prairie in October. Then it snows almost without stopping until April. With snow piled as high as the rooftops, it’s impossible for trains to deliver supplies, and the townspeople, including Laura and her family, are starving. Young Almanzo Wilder, who has settled in the town, risks his life to save the town. Little Town on the Prairie De Smet is rejuvenated with the beginning of spring. But in addition to the parties, socials, and “literaries,” work must continue. Laura spends many hours sewing shirts to help Ma and Pa get enough money to send Mary to a college for the blind. But in the evenings, Laura makes time for a new caller, Almanzo Wilder. These Happy Golden Years Laura must continue to earn money to keep Mary in her college for the blind, so she gets a job as a teacher. It’s not easy, and for the first time she’s living away from home. But it gets a little better every Friday, when Almanzo picks Laura up to take her back home for the weekend. Though Laura is still young, she and Almanzo are officially courting, and she knows that this is a time for new beginnings. The First Four Years Laura Ingalls and Almanzo Wilder have just been married! They move to a small prairie homestead to start their lives together. But each year brings new challenges—storms, sickness, fire, and unpaid debts. These first four years call for courage, strength, and a great deal of determination. And through it all, Laura and Almanzo still have their love, which only grows when baby Rose arrives."
6339664,"Hush, Hush (Hush, Hush, #1)",2876763,3.92,748357,32336,391,English,2009,7700,"A SACRED OATH A FALLEN ANGEL A FORBIDDEN LOVE Romance was not part of Nora Grey's plan. She's never been particularly attracted to the boys at her school, no matter how hard her best friend, Vee, pushes them at her. Not until Patch comes along. With his easy smile and eyes that seem to see inside her, Patch draws Nora to him against her better judgment. But after a series of terrifying encounters, Nora's not sure whom to trust. Patch seems to be everywhere she is and seems to know more about her than her closest friends. She can't decide whether she should fall into his arms or run and hide. And when she tries to seek some answers, she finds herself near a truth that is way more unsettling than anything Patch makes her feel. For she is right in the middle of an ancient battle between the immortal and those that have fallen - and, when it comes to choosing sides, the wrong choice will cost Nora her life."
10956,The Virgin Suicides,1467,3.78,425401,33837,250,English,2002,21219,"The shocking thing about the girls was how nearly normal they seemed when their mother let them out for the one and only date of their lives. Twenty years on, their enigmatic personalities are embalmed in the memories of the boys who worshipped them and who now recall their shared adolescence- the brassiere draped over a crucifix belonging to the promiscuous Lux; the sisters' breathtaking appearance on the night of the dance; and the sultry, sleepy street across which they watched a family disintegrate and fragile lives disappear."
34268,"Peter Pan (Peter Pan, #2)",5255014,4.03,376430,18867,155,English,2003,20279,"A fabulously redesigned edition of a Michael Hague backlist classic Peter Pan, the book based on J. M. Barrie's famous play, is filled with unforgettable characters: Peter Pan, the boy who would not grow up; the fairy, Tinker Bell; the evil pirate, Captain Hook; and the three children-Wendy, John, and Michael-who fly off with Peter Pan to Neverland, where they meet Indians and pirates and a crocodile that ticks. Renowned children's-book artist Michael Hague has brought the amazing adventures of Peter Pan to life. His beautiful illustrations capture the wild, seductive power of this classic book. This newly designed edition will be enjoyed by fans young and old alike."
561456,"The Titan’s Curse (Percy Jackson and the Olympians, #3)",15872,4.37,1241792,49718,352,English,2007,23553,"It's not everyday you find yourself in combat with a half-lion, half-human. But when you're the son of a Greek god, it happens. And now my friend Annabeth is missing, a goddess is in chains and only five half-blood heroes can join the quest to defeat the doomsday monster. Oh, and guess what? The Oracle has predicted that not all of us will survive..."
31685789,Room,23613,4.08,842755,52610,321,English,2010,10699,"To five-year-old-Jack, Room is the world.... Told in the inventive, funny, and poignant voice of Jack, Room is a celebration of resilience—and a powerful story of a mother and son whose love lets them survive the impossible. To five-year-old Jack, Room is the entire world. It is where he was born and grew up; it's where he lives with his Ma as they learn and read and eat and sleep and play. At night, his Ma shuts him safely in the wardrobe, where he is meant to be asleep when Old Nick visits. Room is home to Jack, but to Ma, it is the prison where Old Nick has held her captive for seven years. Through determination, ingenuity, and fierce motherly love, Ma has created a life for Jack. But she knows it's not enough ... not for her or for him. She devises a bold escape plan, one that relies on her young son's bravery and a lot of luck. What she does not realize is just how unprepared she is for the plan to actually work. Told entirely in the language of the energetic, pragmatic five-year-old Jack, Room is a celebration of resilience and the limitless bond between parent and child, a brilliantly executed novel about what it means to journey from one world to another."
2120932,"The Battle of the Labyrinth (Percy Jackson and the Olympians, #4)",15872,4.42,1239296,43356,361,English,2008,20429,"Percy Jackson isn't expecting freshman orientation to be any fun. But when a mysterious mortal acquaintance appears at his potential new school, followed by demon cheerleaders, things quickly move from bad to worse. In this fourth installment of the blockbuster series, time is running out as war between the Olympians and the evil Titan lord Kronos draws near. Even the safe haven of Camp Half-Blood grows more vulnerable by the minute as Kronos's army prepares to invade its once impenetrable borders. To stop the invasion, Percy and his demigod friends must set out on a quest through the Labyrinth - a sprawling underground world with stunning surprises at every turn."
17927395,"A Court of Mist and Fury (A Court of Thorns and Roses, #2)",3433047,4.63,3328630,267694,626,English,2016,155845,"Feyre survived Amarantha's clutches to return to the Spring Court—but at a steep cost. Though she now has the powers of the High Fae, her heart remains human, and it can't forget the terrible deeds she performed to save Tamlin's people. Nor has Feyre forgotten her bargain with Rhysand, High Lord of the feared Night Court. As Feyre navigates its dark web of politics, passion, and dazzling power, a greater evil looms—and she might be key to stopping it. But only if she can harness her harrowing gifts, heal her fractured soul, and decide how she wishes to shape her future—and the future of a world cleaved in two. With more than a million copies sold of her beloved Throne of Glass series, Sarah J. Maas's masterful storytelling brings this second book in her seductive and action-packed series to new heights."
7896527,"Throne of Glass (Throne of Glass, #1)",3433047,4.19,2541335,178816,406,English,2012,104619,"When magic has gone from the world, and a vicious king rules from his throne of glass, an assassin comes to the castle. She does not come to kill, but to win her freedom. If she can defeat twenty-three killers, thieves, and warriors in a competition to find the greatest assassin in the land, she will become the king's champion and be released from prison. Her name is Celaena Sardothien. The Crown Prince will provoke her. The Captain of the Guard will protect her. And a princess from a foreign land will become the one thing she never thought she'd have again: a friend. But something evil dwells in the castle-and it's there to kill. When her competitors start dying, horribly, one by one, Celaena's fight for freedom becomes a fight for survival, and a desperate quest to root out the source of the evil before it destroys her world."
28186,"The Sea of Monsters (Percy Jackson and the Olympians, #2)",15872,4.24,1396852,60511,279,English,2006,29106,"The heroic son of Poseidon makes an action-packed comeback in the second must-read installment of Rick Riordan's amazing young readers series. Starring Percy Jackson, a ""half blood"" whose mother is human and whose father is the God of the Sea, Riordan's series combines cliffhanger adventure and Greek mythology lessons that results in true page-turners that get better with each installment. In this episode, The Sea of Monsters, Percy sets out to retrieve the Golden Fleece before his summer camp is destroyed, surpassing the first book's drama and setting the stage for more thrills to come."
9712,Love in the Time of Cholera,13450,3.94,553590,32464,348,English,2003,30387,"In their youth, Florentino Ariza and Fermina Daza fall passionately in love. When Fermina eventually chooses to marry a wealthy, well-born doctor, Florentino is heartbroken, but he is a romantic. As he rises in his business career he whiles away the years in 622 affairs—yet he reserves his heart for Fermina. Her husband dies at last, and Florentino purposefully attends the funeral. Fifty years, nine months, and four days after he first declared his love for Fermina, he will do so again."
11735983,"Insurgent (Divergent, #2)",4039811,3.96,1638004,66688,525,English,2012,29133,"One choice can transform you—or it can destroy you. But every choice has consequences, and as unrest surges in the factions all around her, Tris Prior must continue trying to save those she loves—and herself—while grappling with haunting questions of grief and forgiveness, identity and loyalty, politics and love. Tris's initiation day should have been marked by celebration and victory with her chosen faction; instead, the day ended with unspeakable horrors. War now looms as conflict between the factions and their ideologies grows. And in times of war, sides must be chosen, secrets will emerge, and choices will become even more irrevocable—and even more powerful. Transformed by her own decisions but also by haunting grief and guilt, radical new discoveries, and shifting relationships, Tris must fully embrace her Divergence, even if she does not know what she may lose by doing so. New York Times bestselling author Veronica Roth's much-anticipated second book of the dystopian DIVERGENT series is another intoxicating thrill ride of a story, rich with hallmark twists, heartbreaks, romance, and powerful insights about human nature."
35545737,A Walk to Remember,2345,4.2,849240,18782,215,English,2017,9320,"There was a time when the world was sweeter...when the women in Beaufort, North Carolina, wore dresses, and the men donned hats...when something happened to a seventeen-year-old boy that would change his life forever. Every April, when the wind blows in from the sea and mingles with the scent of lilacs, Landon Carter remembers his last year at Beaufort High. It was 1958, and Landon had already dated a girl or two. He even swore that he had once been in love. Certainly the last person in town he thought he'd fall for was Jamie Sullivan, the daughter of the town's Baptist minister. A quiet girl who always carried a Bible with her schoolbooks, Jamie seemed content living in a world apart from the other teens. She took care of her widowed father, rescued hurt animals, and helped out at the local orphanage. No boy had ever asked her out. Landon would never have dreamed of it. Then a twist of fate made Jamie his partner for the homecoming dance, and Landon Carter's life would never be the same. Being with Jamie would show him the depths of the human heart and lead him to a decision so stunning it would send him irrevocably on the road to manhood. No other author today touches our emotions more deeply than Nicholas Sparks. Illuminating both the strength and the gossamer fragility of our deepest emotions, his two New York Times bestsellers, The Notebook and Message in a Bottle, have established him as the leading author of today's most cherished love stories. Now, in A Walk to Remember, he tells a truly unforgettable story, one that glimmers with all of his magic, holding us spellbound-and reminding us that in life each of us may find one great love, the kind that changes everything..."
58572970,The Addiction Manifesto,15075919,4.73,1272,59,178,English,2021,76,"2020 International Book Awards Finalist for Health: Addiction & Recovery 2021 Literary Titan Silver Award ""Some people won't believe in you, and that's ok, this journey isn't about them. It's about you."" The Addiction Manifesto has been uniquely designed to provide you with a new perspective on recovery and will show you that anything is possible. In this deeply personal book, JR Weaver has crafted a raw insight into his life and how he's been affected by substance abuse over the past 20 years. He details his recovery process and how he's dealt with loss. With this book he wishes to help people on their journey to recovery. His realistic approach details his journey to try to have a normal life again. If you're going through addiction recovery or want to help someone who is... This book allows you to fain a greater understanding of substance abuse and its many challenges."
3412,The Thorn Birds,4917067,4.25,367376,9276,692,English,1977,7883,"The Thorn Birds is a robust, romantic saga of a singular family, the Clearys. It begins in the early part of the 20th century, when Paddy Cleary moves his wife, Fiona, and their seven children to Drogheda, the vast Australian sheep station owned by his autocratic and childless older sister; and it ends more than half a century later, when the only survivor of the third generation, the brilliant actress Justine O'Neill, sets a course of life and love halfway around the world from her roots. The central figures in this enthralling story are the indomitable Meggie, the only Cleary daughter, and the one man she truly loves, the stunningly handsome and ambitious priest Ralph de Bricassart. Ralph's course moves him a long way indeed, from a remote Outback parish to the halls of the Vatican; and Meggie's except for a brief and miserable marriage elsewhere, is fixed to the Drogheda that is part of her bones - but distance does not dim their feelings though it shapes their lives. Wonderful characters people this book; strong and gentle, Paddy, hiding a private memory; dutiful Fiona, holding back love because it once betrayed her, violent, tormented Frank, and the other hardworking Cleary sons who give the boundless lands of Drogheda the energy and devotion most men save for women; Meggie; Ralph; and Meggie's children, Justine and Dane. And the land itself; stark, relentless in its demands, brilliant in its flowering, prey to gigantic cycles of drought and flood, rich when nature is bountiful, surreal like no other place on earth. Alternate Cover Edition ISBN 0380018179 (ISBN13: 9780380018178)"
113946,How the Grinch Stole Christmas!,61105,4.39,451531,5455,64,English,2004,1493,"""The Grinch hated Christmas! The whole Christmas season! Now, please don't ask why. No one quite knows the reason."" Dr. Seuss's small-hearted Grinch ranks right up there with Scrooge when it comes to the crankiest, scowling holiday grumps of all time. For 53 years, the Grinch has lived in a cave on the side of a mountain, looming above the Whos in Whoville. The noisy holiday preparations and infernal singing of the happy little citizens below annoy him to no end. The Grinch decides this frivolous merriment must stop. His ""wonderful, awful"" idea is to don a Santa outfit, strap heavy antlers on his poor, quivering dog Max, construct a makeshift sleigh, head down to Whoville, and strip the chafingly cheerful Whos of their Yuletide glee once and for all. Looking quite out of place and very disturbing in his makeshift Santa get-up, the Grinch slithers down chimneys with empty bags and stealing the Whos' presents, their food, even the logs from their humble Who-fires. He takes the ramshackle sleigh to Mt. Crumpit to dump it and waits to hear the sobs of the Whos when they wake up and discover the trappings of Christmas have disappeared. Imagine the Whos' dismay when they discover the evil-doings of Grinch in his anti-Santa guise. But what is that sound? It's not sobbing, but singing! Children simultaneously adore and fear this triumphant, twisted Seussian testimonial to the undaunted cheerfulness of the Whos, the transcendent nature of joy, and of course, the growth potential of a heart that's two sizes too small. This holiday classic is perfect for reading aloud to your favorite little Whos."
18335634,"Clockwork Princess (The Infernal Devices, #3)",150038,4.55,481538,44192,567,English,2013,7302,"Danger and betrayal, love and loss, secrets and enchantment are woven together in the breathtaking finale to the #1 New York Times bestselling Infernal Devices Trilogy, prequel to the internationally bestselling Mortal Instruments series. THE INFERNAL DEVICES WILL NEVER STOP COMING A net of shadows begins to tighten around the Shadowhunters of the London Institute. Mortmain plans to use his Infernal Devices, an army of pitiless automatons, to destroy the Shadowhunters. He needs only one last item to complete his plan: he needs Tessa Gray. Charlotte Branwell, head of the London Institute, is desperate to find Mortmain before he strikes. But when Mortmain abducts Tessa, the boys who lay equal claim to her heart, Jem and Will, will do anything to save her. For though Tessa and Jem are now engaged, Will is as much in love with her as ever. As those who love Tessa rally to rescue her from Mortmain’s clutches, Tessa realizes that the only person who can save her is herself. But can a single girl, even one who can command the power of angels, face down an entire army? Danger and betrayal, secrets and enchantment, and the tangled threads of love and loss intertwine as the Shadowhunters are pushed to the very brink of destruction in the breathtaking conclusion to the Infernal Devices trilogy."
6186357,"The Maze Runner (The Maze Runner, #1)",348878,4.06,1714295,72314,384,English,2009,37441,"There are alternate cover editions for this ASIN here and here. If you ain’t scared, you ain’t human. When Thomas wakes up in the lift, the only thing he can remember is his name. He’s surrounded by strangers—boys whose memories are also gone. Nice to meet ya, shank. Welcome to the Glade. Outside the towering stone walls that surround the Glade is a limitless, ever-changing maze. It’s the only way out—and no one’s ever made it through alive. Everything is going to change. Then a girl arrives. The first girl ever. And the message she delivers is terrifying. Remember. Survive. Run."
13,"The Ultimate Hitchhiker’s Guide to the Galaxy (Hitchhiker's Guide to the Galaxy, #1-5)",4,4.38,340450,6946,815,English,2002,22262,"At last in paperback in one complete volume, here are the five novels from Douglas Adams's Hitchhiker series. ""The Hitchhiker's Guide to the Galaxy""Seconds before the Earth is demolished for a galactic freeway, Arthur Dent is saved by Ford Prefect, a researcher for the revised Guide. Together they stick out their thumbs to the stars and begin a wild journey through time and space.""The Restaurant at the End of the Universe""Facing annihilation at the hands of warmongers is a curious time to crave tea. It could only happen to the cosmically displaced Arthur Dent and his comrades as they hurtle across the galaxy in a desperate search for a place to eat.""Life, the Universe and Everything""The unhappy inhabitants of planet Krikkit are sick of looking at the night sky- so they plan to destroy it. The universe, that is. Now only five individuals can avert mild-mannered Arthur Dent and his stalwart crew.""So Long, and Thanks for All the Fish""Back on Earth, Arthur Dent is ready to believe that the past eight years were all just a figment of his stressed-out imagination. But a gift-wrapped fishbowl with a cryptic inscription conspires to thrust him back to reality. So to speak.""Mostly Harmless""Just when Arthur Dent makes the terrible mistake of starting to enjoy life, all hell breaks loose. Can he save the Earth from total obliteration? Can he save the Guide from a hostile alien takeover? Can he save his daughter from herself?Also includes the short story ""Young Zaphod Plays It Safe""."
32620332,The Seven Husbands of Evelyn Hugo,6572605,4.39,4240201,359400,389,English,2017,143179,"Aging and reclusive Hollywood movie icon Evelyn Hugo is finally ready to tell the truth about her glamorous and scandalous life. But when she chooses unknown magazine reporter Monique Grant for the job, no one is more astounded than Monique herself. Why her? Why now? Monique is not exactly on top of the world. Her husband has left her, and her professional life is going nowhere. Regardless of why Evelyn has selected her to write her biography, Monique is determined to use this opportunity to jumpstart her career. Summoned to Evelyn's luxurious apartment, Monique listens in fascination as the actress tells her story. From making her way to Los Angeles in the 1950s to her decision to leave show business in the `80s, and, of course, the seven husbands along the way, Evelyn unspools a tale of ruthless ambition, unexpected friendship, and a great forbidden love. Monique begins to feel a very real connection to the legendary star, but as Evelyn's story near its conclusion, it becomes clear that her life intersects with Monique's own in tragic and irreversible ways."
37415,Their Eyes Were Watching God,15151,3.99,393516,25078,238,English,2006,15640,"Fair and long-legged, independent and articulate, Janie Crawford sets out to be her own person—no mean feat for a black woman in the '30s. Janie's quest for identity takes her through three marriages and into a journey back to her roots."
2802316,"Shadow Kiss (Vampire Academy, #3)",137902,4.33,382664,14209,443,English,2008,3082,"WHAT IF FOLLOWING HER HEART MEANS ROSE COULD LOSE HER BEST FRIEND FOREVER? Lissa Dragomir is a Moroi princess: a mortal vampire with a rare gift for harnessing the earth's magic. She must be protected at all times from Strigoi; the fiercest vampires - the ones who never die. The powerful blend of human and vampire blood that flows through Rose Hathaway, Lissa's best friend, makes her a Dhampir. Rose is dedicated to a dangerous life of protecting Lissa from the Strigoi, who are hell-bent on making Lissa one of them. Rose knows it is forbidden to love another guardian. Her best friend, Lissa - the last Dragomir princess - must always come first. Unfortunately, when it comes to gorgeous Dimitri Belikov, some rules are meant to be broken... Then a strange darkness begins to grow in Rose's mind, and ghostly shadows warn of a terrible evil drawing nearer to the Academy's iron gates. The immortal undead are closing in, and they want vengeance for the lives Rose has stolen. In a heart-stopping battle to rival her worst nightmares, Rose will have to choose between life, love, and the two people who matter most... but will her choice mean that only one can survive?"
92303,The Importance of Being Earnest,3565,4.17,410858,18046,89,English,2005,6487,"Oscar Wilde's madcap farce about mistaken identities, secret engagements, and lovers entanglements still delights readers more than a century after its 1895 publication and premiere performance. The rapid-fire wit and eccentric characters of The Importance of Being Earnest have made it a mainstay of the high school curriculum for decades. Cecily Cardew and Gwendolen Fairfax are both in love with the same mythical suitor. Jack Worthing has wooed Gwendolen as Ernest while Algernon has also posed as Ernest to win the heart of Jack's ward, Cecily. When all four arrive at Jack's country home on the same weekend the ""rivals"" to fight for Ernest's undivided attention and the ""Ernests"" to claim their beloveds pandemonium breaks loose. Only a senile nursemaid and an old, discarded hand-bag can save the day! This Prestwick House Literary Touchstone Edition includes a glossary and reader's notes to help the modern reader appreciate Wilde's wry wit and elaborate plot twists."
58613345,"Harry Potter and the Half-Blood Prince (Harry Potter, #6)",1077326,4.58,3711479,72488,672,English,2005,57199,"The war against Voldemort is not going well: even Muggle governments are noticing. Ron scans the obituary pages of The Daily Prophet looking for familiar names. Dumbledore is absent from Hogwarts for long stretches of time, and the Order of the Phoenix has already suffered losses. And yet... As in all wars, life goes on. Sixth-year students learn to Apparate, and lose a few eyebrows in the process. The Weasley twins expand their business. Teenagers flirt and fight and fall in love. Classes are never straightforward, though Harry receives some extraordinary help from the mysterious Half-Blood Prince. So it's the home front that takes center stage in the multilayered sixth installment of the story of Harry Potter. Harry struggles to uncover the identity of the Half-Blood Prince, the past owner of a potions textbook he now possesses that is filled with ingenious, potentially deadly, spells. But Harry's life is suddenly changed forever when someone close to him is heinously murdered right before his eyes. With Dumbledore's guidance, he seeks out the full, complex story of the boy who became Lord Voldemort, and thereby attempts to find what may be his only vulnerability."
1423,The Compleat Works of Wllm Shkspr,32182188,4.43,9879,189,137,English,1994,127,The complete script to the critically acclaimed play.
236093,"The Wonderful Wizard of Oz (Oz, #1)",3242,4.0,518706,21818,154,English,1995,17893,"Come along, Toto, she said. We will go to the Emerald City and ask the Great Oz how to get back to Kansas again. Swept away from her home in Kansas by a tornado, Dorothy and her dog Toto find themselves stranded in the fantastical Land of Oz. As instructed by the Good Witch of the North and the Munchkins, Dorothy sets off on the yellow brick road to try and find her way to the Emerald City and the Wizard of Oz, who can help her get home. With her companions the Scarecrow, the Tin Woodman and the Cowardly Lion, Dorothy experiences an adventure full of friendship, magic and danger. A much-loved children's classic, The Wizard of Oz continues to delight readers young and old with its enchanting tale of witches, flying monkeys and silver shoes."
6867,Atonement,2408,3.95,570401,27744,351,English,2003,14685,"Alternate cover edition of ISBN 9780385721790 Ian McEwan's symphonic novel of love and war, childhood and class, guilt and forgiveness provides all the satisfaction of a brilliant narrative and the provocation we have come to expect from this master of English prose. On a hot summer day in 1935, thirteen-year-old Briony Tallis witnesses the flirtation between her older sister, Cecilia, and Robbie Turner, the son of a servant. But Briony's incomplete grasp of adult motives—together with her precocious literary gifts—brings about a crime that will change all their lives. As it follows that crime's repercussions through the chaos and carnage of World War II and into the close of the twentieth century, Atonement engages the reader on every conceivable level, with an ease and authority that mark it as a genuine masterpiece."
48855,The Diary of a Young Girl,3720,4.2,4254829,50016,283,English,1993,63803,"Discovered in the attic where she spent the final years of her life, Anne Frank’s Diary has become a timeless classic; a powerful reminder of the horrors of war and a moving testament to the resilience of the human spirit. In 1942, as the Nazis occupied Holland, thirteen-year-old Anne Frank and her Jewish family fled their home in Amsterdam and went into hiding. For the next two years, until they were betrayed to the Gestapo, the Franks and another family lived in the cramped “Secret Annexe” of an old office building. Cut off from the outside world, they endured hunger, boredom, the strain of close quarters, and the constant fear of discovery and death. Through it all, Anne documented her experiences in a diary filled with vivid observations. At times thoughtful, poignant, and even unexpectedly funny, her writing offers a remarkable window into the strength and vulnerability of the human spirit. It’s both a compelling self-portrait of a bright, spirited young woman and a heartbreaking glimpse of a life that should have been far longer."
7190,The Three Musketeers,4785,4.1,350305,11462,625,English,2001,18258,"First published in 1844, The Three Musketeers is the most famous of Alexandre Dumas' historical novels and one of the most popular adventure novels ever written. Dumas' swashbuckling epic chronicles the adventures of d'Artagnan, a brash young man from the countryside who journeys to Paris in 1625 hoping to become a musketeer and guard to King Louis XIII. Before long, he finds treachery and court intrigue,and also three boon companions, the daring swordsmen Athos, Porthos, and Aramis. Together, the four strive heroically to defend the honor of their queen against the powerful Cardinal Richelieu and the seductive spy Milady."
7784,The Lorax,61105,4.35,373164,5629,72,English,1998,1336,"""Unless someone like you... cares a whole awful lot... nothing is going to get better... It's not."" Long before saving the earth became a global concern, Dr. Seuss, speaking through his character the Lorax, warned against mindless progress and the danger it posed to the earth's natural beauty. His classic cautionary tale is now available in an irresistible mini-edition, perfect for backpack or briefcase, for Arbor Day, Earth Day, and every day."
19501,"Eat, Pray, Love",11679,3.65,1856157,61265,368,English,2007,29496,"A celebrated writer's irresistible, candid, and eloquent account of her pursuit of worldly pleasure, spiritual devotion, and what she really wanted out of life. Around the time Elizabeth Gilbert turned thirty, she went through an early-onslaught midlife crisis. She had everything an educated, ambitious American woman was supposed to want—a husband, a house, a successful career. But instead of feeling happy and fulfilled, she was consumed with panic, grief, and confusion. She went through a divorce, a crushing depression, another failed love, and the eradication of everything she ever thought she was supposed to be. To recover from all this, Gilbert took a radical step. In order to give herself the time and space to find out who she really was and what she really wanted, she got rid of her belongings, quit her job, and undertook a yearlong journey around the world—all alone. Eat, Pray, Love is the absorbing chronicle of that year. Her aim was to visit three places where she could examine one aspect of her own nature set against the backdrop of a culture that has traditionally done that one thing very well. In Rome, she studied the art of pleasure, learning to speak Italian and gaining the twenty-three happiest pounds of her life. India was for the art of devotion, and with the help of a native guru and a surprisingly wise cowboy from Texas, she embarked on four uninterrupted months of spiritual exploration. In Bali, she studied the art of balance between worldly enjoyment and divine transcendence. She became the pupil of an elderly medicine man and also fell in love the best way—unexpectedly. An intensely articulate and moving memoir of self-discovery, Eat, Pray, Love is about what can happen when you claim responsibility for your own contentment and stop trying to live in imitation of society’s ideals. It is certain to touch anyone who has ever woken up to the unrelenting need for change."
7938275,"The Hunger Games Trilogy Boxset (The Hunger Games, #1-3)",153394,4.5,236637,7818,1155,English,2010,8783,"The extraordinary, ground breaking New York Times bestsellers The Hunger Games and Catching Fire, along with the third book in The Hunger Games trilogy by Suzanne Collins, Mockingjay, are available for the first time ever in a beautiful boxset edition. Stunning, gripping, and powerful. The trilogy is now complete!"
32929,Goodnight Moon,18479,4.32,397895,7856,32,English,2005,3907,"In a great green room, tucked away in bed, is a little bunny. ""Goodnight room, goodnight moon."" And to all the familiar things in the softly lit room -- to the picture of the three little bears sitting on chairs, to the clocks and his socks, to the mittens and the kittens, to everything one by one -- the little bunny says goodnight. In this classic of children's literature, beloved by generations of readers and listeners, the quiet poetry of the words and the gentle, lulling illustrations combine to make a perfect book for the end of the day."
853510,"Murder on the Orient Express (Hercule Poirot, #10)",123715,4.2,749701,50665,274,English,2007,23377,"Just after midnight, a snowdrift stops the famous Orient Express in its tracks as it travels through the mountainous Balkans. The luxurious train is surprisingly full for the time of the year but, by the morning, it is one passenger fewer. An American tycoon lies dead in his compartment, stabbed a dozen times, his door locked from the inside. One of the passengers is none other than detective Hercule Poirot. On vacation. Isolated and with a killer on board, Poirot must identify the murderer—in case he or she decides to strike again."
1622,A Midsummer Night’s Dream,947,3.94,585149,16097,298,English,2016,12286,"Shakespeare's intertwined love polygons begin to get complicated from the start--Demetrius and Lysander both want Hermia but she only has eyes for Lysander. Bad news is, Hermia's father wants Demetrius for a son-in-law. On the outside is Helena, whose unreturned love burns hot for Demetrius. Hermia and Lysander plan to flee from the city under cover of darkness but are pursued by an enraged Demetrius (who is himself pursued by an enraptured Helena). In the forest, unbeknownst to the mortals, Oberon and Titania (King and Queen of the faeries) are having a spat over a servant boy. The plot twists up when Oberon's head mischief-maker, Puck, runs loose with a flower which causes people to fall in love with the first thing they see upon waking. Throw in a group of labourers preparing a play for the Duke's wedding (one of whom is given a donkey's head and Titania for a lover by Puck) and the complications become fantastically funny."
68783,"Girl, Interrupted",4376,3.95,285589,13922,169,English,1994,6125,"In 1967, after a session with a psychiatrist she'd never seen before, eighteen-year-old Susanna Kaysen was put in a taxi and sent to McLean Hospital. She spent most of the next two years on the ward for teenage girls in a psychiatric hospital as renowned for its famous clientele--Sylvia Plath, Robert Lowell, James Taylor, and Ray Charles--as for its progressive methods of treating those who could afford its sanctuary. Kaysen's memoir encompasses horror and razor-edged perception while providing vivid portraits of her fellow patients and their keepers. It is a brilliant evocation of a ""parallel universe"" set within the kaleidoscopically shifting landscape of the late sixties. ""Girl, Interrupted"" is a clear-sighted, unflinching document that gives lasting and specific dimension to our definitions of sane and insane, mental illness, and recovery."
567678,The Wasp Factory,7628,3.76,112670,7930,184,English,1998,3027,"Alternate cover edition of ISBN 9780684853154 Frank, no ordinary sixteen-year-old, lives with his father outside a remote Scottish village. Their life is, to say the least, unconventional. Frank's mother abandoned them years ago: his elder brother Eric is confined to a psychiatric hospital; and his father measures out his eccentricities on an imperial scale. Frank has turned to strange acts of violence to vent his frustrations. In the bizarre daily rituals there is some solace. But when news comes of Eric's escape from the hospital Frank has to prepare the ground for his brother's inevitable return - an event that explodes the mysteries of the past and changes Frank utterly. The Wasp Factory is a work of horrifying compulsion: horrifying, because it enters a mind whose realities are not our own, whose values of life and death are alien to our society; compulsive, because the humour and compassion of that mind reach out to us all. A novel of extraordinary originality, imagination and comic ferocity."
40940121,Bridge to Terabithia,1949,4.06,596554,19304,190,English,2009,8388,"The 40th anniversary edition of the classic Newbery Medal-winning title by beloved author Katherine Paterson, with brand-new bonus materials including an author's note by Katherine herself and a foreword by New York Times bestselling author Kate DiCamillo. Jess Aarons has been practicing all summer so he can be the fastest runner in the fifth grade. And he almost is, until the new girl in school, Leslie Burke, outpaces him. The two become fast friends and spend most days in the woods behind Leslie's house, where they invent an enchanted land called Terabithia. One morning, Leslie goes to Terabithia without Jess and a tragedy occurs. It will take the love of his family and the strength that Leslie has given him for Jess to be able to deal with his grief. Bridge to Terabithia was also named an ALA Notable Children’s Book and has become a touchstone of children’s literature, as have many of Katherine Paterson’s other novels, including The Great Gilly Hopkins and Jacob Have I Loved."
2282133,"Frostbite (Vampire Academy, #2)",137902,4.25,373862,14544,327,English,2008,3258,"Rose loves Dimitri, Dimitri might love Tasha, and Mason would die to be with Rose… It’s winter break at St. Vladimir’s, but Rose is feeling anything but festive. A massive Strigoi attack has put the school on high alert, and now the Academy’s crawling with Guardians—including Rose’s hard-hitting mother, Janine Hathaway. And if hand-to-hand combat with her mom wasn’t bad enough, Rose’s tutor Dimitri has his eye on someone else, her friend Mason’s got a huge crush on her, and Rose keeps getting stuck in Lissa’s head while she’s making out with her boyfriend, Christian! The Strigoi are closing in, and the Academy’s not taking any risks.... This year, St. Vlad’s annual holiday ski trip is mandatory. But the glittering winter landscape and the posh Idaho resort only create the illusion of safety. When three friends run away in an offensive move against the deadly Strigoi, Rose must join forces with Christian to rescue them. But heroism rarely comes without a price…"
10507293,"The Selection (The Selection, #1)",2987125,4.07,1788007,90158,336,English,2012,37037,"For thirty-five girls, the Selection is the chance of a lifetime. The opportunity to escape the life laid out for them since birth. To be swept up in a world of glittering gowns and priceless jewels. To live in a palace and compete for the heart of gorgeous Prince Maxon. But for America Singer, being Selected is a nightmare. It means turning her back on her secret love with Aspen, who is a caste below her. Leaving her home to enter a fierce competition for a crown she doesn't want. Living in a palace that is constantly threatened by violent rebel attacks. Then America meets Prince Maxon. Gradually, she starts to question all the plans she's made for herself—and realizes that the life she's always dreamed of may not compare to a future she never imagined."
46945,Requiem for a Dream,26335,4.11,68395,2415,279,English,1999,2020,"In Coney Island, Brooklyn, lonely widow Sarah Goldfarb wants nothing more than to lose weight and appear on a television game show. In her obsessive quest, she becomes addicted to diet pills, while her junkie son, Harry, along with his girlfriend, Marion, and best friend, Tyrone, attempt to secure an illicit shortcut to wealth and leisure by selling heroin. Entranced by the gleaming visions of their futures, these four convince themselves that unexpected setbacks are only temporary. Even as their lives slowly deteriorate around them, they cling to their delusions and become utterly consumed in a spiral of drugs and addiction, refusing to see that they have instead created their own worst nightmares. ""Selby's place is in the front rank of American novelists . . . To understand Selby's work is to understand the anguish of America."" —The New York Times Book Review"
4900,Heart of Darkness,3345,3.43,566386,25442,188,English,2003,22418,"Heart of Darkness, a novel by Joseph Conrad, was originally a three-part series in Blackwood's Magazine in 1899. It is a story within a story, following a character named Charlie Marlow, who recounts his adventure to a group of men onboard an anchored ship. The story told is of his early life as a ferry boat captain. Although his job was to transport ivory downriver, Charlie develops an interest in investing an ivory procurement agent, Kurtz, who is employed by the government. Preceded by his reputation as a brilliant emissary of progress, Kurtz has now established himself as a god among the natives in “one of the darkest places on earth.” Marlow suspects something else of Kurtz: he has gone mad. A reflection on corruptive European colonialism and a journey into the nightmare psyche of one of the corrupted, Heart of Darkness is considered one of the most influential works ever written."
298663,The Killer Inside Me,7621,3.89,29308,2016,244,English,1991,773,"Everyone in the small town of Central City, Texas loves Lou Ford. A deputy sheriff, Lou's known to the small-time criminals, the real-estate entrepreneurs, and all of his coworkers--the low-lifes, the big-timers, and everyone in-between--as the nicest guy around. He may not be the brightest or the most interesting man in town, but nevertheless, he's the kind of officer you're happy to have keeping your streets safe. The sort of man you might even wish your daughter would end up with someday. But behind the platitudes and glad-handing lurks a monster the likes of which few have seen. An urge that has already claimed multiple lives, and cost Lou his brother Mike, a self-sacrificing construction worker who fell to his death on the job in what was anything but an accident. A murder that Lou is determined to avenge--and if innocent people have to die in the process, well, that's perfectly all right with him. In The Killer Inside Me, Thompson goes where few novelists have dared to go, giving us a pitch-black glimpse into the mind of the American Serial Killer years before Charles Manson, John Wayne Gacy, and Brett Easton Ellis's American Psycho, in the novel that will forever be known as the master performance of one of the greatest crime novelists of all time."
32261,Tess of the D’Urbervilles,15905,3.84,305612,13795,518,English,2003,12991,"Alternate covers can be found here and here. When Tess Durbeyfield is driven by family poverty to claim kinship with the wealthy D’Urbervilles and seek a portion of their family fortune, meeting her ‘cousin’ Alec proves to be her downfall. A very different man, Angel Clare, seems to offer her love and salvation, but Tess must choose whether to reveal her past or remain silent in the hope of a peaceful future."
17231,"Darkly Dreaming Dexter (Dexter, #1)",10482,3.9,223153,8868,288,English,2006,5609,"Meet Dexter Morgan, a polite wolf in sheep's clothing. He's handsome and charming, but something in his past has made him abide by a different set of rules. He's a serial killer whose one golden rule makes him immensely likeable: he only kills bad people. And his job as a blood spatter expert for the Miami police department puts him in the perfect position to identify his victims. But when a series of brutal murders bearing a striking similarity to his own style start turning up, Dexter is caught between being flattered and being frightened—of himself or some other fiend."
9361589,The Night Circus,4370565,3.99,1116859,120038,506,English,2011,50208,"The circus arrives without warning. No announcements precede it. It is simply there, when yesterday it was not. Within the black-and-white striped canvas tents is an utterly unique experience full of breathtaking amazements. It is called Le Cirque des Rêves, and it is only open at night. But behind the scenes, a fierce competition is underway—a duel between two young magicians, Celia and Marco, who have been trained since childhood expressly for this purpose by their mercurial instructors. Unbeknownst to them, this is a game in which only one can be left standing, and the circus is but the stage for a remarkable battle of imagination and will. Despite themselves, however, Celia and Marco tumble headfirst into love—a deep, magical love that makes the lights flicker and the room grow warm whenever they so much as brush hands. True love or not, the game must play out, and the fates of everyone involved, from the cast of extraordinary circus performers to the patrons, hang in the balance, suspended as precariously as the daring acrobats overhead. Written in rich, seductive prose, this spell-casting novel is a feast for the senses and the heart."
1852,The Call of the Wild,1240,3.92,479732,18697,172,English,2001,19733,"First published in 1903, The Call of the Wild is regarded as Jack London's masterpiece. Based on London's experiences as a gold prospector in the Canadian wilderness and his ideas about nature and the struggle for existence, The Call of the Wild is a tale about unbreakable spirit and the fight for survival in the frozen Alaskan Klondike."
243705,The Collector,10039,3.97,98139,8000,283,English,1998,3010,"Withdrawn, uneducated and unloved, Frederick collects butterflies and takes photographs. He is obsessed with a beautiful stranger, the art student Miranda. When he wins the pools he buys a remote Sussex house and calmly abducts Miranda, believing she will grow to love him in time."
2547,The Prophet,6466154,4.23,333466,17510,127,English,2003,29512,"Kahlil Gibran’s masterpiece, The Prophet, is one of the most beloved classics of our time. Published in 1923, it has been translated into more than twenty languages, and the American editions alone have sold more than nine million copies. The Prophet is a collection of poetic essays that are philosophical, spiritual, and, above all, inspirational. Gibran’s musings are divided into twenty-eight chapters covering such sprawling topics as love, marriage, children, giving, eating and drinking, work, joy and sorrow, housing, clothes, buying and selling, crime and punishment, laws, freedom, reason and passion, pain, self-knowledge, teaching, friendship, talking, time, good and evil, prayer, pleasure, beauty, religion, and death."
9915,Less Than Zero,2751,3.62,103459,7082,208,English,2010,2166,"Set in Los Angeles in the early 1980s, this coolly mesmerizing novel is a raw, powerful portrait of a lost generation that experienced sex, drugs, and disaffection at too early an age, growing up in a world shaped by casual nihilism, passivity, and too much money. Clay comes home for Christmas vacation from his Eastern college and re-enters a landscape of limitless privilege and absolute moral entropy, where everyone drives Porches, dines at Spago, and snorts mountains of cocaine. He tries to renew feelings for his girlfriend, Blair, and for his best friend from high school, Julian, who is careering into hustling and heroin. Clay's holiday turns into a dizzying spiral of desperation that takes him through the relentless parties in glitzy mansions, seedy bars, and underground rock clubs, and into the seamy world of L.A. after dark."
7203669,Galveston,603698,3.81,19624,1521,272,English,2010,540,"Recalling the moody violence of the early novels of Cormac McCarthy and Denis Johnson, a dark and visceral debut set along the seedy wastelands of Galveston by a young writer with a hard edge to his potent literary style On the same day that Roy Cady is diagnosed with a terminal illness, he senses that his boss, a dangerous loan-sharking bar-owner, wants him dead. Known “without affection” to members of the boss’s crew as “Big Country” on account of his long hair, beard, and cowboy boots, Roy is alert to the possibility that a routine assignment could be a deathtrap. Which it is. Yet what the would-be killers do to Roy Cady is not the same as what he does to them, which is to say that after a smoking spasm of violence, they are mostly dead and he is mostly alive. Before Roy makes his getaway, he realizes there are two women in the apartment, one of them still breathing, and he sees something in her frightened, defiant eyes that causes a fateful decision. He takes her with him as he goes on the run from New Orleans to Galveston, Texas—an action as ill-advised as it is inescapable. The girl’s name is Rocky, and she is too young, too tough, too sexy—and far too much trouble. Roy, Rocky, and her sister hide in the battered seascape of Galveston’s country-western bars and fleabag hotels, a world of treacherous drifters, pickup trucks, and ashed-out hopes. Any chance that they will find safety there is soon lost. Rocky is a girl with quite a story to tell, one that will pursue and damage Roy for a very long time to come in this powerful and atmospheric thriller, impossible to put down. Constructed with maximum tension and haunting aftereffect, written in darkly beautiful prose, Galveston announces the arrival of a major new literary talent."
5996153,"Blood Promise (Vampire Academy, #4)",137902,4.3,328423,12141,503,English,2009,2894,"Bound by love, but sworn to kill... The world thought Dimitri was dead. And to a certain extent, he was. But I hadn't been able to forget a conversation he and I had once had. We'd both agreed that we'd rather be dead - truly dead - than walk the world as Strigoi. It was time to honor our words. Guardian Rose Hathaway's life will never be the same. The recent attack on St. Vladimir's Academy devastated the entire Moroi world. Many are dead. And, for the few victims carried off by Strigoi, their fates are even worse. A rare tattoo now adorns Rose's neck; a mark that says she's killed far too many Strigoi to count. But only one victim matters... Dimitri Belikov. Rose must now choose one of two very different paths: honoring her life's vow to protect Lissa—her best friend and the last surviving Dragomir princess—or, dropping out of the Academy to strike out on her own and hunt down the man she loves. She'll have to go to the ends of the earth to find Dimitri and keep the promise he begged her to make. But the question is, when the time comes, will he want to be saved? Now, with everything at stake—and worlds away from St. Vladimir's and her unguarded, vulnerable, and newly rebellious best friend—can Rose find the strength to destroy Dimitri? Or, will she sacrifice herself for a chance at eternal love? Readers who fell in love with Rose, Lissa, and Dimitri won't want to miss Blood Promise, the much-anticipated, epic fourth novel in Richelle Mead's enthralling Vampire Academy series."
12331767,High-Rise,7010931,3.64,42222,3964,208,English,2012,1529,"When a class war erupts inside a luxurious apartment block, modern elevators become violent battlegrounds and cocktail parties degenerate into marauding attacks on ""enemy"" floors. In this visionary tale, human society slips into violent reverse as once-peaceful residents, driven by primal urges, re-create a world ruled by the laws of the jungle."
38819868,"My Sister, the Serial Killer",14713014,3.63,364974,42450,226,English,2018,8905,"When Korede's dinner is interrupted one night by a distress call from her sister, Ayoola, she knows what's expected of her: bleach, rubber gloves, nerves of steel and a strong stomach. This'll be the third boyfriend Ayoola's dispatched in, quote, self-defence and the third mess that her lethal little sibling has left Korede to clear away. She should probably go to the police for the good of the menfolk of Nigeria, but she loves her sister and, as they say, family always comes first. Until, that is, Ayoola starts dating the doctor where Korede works as a nurse. Korede's long been in love with him, and isn't prepared to see him wind up with a knife in his back: but to save one would mean sacrificing the other... My Sister, the Serial Killer is a blackly comic novel about how blood is thicker - and more difficult to get out of the carpet - than water..."
164760,The Winter of Frankie Machine,37795,4.18,16499,916,320,English,2006,514,"The author of The Death and Life of Bobby Z. and The Power of the Dog now gives us a fierce and funny new novel—and a blistering new take on the Mafia story. Frank Machianno is a late-middle-aged ex–surf bum who runs a bait shack on the San Diego waterfront when he’s not juggling any of his other three part-time jobs or trying to get a quick set in on his longboard. He’s a stand-up businessman, a devoted father to his daughter, and a beloved fixture in the community. Frank’s also a hit man. Specifically: a retired hit man. Back in the day, when he was one of the most feared members of the West Coast Mafia, he was known as Frankie Machine. Years ago Frank consigned his Mob ties to the past, which is where he wants them to stay. But a favor being called in now by the local boss is one Frank can’t refuse, and soon he’s sucked back into the treacherous currents of his former life. Someone from the past wants him dead. He has to figure out who, and why, and he has to do it fast. The problem is that the list of candidates is about the size of his local phone book and Frank’s rapidly running out of time. And then things go really bad."
7763,The Joy Luck Club,5246,3.97,713862,16074,288,English,2006,9159,"Alternate cover editions of ISBN 9780143038092 can be found here. Four mothers, four daughters, four families, whose histories shift with the four winds depending on who's telling the stories. In 1949, four Chinese women, recent immigrants to San Francisco, meet weekly to play mahjong and tell stories of what they left behind in China. United in loss and new hope for their daughters' futures, they call themselves the Joy Luck Club. Their daughters, who have never heard these stories, think their mothers' advice is irrelevant to their modern American lives – until their own inner crises reveal how much they've unknowingly inherited of their mothers' pasts. With wit and sensitivity, Amy Tan examines the sometimes painful, often tender, and always deep connection between mothers and daughters. As each woman reveals her secrets, trying to unravel the truth about her life, the strings become more tangled, more entwined. Mothers boast or despair over daughters, and daughters roll their eyes even as they feel the inextricable tightening of their matriarchal ties. Tan is an astute storyteller, enticing readers to immerse themselves into these lives of complexity and mystery."
57727,"L.A. Confidential (L.A. Quartet, #3)",2887,4.19,40207,1327,496,English,1994,1058,"Christmas 1951, Los Angeles: a city where the police are as corrupt as the criminals. Six prisoners are beaten senseless in their cells by cops crazed on alcohol. For the three LAPD detectives involved, it will expose the guilty secrets on which they have built their corrupt and violent careers. The novel takes these cops on a sprawling epic of brutal violence and the murderous seedy side of Hollywood. One of the best crime novels ever written, it is the heart of Ellroy's four-novel masterpiece, the LA Quartet, and an example of crime writing at its most powerful."
13023,Alice in Wonderland,34933,4.03,397386,5749,96,English,2004,4287,"This is an adaptation. For the editions of the original book, see here . Alice's Adventures in Wonderland (commonly shortened to Alice in Wonderland) is an 1865 novel written by English mathematician Charles Lutwidge Dodgson under the pseudonym Lewis Carroll. It tells of a girl named Alice falling through a rabbit hole into a fantasy world populated by peculiar, anthropomorphic creatures. The tale plays with logic, giving the story lasting popularity with adults as well as with children. It is considered to be one of the best examples of the literary nonsense genre. Its narrative course and structure, characters and imagery have been enormously influential in both popular culture and literature, especially in the fantasy genre."
191139,"Oh, the Places You’ll Go!",61105,4.37,446815,7155,44,English,1990,1262,"For out-starting upstarts of all ages, here is a wonderfully wise and blessedly brief graduation speech from the one and only Dr. Seuss! In his inimitable, humorous verse and pictures, he addresses the Great Balancing Act (life itself, and the ups and downs it presents) while encouraging us to find the success that lies within us. ""And will you succeed? Yes! You will indeed! (98 and ¾ percent guaranteed.)"" A modern classic, Oh, the Places You'll Go! was first published one year before Dr. Seuss's death at the age of eighty-seven. In a mere fifty-six pages, Dr, Seuss managed to impart a lifetime of wisdom. It is the perfect send-off for children starting out in the maze of life, be they nursery school grads or newly-minted PhD's. Everyone will find it inspired good fun. With his unique combination of hilarious stories, zany pictures and riotous rhymes, Dr. Seuss has been delighting young children and helping them learn to read for over fifty years. Creator of the wonderfully anarchic 'Cat in the Hat', and ranked among the world's top children's authors, Dr. Seuss is a global best-seller, with nearly half a billion books sold worldwide."
3392668,Audition,8881,3.59,22687,2818,208,English,2009,572,"Documentary-maker Aoyama hasn’t dated anyone in the seven years since the death of his beloved wife, Ryoko. Now even his teenage son Shige has suggested he think about remarrying. So when his best friend Yoshikawa comes up with a plan to hold fake film auditions so that Aoyama can choose a new bride, he decides to go along with the idea. Of the thousands who apply, Aoyama only has eyes for Yamasaki Asami, a young, beautiful, delicate and talented ballerina with a turbulent past. But there is more to her than Aoyama, blinded by his infatuation, can see, and by the time he discovers the terrifying truth it may be too late… Ryu Murakami delivers his most subtle and disturbing novel yet, confirming him as Japan’s master of the psycho-thriller."
1078,"The Good Earth (House of Earth, #1)",704,4.01,262638,12820,418,English,2005,7674,"This tells the poignant tale of a Chinese farmer and his family in old agrarian China. The humble Wang Lung glories in the soil he works, nurturing the land as it nurtures him and his family. Nearby, the nobles of the House of Hwang consider themselves above the land and its workers; but they will soon meet their own downfall. Hard times come upon Wang Lung and his family when flood and drought force them to seek work in the city. The working people riot, breaking into the homes of the rich and forcing them to flee. When Wang Lung shows mercy to one noble and is rewarded, he begins to rise in the world, even as the House of Hwang falls."
29430824,"Hidden Bodies (You, #2)",202260,3.76,95460,9432,448,English,2016,4285,"THE RIVETING SEQUEL TO THE HIT BOOK YOU, NOW A NETFLIX SERIES In the compulsively readable sequel to her widely acclaimed debut novel, You, Caroline Kepnes weaves a tale that Booklist calls “the love child of Holden Caulfield and Patrick Bateman.” Joe Goldberg is no stranger to hiding bodies. In the past ten years, this thirty-something has buried four of them, collateral damage in his quest for love. Now he’s heading west to Los Angeles, the city of second chances, determined to put his past behind him. In Hollywood, Joe blends in effortlessly with the other young upstarts. He eats guac, works in a bookstore, and flirts with a journalist neighbor. But while others seem fixated on their own reflections, Joe can’t stop looking over his shoulder. The problem with hidden bodies is that they don’t always stay that way. They re-emerge, like dark thoughts, multiplying and threatening to destroy what Joe wants most: true love. And when he finds it in a darkened room in Soho House, he’s more desperate than ever to keep his secrets buried. He doesn’t want to hurt his new girlfriend—he wants to be with her forever. But if she ever finds out what he’s done, he may not have a choice…"
27712,The Neverending Story,15619,4.18,224159,11572,396,English,1997,7776,"This epic work of the imagination has captured the hearts of millions of readers worldwide since it was first published. Its special story within a story is an irresistible invitation for readers to become part of the book itself. The story begins with a lonely boy named Bastian and the strange book that draws him into the beautiful but doomed world of Fantastica. Only a human can save this enchanted place by giving its ruler, the Childlike Empress, a new name. But the journey to her tower leads through lands of dragons, giants, monsters, and magic, and once Bastian begins his quest, he may never return. As he is drawn deeper into Fantastica, he must find the courage to face unspeakable foes and the mysteries of his own heart. Readers, too, can travel to the wondrous, unforgettable world of Fantastica if they will just turn the page..."
378,The Phantom Tollbooth,214,4.19,309928,15250,256,English,1996,7152,"Librarian's Note: For an alternate cover edition of the same ISBN, click here. This beloved story—first published more than fifty years ago—introduces readers to Milo and his adventures in the Lands Beyond. For Milo, everything's a bore. When a tollbooth mysteriously appears in his room, he drives through only because he's got nothing better to do. But on the other side, things seem different. Milo visits the Island of Conclusions (you get there by jumping), learns about time from a ticking watchdog named Tock, and even embarks on a quest to rescue Rhyme and Reason! Somewhere along the way, Milo realizes something astonishing. Life is far from dull. In fact, it's exciting beyond his wildest dreams. . . ."
243257,The Tesseract,5684,3.54,10856,383,273,English,1999,171,"The lives of three very different groups of people--gangsters on the streets of Manila, middle-class suburban families, and a group of street children and the psychologist studying them--intertwine in an intricately woven tale, set in the Philippines, that spans three generations. 22,500 first printing."
36064,American Tabloid (Underworld USA #1),2887,4.19,24147,1275,592,English,2001,1359,"We are behind, and below, the scenes of JFK's presidential election, the Bay of Pigs, the assassination—in the underworld that connects Miami, Los Angeles, Chicago, D.C.... Where the CIA, the Mob, J. Edgar Hoover, Howard Hughes, Jimmy Hoffa, Cuban political exiles, and various loose cannons conspire in a covert anarchy... Where the right drugs, the right amount of cash, the right murder, buys a moment of a man's loyalty... Where three renegade law-enforcement officers—a former L.A. cop and two FBI agents—are shaping events with the virulence of their greed and hatred, riding full-blast shotgun into history.... James Ellroy's trademark nothing-spared rendering of reality, blistering language, and relentless narrative pace are here in electrifying abundance, put to work in a novel as shocking and daring as anything he's written: a secret history that zeroes in on a time still shrouded in secrets and blows it wide open. Chosen by Time magazine as one of the ten best books of the year. ""Hard-bitten ... ingenious ... Ellroy segues into political intrigue without missing a beat."" —The New York Times ""Vastly entertaining."" —Los Angeles Times ""One hellishly exciting ride."" —Detroit Free Press ""A supremely controlled work of art."" —The New York Times Book Review"
2247142,"The Talented Mr. Ripley (Ripley, #1)",7622,3.95,122571,9464,271,English,2008,5311,"Now a Netflix Series It’s here, in the first volume of Patricia Highsmith’s five-book Ripley series, that we are introduced to the suave Tom Ripley, a young striver seeking to leave behind his past as an orphan bullied for being a “sissy.” Newly arrived in the heady world of Manhattan, Ripley meets a wealthy industrialist who hires him to bring his playboy son, Dickie Greenleaf, back from gallivanting in Italy. Soon Ripley’s fascination with Dickie’s debonair lifestyle turns obsessive as he finds himself enraged by Dickie’s ambivalent affections for Marge, a charming American dilettante, and Ripley begins a deadly game. “Sinister and strangely alluring,” (Mark Harris, Entertainment Weekly) The Talented Mr. Ripley serves as an unforgettable introduction to this smooth confidence man, whose talent for self-invention is as unnerving—and unnervingly revealing of the American psyche—as ever."
2175,Madame Bovary,1461,3.71,381693,21175,329,English,2004,23422,"Madame Bovary is the debut novel of French writer Gustave Flaubert, published in 1856. The character lives beyond her means in order to escape the banalities and emptiness of provincial life. When the novel was first serialized in La Revue de Paris between 1 October 1856 and 15 December 1856, public prosecutors attacked the novel for obscenity. The resulting trial in January 1857 made the story notorious. After Flaubert's acquittal on 7 February 1857, Madame Bovary became a bestseller in April 1857 when it was published in two volumes. A seminal work of literary realism, the novel is now considered Flaubert's masterpiece, and one of the most influential literary works in history."
165662,City of God,96249,4.05,5946,211,448,English,2006,257,"The searing novel on which the internationally acclaimed hit film was based, City of God is a gritty, gorgeous tour de force from the Brazilian street. Cicade de Deus, the City of God, is one of Rio's most notorious slums. Yet it is also a place where samba rocks till dawn, where the women are the most beautiful on earth, and where one young man wants to escape his background and become a photographer. City of God is a sprawling, magnificently told epic about gang life in Rio's favelas, based on years of research and Pualo Lins's firsthand experience growing up in Cicade de Deus. A book that gives voice to the dispossessed of multiethnic Brazil, City of God will earn Paulo Lins more well-deserved international acclaim."
2848807,Kill Your Friends,7453114,3.87,14595,879,323,English,2008,394,"It's not dog-eat-dog around here...it's dog-gang-rapes-dog-then-tortures-him-for-five-days-before-burying-him-alive-and-taking-out-every-motherfucker-the-dog-has-ever-known. Meet Steven Stelfox. London 1997: New Labour is sweeping into power and Britpop is at its zenith. Twenty-seven-year-old A&R man Stelfox is slashing and burning his way through the music industry, a world where 'no one knows anything' and where careers are made and broken by chance and the fickle tastes of the general public - 'Yeah, those animals'. Fuelled by greed and inhuman quantities of cocaine Stelfox blithely criss-crosses the globe ('New York, Cologne, Texas, Miami, Cannes: you shout at waiters and sign credit card slips and all that really changes is the quality of the porn') searching for the next hit record amid a relentless orgy of self-gratification. But as the hits dry up and the industry begins to change, Stelfox must take the notion of cutthroat business practices to murderous new levels in a desperate attempt to salvage his career. Kill Your Friends is a dark, satirical and hysterically funny evisceration of the record business, a place populated by frauds, charlatans and bluffers, where ambition is a higher currency than talent, and where it seems anything can be achieved - as long as you want it badly enough."
57773248,Notes on an Execution,16056148,4.03,154198,19694,306,English,2022,5933,"In the tradition of Long Bright River and The Mars Room, a gripping and atmospheric work of literary suspense that deconstructs the story of a serial killer on death row, told primarily through the eyes of the women in his life—from the bestselling author of Girl in Snow. Ansel Packer is scheduled to die in twelve hours. He knows what he’s done, and now awaits execution, the same chilling fate he forced on those girls, years ago. But Ansel doesn’t want to die; he wants to be celebrated, understood. He hoped it wouldn’t end like this, not for him. Through a kaleidoscope of women—a mother, a sister, a homicide detective—we learn the story of Ansel’s life. We meet his mother, Lavender, a seventeen-year-old girl pushed to desperation; Hazel, twin sister to Ansel’s wife, inseparable since birth, forced to watch helplessly as her sister’s relationship threatens to devour them all; and finally, Saffy, the homicide detective hot on his trail, who has devoted herself to bringing bad men to justice but struggles to see her own life clearly. As the clock ticks down, these three women sift through the choices that culminate in tragedy, exploring the rippling fissures that such destruction inevitably leaves in its wake. Blending breathtaking suspense with astonishing empathy, Notes on an Execution presents a chilling portrait of womanhood as it simultaneously unravels the familiar narrative of the American serial killer, interrogating our system of justice and our cultural obsession with crime stories, asking readers to consider the false promise of looking for meaning in the psyches of violent men."
45794,Clockers,16481,4.1,13135,642,608,English,2003,524,"Award-winning author Richard Price here offers a viscerally affecting and accomplished portrait of inner-city America. Veteran homicide detective Rocco Klein's passion for the job gave way long ago. His beat is a rough New Jersey neighborhood where the drug murders blur together, until the day Victor Dunham — a twenty-year-old with a steady job and a clean record — confesses to a shooting outside a fast-food joint. It doesn't take long for Rocco's attention to turn to Victor's brother, a street-corner crack dealer named Strike who seems a more likely suspect for the crime. At once an intense mystery, and a revealing study of two men on opposite sides of an unwinnable war, Clockers is a stunningly well-rendered chronicle of modern life on the streets."
18254,Oliver Twist,239579,3.88,432558,12912,608,English,2003,21982,"A gripping portrayal of London's dark criminal underbelly, published in Penguin Classics with an introduction by Philip Horne. The story of Oliver Twist - orphaned, and set upon by evil and adversity from his first breath - shocked readers when it was published. After running away from the workhouse and pompous beadle Mr Bumble, Oliver finds himself lured into a den of thieves peopled by vivid and memorable characters - the Artful Dodger, vicious burglar Bill Sikes, his dog Bull's Eye, and prostitute Nancy, all watched over by cunning master-thief Fagin. Combining elements of Gothic Romance, the Newgate Novel and popular melodrama, Dickens created an entirely new kind of fiction, scathing in its indictment of a cruel society, and pervaded by an unforgettable sense of threat and mystery. This Penguin Classics edition of Oliver Twist is the first critical edition to faithfully reproduce the text as its earliest readers would have encountered it from its serialisation in Bentley's Miscellany, and includes an introduction by Philip Horne, a glossary of Victorian thieves' slang, a chronology of Dickens's life, a map of contemporary London and all of George Cruikshank's original illustrations. For more than seventy years, Penguin has been the leading publisher of classic literature in the English-speaking world. With more than 1,700 titles, Penguin Classics represents a global bookshelf of the best works throughout history and across genres and disciplines. Readers trust the series to provide authoritative texts enhanced by introductions and notes by distinguished scholars and contemporary authors, as well as up-to-date translations by award-winning translators."
295,Treasure Island,854076,3.85,547637,20035,352,English,2001,33892,"""For sheer storytelling delight and pure adventure, Treasure Island has never been surpassed. From the moment young Jim Hawkins first encounters the sinister Blind Pew at the Admiral Benbow Inn until the climactic battle for treasure on a tropic isle, the novel creates scenes and characters that have fired the imaginations of generations of readers. Written by a superb prose stylist, a master of both action and atmosphere, the story centers upon the conflict between good and evil - but in this case a particularly engaging form of evil. It is the villainy of that most ambiguous rogue Long John Silver that sets the tempo of this tale of treachery, greed, and daring. Designed to forever kindle a dream of high romance and distant horizons, Treasure Island is, in the words of G. K. Chesterton, 'the realization of an ideal, that which is promised in its provocative and beckoning map; a vision not only of white skeletons but also green palm trees and sapphire seas.' G. S. Fraser terms it 'an utterly original book' and goes on to write: 'There will always be a place for stories like Treasure Island that can keep boys and old men happy.'"
6347010,Tokyo: The Devil of Nanking,74876,3.98,16101,1488,496,Indonesian,2004,533,"1937. Tentara Jepang melakukan pembantaian besar-besaran di Nanking saat mereka melakukan invasi ke China. Mereka melakukan pemerkosaan, perampasan, pembakaran, serta eksekusi terhadap tawanan perang dan penduduk sipil. Ini merupakan peristiwa paling tragis yang dialami bangsa China. Karena kekejamannya di Nanking, seorang letnan Jepang bernama Junzo Fuyuki mendapat julukan yanwangye—si Iblis. 1990. Fuyuki menjadi pemimpin sebuah geng Yakuza. Ia dipercaya biasa menyantap daging manusia agar tetap sehat dan panjang umur. Fuyuki selalu didampingi oleh tangan kanannya, Suster Ogawa, yang dijuluki Jahanam Saitama karena kesadisannya. Suster Ogawa telah menjadi mitos di dunia bawah tanah Jepang. Shi Chongming, profesor di Universitas Todai, beserta Grey, seorang mahasiswa dari London, bekerja sama untuk mengungkap rahasia Fuyuki dan Pembantaian Nanking. Ketika satu per satu fakta terungkap, Grey berada dalam bahaya karena telah membangunkan kembali Iblis yang pernah merajalela dalam tragedi di Nanking dahulu..."
8008928,Savages (Savages #2),37795,3.9,24385,1958,302,English,2010,1280,"Part-time environmentalist and philanthropist Ben and his ex-mercenary buddy Chon run a Laguna Beach-based marijuana operation, reaping significant profits from their loyal clientele. In the past when their turf was challenged, Chon took care of eliminating the threat. But now they may have come up against something that they can't handle -- the Mexican Baja Cartel wants in, sending them the message that a ""no"" is unacceptable. When they refuse to back down, the cartel escalates its threat, kidnapping Ophelia, the boys' playmate and confidante. O's abduction sets off a dizzying array of ingenious negotiations and gripping plot twists that will captivate readers eager to learn the costs of freedom and the price of one amazing high."
29421,Layer Cake,17914123,4.1,5598,167,344,English,2004,234,"Layer cake (n): a metaphor for the murky layers of the criminal world. Smooth-talking drug dealer X has a plan to quietly bankroll enough cash to retire before his thirtieth birthday. Operating under the polished veneer of a legitimate businessman, his mantra is to keep a low profile and run a tight operation until it's time to get out. When kingpin Jimmy Price asks him to find the wayward daughter of a wealthy socialite who's been running around with a cokehead, he accepts the job with the promise that after this he can leave the criminal world behind with Jimmy's blessing. Oh, and he needs to find a buyer for two million ecstasy pills acquired by a crew of lowly, loud-mouth gangsters, the Yahoos. Simple enough, until an assassin named Klaus arrives to scratch him off his list, revealing this job is much more than it seems at first. The basis for the 2004 movie of the same name."
62291,"A Storm of Swords (A Song of Ice and Fire, #3)",346732,4.55,856570,28749,1177,English,2003,27758,"An alternate cover for this ISBN can be found here Here is the third volume in George R.R. Martin's magnificent cycle of novels that includes A Game of Thrones and A Clash of Kings. Together, this series comprises a genuine masterpiece of modern fantasy, destined to stand as one of the great achievements of imaginative fiction. Of the five contenders for power, one is dead, another in disfavor, and still the wars rage as alliances are made and broken. Joffrey sits on the Iron Throne, the uneasy ruler of the Seven Kingdoms. His most bitter rival, Lord Stannis, stands defeated and disgraced, victim of the sorceress who holds him in her thrall. Young Robb still rules the North from the fortress of Riverrun. Meanwhile, making her way across a blood-drenched continent is the exiled queen, Daenerys, mistress of the only three dragons still left in the world. And as opposing forces manoeuver for the final showdown, an army of barbaric wildlings arrives from the outermost limits of civilization, accompanied by a horde of mythical Others—a supernatural army of the living dead whose animated corpses are unstoppable. As the future of the land hangs in the balance, no one will rest until the Seven Kingdoms have exploded in a veritable storm of swords..."
40605251,"The Mists of Avalon (Avalon, #1)",4841825,4.13,213982,8146,1009,English,2018,7604,"The magical saga of the women behind King Arthur's throne. “A monumental reimagining of the Arthurian legends . . . reading it is a deeply moving and at times uncanny experience. . . . An impressive achievement.”—The New York Times Book Review In Marion Zimmer Bradley's masterpiece, we see the tumult and adventures of Camelot's court through the eyes of the women who bolstered the king's rise and schemed for his fall. From their childhoods through the ultimate fulfillment of their destinies, we follow these women and the diverse cast of characters that surrounds them as the great Arthurian epic unfolds stunningly before us. As Morgaine and Gwenhwyfar struggle for control over the fate of Arthur's kingdom, as the Knights of the Round Table take on their infamous quest, as Merlin and Viviane wield their magics for the future of Old Britain, the Isle of Avalon slips further into the impenetrable mists of memory, until the fissure between old and new worlds' and old and new religions' claims its most famous victim."
26050,Angels Fall,625,4.06,56724,1933,391,English,2006,2338,"#1 New York Times-bestselling author Nora Roberts explores the wilds of the Grand Tetons-and the mysteries of love, murder, and madness-in her engrossing and passionate new novel. Reece Gilmore has come a long way to see the stunning view below her. As the sole survivor of a brutal crime back East, she has been on the run, desperately fighting the nightmares and panic attacks that haunt her. Reece settles in Angel's Fist, Wyoming-temporarily, at least-and takes a job at a local diner. And now she's hiked this mountain all by herself. It was glorious, she thought, as she peered through her binoculars at the Snake River churning below. Then Reece saw the man and woman on the opposite bank. Arguing. Fighting. And suddenly, the man was on top of the woman, his hands around her throat . . . Enjoying a moment of solitude a bit farther down the trail is a gruff loner named Brody. But by the time Reece reaches him and brings him to the scene, the pair has vanished. When authorities comb the area where she saw the attack, they find nothing. No signs of struggle. No freshly turned earth. Not even a tire track. And no one in Angel's Fist seems to believe her. After all, she's a newcomer in town, with a reputation for being jumpy and jittery-maybe even a little fragile. Maybe it's time to run again, to move on . . . Reece Gilmore knows there's a killer in Angel's Fist, even if Brody, despite his seeming impatience and desire to keep her at arm's length, is the only one willing to believe her. When a series of menacing events makes it clear that someone wants her out of the way, Reece must put her trust in Brody-and herself-to find out if there is a killer in Angel's Fist before it's too late."
400,Libra,233,4.07,24328,1688,480,English,1991,1319,"From the author of White Noise (winner of the National Book Award) and The Silence , an eerily convincing fictional speculation on the events leading up to the assassination of John F. Kennedy In this powerful, unsettling novel, Don DeLillo chronicles Lee Harvey Oswald's odyssey from troubled teenager to a man of precarious stability who imagines himself an agent of history. When ""history"" presents itself in the form of two disgruntled CIA operatives who decide that an unsuccessful attempt on the life of the president will galvanize the nation against communism, the scales are irrevocably tipped. A gripping, masterful blend of fact and fiction, alive with meticulously portrayed characters both real and created, Libra is a grave, haunting, and brilliant examination of an event that has become an indelible part of the American psyche."
50275,Last Exit to Brooklyn,26335,3.95,33048,1868,290,English,2000,1719,"Few novels have caused as much debate as Hubert Selby Jr.'s notorious masterpiece, Last Exit to Brooklyn, and this Penguin Modern Classics edition includes an introduction by Irvine Welsh, author of Trainspotting. Described by various reviewers as hellish and obscene, Last Exit to Brooklyn tells the stories of New Yorkers who at every turn confront the worst excesses in human nature. Yet there are moments of exquisite tenderness in these troubled lives. Georgette, the transvestite who falls in love with a callous hoodlum; Tralala, the conniving prostitute who plumbs the depths of sexual degradation; and Harry, the strike leader who hides his true desires behind a boorish masculinity, are unforgettable creations. Last Exit to Brooklyn was banned by British courts in 1967, a decision that was reversed the following year with the help of a number of writers and critics including Anthony Burgess and Frank Kermode. Hubert Selby, Jr. (1928-2004) was born in Brooklyn, New York. At the age of 15, he dropped out of school and went to sea with the merchant marines. While at sea he was diagnosed with lung disease. With no other way to make a living, he decided to try writing: 'I knew the alphabet. Maybe I could be a writer.' In 1964 he completed his first book, Last Exit to Brooklyn, which has since become a cult classic. In 1966, it was the subject of an obscenity trial in the UK. His other books include The Room, The Demon, Requiem for a Dream, The Willow Tree and Waiting Period. In 2000, Requiem for a Dream was adapted into a film starring Jared Leto and Ellen Burstyn, and directed by Darren Aronofsky. 'Last Exit to Brooklyn will explode like a rusty hellish bombshell over America, and still be eagerly read in 100 years' Allen Ginsberg 'An urgent tickertape from hell' Spectator"
61897971,The Quiet Tenant,20737123,3.81,152480,17858,303,English,2023,4839,"Aidan Thomas is a hard-working family man and a somewhat beloved figure in the small upstate New York town where he lives. He’s the kind of man who always lends a hand and has a good word for everyone. But Aidan has a dark secret he’s been keeping from everyone in town and those closest to him. He’s a kidnapper and serial killer. Aidan has murdered eight women and there’s a ninth he has earmarked for Rachel, imprisoned in a backyard shed, fearing for her life. When Aidan’s wife dies, he and his thirteen-year-old daughter Cecilia are forced to move. Aidan has no choice but to bring Rachel along, introducing her to Cecilia as a “family friend” who needs a place to stay. Aidan is betting on Rachel, after five years of captivity, being too brainwashed and fearful to attempt to escape. But Rachel is a fighter and survivor, and recognizes Cecilia might just be the lifeline she has waited for all these years. As Rachel tests the boundaries of her new living situation, she begins to form a tenuous connection with Cecilia. And when Emily, a local restaurant owner, develops a crush on the handsome widower, she finds herself drawn into Rachel and Cecilia’s orbit, coming dangerously close to discovering Aidan’s secret. Told through the perspectives of Rachel, Cecilia, and Emily, The Quiet Tenant explores the psychological impact of Aidan’s crimes on the women in his life—and the bonds between those women that give them the strength to fight back. Both a searing thriller and an astute study of trauma, survival, and the dynamics of power, The Quiet Tenant is an electrifying debut thriller by a major talent."
39999,The Boy in the Striped Pajamas,7195,4.16,985219,43006,224,English,2006,14069,"If you start to read this book, you will go on a journey with a nine-year-old boy named Bruno. (Though this isn't a book for nine-year-olds.) And sooner or later you will arrive with Bruno at a fence. Fences like this exist all over the world. We hope you never have to encounter one."
62898932,Penance,20473391,3.86,51139,9001,336,,2023,2668,"Do you know what happened already? Did you know her? Did you see it on the internet? Did you listen to a podcast? Did the hosts make jokes? Did you see the pictures of the body? Did you look for them? It's been nearly a decade since the horrifying murder of sixteen-year-old Joan Wilson rocked Crow-on-Sea, and the events of that terrible night are now being published for the first time. That story is Penance, a dizzying feat of masterful storytelling, where Eliza Clark manoeuvres us through accounts from the inhabitants of this small seaside town. Placing us in the capable hands of journalist Alec Z. Carelli, Clark allows him to construct what he claims is the 'definitive account' of the murder - and what led up to it. Built on hours of interviews with witnesses and family members, painstaking historical research, and most notably, correspondence with the killers themselves, the result is a riveting snapshot of lives rocked by tragedy, and a town left in turmoil. The only question is: how much of it is true?"
130739876,"We Need to Talk About Kevin by Shriver, Lionel. (Harper Perennial,2006) [Paperback]",45922,4.08,218343,19385,0,English,2003,9373,"The gripping international bestseller about motherhood gone awry.Eva never really wanted to be a mother - and certainly not the mother of the unlovable boy who murdered seven of his fellow high school students, a cafeteria worker, and a much-adored teacher who tried to befriend him, all two days before his sixteenth birthday. Now, two years later, it is time for her to come to terms with marriage, career, family, parenthood, and Kevin's horrific rampage in a series of startlingly direct correspondences with her estranged husband, Franklin. Uneasy with the sacrifices and social demotion of motherhood from the start, Eva fears that her alarming dislike for her own son may be responsible for driving him so nihilistically off the rails."
128765450,"The Black Dahlia Ellroy, James ( Author ) Aug-01-2006 Paperback",2887,3.79,99535,3651,0,English,1987,2025,"On January 15, 1947, the torture-ravished body of a beautiful young woman is found in a vacant lot. The victim makes headlines as the Black Dahlia—and so begins the greatest manhunt in California history. Caught up in the investigation are Bucky Bleichert and Lee Warrants Squad cops, friends, and rivals in love with the same woman. But both are obsessed with the Dahlia—driven by dark needs to know everything about her past, to capture her killer, to possess the woman even in death. Their quest will take them on a hellish journey through the underbelly of postwar Hollywood, to the core of the dead girl's twisted life, past the extremes of their own psyches—into a region of total madness."
112525,Winter's Bone,65135,3.88,42946,4509,225,English,2006,1379,"The sheriff's deputy at the front door brings hard news to Ree Dolly. Her father has skipped bail on charges that he ran a crystal meth lab, and the Dollys will lose their house if he doesn't show up for his next court date. Ree's father has disappeared before. The Dolly clan has worked the shadowy side of the law for generations, and arrests (and attempts to avoid them) are part of life in Rathlin Valley. But the house is all they have, and Ree's father would never forfeit it to the bond company unless something awful happened. With two young brothers depending on her and a mother who's entered a kind of second childhood, Ree knows she has to bring her father back, dead or alive, or else see her family turned out into the unforgiving cold. Sixteen-year-old Ree, who has grown up in the harsh poverty of the Ozarks, learns quickly that asking questions of the rough Dolly clan can be a fatal mistake. She perseveres past obstacles of every kind and finally confronts the top figures in the family's hierarchy. Along the way to a shocking revelation, Ree discovers unexpected depths in herself and in a family network that protects its own at any cost."
40604658,"Jurassic Park (Jurassic Park, #1)",5194,4.14,1077630,29710,466,English,2012,18777,"An astonishing technique for recovering and cloning dinosaur DNA has been discovered. Now humankind’s most thrilling fantasies have come true. Creatures extinct for eons roam Jurassic Park with their awesome presence and profound mystery, and all the world can visit them—for a price. Until something goes wrong. . . . In Jurassic Park, Michael Crichton taps all his mesmerizing talent and scientific brilliance to create his most electrifying technothriller."
338798,Ulysses,5144,3.76,139692,11425,783,English,1990,31797,"Ulysses is one of the most influential novels of the twentieth century. It was not easy to find a publisher in America willing to take it on, and when Jane Jeap and Margaret Anderson started printing extracts from the book in their literary magazine The Little Review in 1918, they were arrested and charged with publishing obscenity. They were fined $100, and even The New York Times expressed satisfaction with their conviction. Ulysses was not published in book form until 1922, when another American woman, Sylvia Beach, published it in Paris her Shakespeare & Company. Ulysses was not available legally in any English-speaking country until 1934, when Random House successfully defended Joyce against obscenity charges and published it in the Modern Library."
71728,Jonathan Livingston Seagull,16904,3.86,275928,13171,112,English,2006,3670,"This is a story for people who follow their hearts and make their own rules...people who get special pleasure out of doing something well, even if only for themselves...people who know there's more to this living than meets the eye: they’ll be right there with Jonathan, flying higher and faster than ever they dreamed. Jonathan Livingston Seagull is no ordinary bird. He believes it is every gull's right to fly, to reach the ultimate freedom of challenge and discovery, finding his greatest reward in teaching younger gulls the joy of flight and the power of dreams. The special 20th anniversary release of this spiritual classic!"
21727,A Simple Plan,12505,3.93,37284,2176,417,,2006,885,"Two brothers and their friend stumble upon the wreckage of a plane–the pilot is dead and his duffle bag contains four million dollars in cash. In order to hide, keep, and share the fortune, these ordinary men all agree to a simple plan."
131313317,"[No Country for Old Men] (By: Cormac McCarthy) [published: December, 2007]",4178,4.17,258083,17439,0,English,2005,8050,"Set in our own time along the bloody frontier between Texas and Mexico, this is Cormac McCarthy’s first novel since Cities of the Plain completed his acclaimed, best-selling Border Trilogy.Llewelyn Moss, hunting antelope near the Rio Grande, instead finds men shot dead, a load of heroin, and more than $2 million in cash. Packing the money out, he knows, will change everything. But only after two more men are murdered does a victim’s burning car lead Sheriff Bell to the carnage out in the desert, and he soon realizes how desperately Moss and his young wife need protection. One party in the failed transaction hires an ex–Special Forces officer to defend his interests against a mesmerizing freelancer, while on either side are men accustomed to spectacular violence and mayhem. The pursuit stretches up and down and across the border, each participant seemingly determined to answer what one asks how does a man decide in what order to abandon his life?A harrowing story of a war that society is waging on itself, and an enduring meditation on the ties of love and blood and duty that inform lives and shape destinies, No Country for Old Men is a novel of extraordinary resonance and power."
6149,Beloved,3534,3.98,500962,28706,325,English,2004,26048,"Staring unflinchingly into the abyss of slavery, this spellbinding novel transforms history into a story as powerful as Exodus and as intimate as a lullaby. Sethe, its protagonist, was born a slave and escaped to Ohio, but eighteen years later she is still not free. She has too many memories of Sweet Home, the beautiful farm where so many hideous things happened. And Sethe's new home is haunted by the ghost of her baby, who died nameless and whose tombstone is engraved with a single word: Beloved. Filled with bitter poetry and suspense as taut as a rope, Beloved is a towering achievement by Nobel Prize laureate Toni Morrison."
23955,Trainspotting,5687,4.12,182995,5160,344,French,1998,3840,"Ils sont quatre amis inséparables qui ont en commun une enfance, une ville, des voisins, le chômage. Et surtout une dévotion appliquée pour une seule et unique héroïne en forme de seringue. On entend ces quatre-là, on les écoute : chacun raconte son Edimbourg, entre deux pintes de bière, après un fix, avant une tasse de thé, ou pendant une baston à coup d'aiguilles à tricoter taillées en pointe. On voit les corps mangés par le virus, la drogue, les hallucinations, et puis quelque chose se détache : on est d'Edimbourg, mais comme on est de Fresnes ou de la Santé. Il faut s'échapper. Livre culte des années 1990, Trainspotting a été porté à l'écran par Dany Boyle."
10818853,"Fifty Shades of Grey (Fifty Shades, #1)",4725841,3.67,2894929,87383,356,English,2011,55134,"When literature student Anastasia Steele goes to interview young entrepreneur Christian Grey, she encounters a man who is beautiful, brilliant, and intimidating. The unworldly, innocent Ana is startled to realize she wants this man and, despite his enigmatic reserve, finds she is desperate to get close to him. Unable to resist Ana’s quiet beauty, wit, and independent spirit, Grey admits he wants her, too—but on his own terms. Shocked yet thrilled by Grey’s singular erotic tastes, Ana hesitates. For all the trappings of success—his multinational businesses, his vast wealth, his loving family—Grey is a man tormented by demons and consumed by the need to control. When the couple embarks on a daring, passionately physical affair, Ana discovers Christian Grey’s secrets and explores her own dark desires. Erotic, amusing, and deeply moving, the Fifty Shades Trilogy is a tale that will obsess you, possess you, and stay with you forever. This book is intended for mature audiences."
70241,Crash,7010931,3.64,33004,3067,224,English,2001,1418,"In Ballard's hallucinatory novel, the car provides the hellish tableau in which Vaughan, a ""TV scientist"" turned ""nightmare angel of the highways,"" experiments with erotic atrocities among auto crash victims, each more sinister than the last. James Ballard, his friend and fellow obsessive, tells the story of this twisted visionary as he careens rapidly toward his own demise in an intentionally orchestrated car crash with Elizabeth Taylor. A classic work of cutting edge fiction, Crash explores the disturbing potentialities of contemporary society's increasing dependence on technology as intermediary in human relations."
607639,The Beach,5684,3.99,102014,4825,436,English,1998,2251,"The irresistible novel that was adapted into a major motion picture starring Leonardo DiCaprio. The Khao San Road, Bangkok -- first stop for the hordes of rootless young Westerners traveling in Southeast Asia. On Richard's first night there, in a low-budget guest house, a fellow traveller slashes his wrists, bequeathing to Richard a meticulously drawn map to ""the Beach."" The Beach, as Richard has come to learn, is the subject of a legend among young travellers in Asia: a lagoon hidden from the sea, with white sand and coral gardens, freshwater falls surrounded by jungle, plants untouched for a thousand years. There, it is rumoured, a carefully selected international few have settled in a communal Eden. Haunted by the figure of Mr. Duck -- the name by which the Thai police have identified the dead man -- and his own obsession with Vietnam movies, Richard sets off with a young French couple to an island hidden away in an archipelago forbidden to tourists. They discover the Beach, and it is as beautiful and idyllic as it is reputed to be. Yet over time it becomes clear that Beach culture, as Richard calls it, has troubling, even deadly, undercurrents. Spellbinding and hallucinogenic, The Beach by Alex Garland -- both a national bestseller and his debut -- is a highly accomplished and suspenseful novel that fixates on a generation in their twenties, who, burdened with the legacy of the preceding generation and saturated by popular culture, long for an unruined landscape, but find it difficult to experience the world first hand."
7736182,"The Lost Hero (The Heroes of Olympus, #1)",15872,4.29,954393,40170,576,English,2010,33024,"JASON HAS A PROBLEM. He doesn’t remember anything before waking up in a bus full of kids on a field trip. Apparently he has a girlfriend named Piper, and his best friend is a guy named Leo. They’re all students at the Wilderness School, a boarding school for “bad kids,"" as Leo puts it. What did Jason do to end up here? And where is here, exactly? Jason doesn't know anything—except that everything seems very wrong. PIPER HAS A SECRET. Her father has been missing for three days, ever since she had that terrifying nightmare about his being in trouble. Piper doesn’t understand her dream, or why her boyfriend suddenly doesn’t recognize her. When a freak storm hits during the school trip, unleashing strange creatures and whisking her, Jason, and Leo away to someplace called Camp Half-Blood, she has a feeling she’s going to find out, whether she wants to or not. LEO HAS A WAY WITH TOOLS. When he sees his cabin at Camp Half-Blood, filled with power tools and machine parts, he feels right at home. But there’s weird stuff, too—like the curse everyone keeps talking about, and some camper who's gone missing. Weirdest of all, his bunkmates insist that each of them—including Leo—is related to a god. Does this have anything to do with Jason's amnesia, or the fact that Leo keeps seeing ghosts? Join new and old friends from Camp Half-Blood in this thrilling first book in The Heroes of Olympus series. Best-selling author Rick Riordan has pumped up the action, humor, suspense, and mystery in an epic adventure that will leave readers panting for the next installment."
40611463,"The Clan of the Cave Bear (Earth's Children, #1)",861,4.11,285267,9124,516,English,2016,8523,"This novel of awesome beauty and power is a moving saga about people, relationships, and the boundaries of love. Through Jean M. Auel’s magnificent storytelling we are taken back to the dawn of modern humans, and with a girl named Ayla we are swept up in the harsh and beautiful Ice Age world they shared with the ones who called themselves The Clan of the Cave Bear. A natural disaster leaves the young girl wandering alone in an unfamiliar and dangerous land until she is found by a woman of the Clan, people very different from her own kind. To them, blond, blue-eyed Ayla looks peculiar and ugly--she is one of the Others, those who have moved into their ancient homeland; but Iza cannot leave the girl to die and takes her with them. Iza and Creb, the old Mog-ur, grow to love her, and as Ayla learns the ways of the Clan and Iza’s way of healing, most come to accept her. But the brutal and proud youth who is destined to become their next leader sees her differences as a threat to his authority. He develops a deep and abiding hatred for the strange girl of the Others who lives in their midst, and is determined to get his revenge."
36381037,"Cinder (The Lunar Chronicles, #1)",4684322,4.12,1022896,77273,400,English,2012,21257,"The prince straightened, forcing her gaze to follow him. “You’re not quite what I was expecting.” Humans and androids crowd the raucous streets of New Beijing. A deadly plague ravages the population. From space, a ruthless lunar people watch, waiting to make their move. No one knows that Earth's fate hinges on one girl. . . . Cinder, a gifted mechanic, is a cyborg. She's a second-class citizen with a mysterious past, reviled by her stepmother and blamed for her stepsister's illness. But when her life becomes intertwined with the handsome Prince Kai's, she suddenly finds herself at the center of an intergalactic struggle, and a forbidden attraction. Caught between duty and freedom, loyalty and betrayal, she must uncover secrets about her past in order to protect her world's future. With high-stakes action and a smart, resourceful heroine, Cinder is a Cinderella retelling that is at once classic and strikingly original."
143416043,"In Cold Blood by Truman Capote [Random,2002]",431149,4.09,742134,29920,0,English,,22729,"1965, 343 pages, made into a thriller movie. 5 3/4 By 8 1/2"""
3008,A Little Princess,2041,4.23,332821,11859,242,English,2002,10780,"Sara Crewe, an exceptionally intelligent and imaginative student at Miss Minchin's Select Seminary for Young Ladies, is devastated when her adored, indulgent father dies. Now penniless and banished to a room in the attic, Sara is demeaned, abused, and forced to work as a servant. How this resourceful girl's fortunes change again is at the center of A Little Princess , one of the best-loved stories in all of children's literature. This unique and fully annotated edition appends excerpts from Frances Hodgson Burnett 's original 1888 novella Sara Crewe and the stage play that preceded the novel, as well as an early story, ""Behind the White Brick,"" allowing readers to see how A Little Princess evolved. In his delightful introduction, U. C. Knoepflmacher considers the fairy-tale allusions and literary touchstones that place the book among the major works of Victorian literature, and shows it to be an exceptionally rich and resonant novel."
10799,A Farewell to Arms,1455,3.82,360050,17723,304,English,2004,13512,"A Farewell to Arms is the unforgettable story of an American ambulance driver on the Italian front and his passion for a beautiful English nurse. Set against the looming horrors of the battlefield - the weary, demoralized men marching in the rain during the German attack on Caporetto; the profound struggle between loyalty and desertion—this gripping, semiautobiographical work captures the harsh realities of war and the pain of lovers caught in its inexorable sweep. Ernest Hemingway famously said that he rewrote his ending to A Farewell to Arms thirty-nine times to get the words right."
58696,David Copperfield,239579,4.05,262571,12354,882,English,2004,21922,"David Copperfield is the story of a young man's adventures on his journey from an unhappy and impoverished childhood to the discovery of his vocation as a successful novelist. Among the gloriously vivid cast of characters he encounters are his tyrannical stepfather, Mr Murdstone; his brilliant, but ultimately unworthy school-friend James Steerforth; his formidable aunt, Betsey Trotwood; the eternally humble, yet treacherous Uriah Heep; frivolous, enchanting Dora Spenlow; and the magnificently impecunious Wilkins Micawber, one of literature's great comic creations. In David Copperfield - the novel he described as his 'favourite child' - Dickens drew revealingly on his own experiences to create one of the most exuberant and enduringly popular works, filled with tragedy and comedy in equal measure. This edition uses the text of the first volume publication of 1850, and includes updated suggestions for further reading, original illustrations by 'Phiz', a revised chronology and expanded notes. In his new introduction, Jeremy Tambling discusses the novel's autobiographical elements, and its central themes of memory and identity."
2696,The Canterbury Tales,1838,3.53,239779,5182,504,English,2003,8515,"The procession that crosses Chaucer's pages is as full of life and as richly textured as a medieval tapestry. The Knight, the Miller, the Friar, the Squire, the Prioress, the Wife of Bath, and others who make up the cast of characters -- including Chaucer himself -- are real people, with human emotions and weaknesses. When it is remembered that Chaucer wrote in English at a time when Latin was the standard literary language across western Europe, the magnitude of his achievement is even more remarkable. But Chaucer's genius needs no historical introduction; it bursts forth from every page of The Canterbury Tales. If we trust the General Prologue, Chaucer intended that each pilgrim should tell two tales on the way to Canterbury and two tales on the way back. He never finished his enormous project and even the completed tales were not finally revised. Scholars are uncertain about the order of the tales. As the printing press had yet to be invented when Chaucer wrote his works, The Canterbury Tales has been passed down in several handwritten manuscripts."
29844228,Thirteen Reasons Why,569269,3.84,1030661,58569,352,English,2016,21359,"You can’t stop the future. You can’t rewind the past. The only way to learn the secret . . . is to press play. Clay Jensen returns home from school to find a strange package with his name on it lying on his porch. Inside he discovers several cassette tapes recorded by Hannah Baker–his classmate and crush–who committed suicide two weeks earlier. Hannah’s voice tells him that there are thirteen reasons why she decided to end her life. Clay is one of them. If he listens, he’ll find out why. Clay spends the night crisscrossing his town with Hannah as his guide. He becomes a firsthand witness to Hannah’s pain, and as he follows Hannah’s recorded words throughout his town, what he discovers changes his life forever."
7260188,"Mockingjay (The Hunger Games, #3)",153394,4.12,3792292,161775,390,English,2010,52968,"My name is Katniss Everdeen. Why am I not dead? I should be dead. Katniss Everdeen, girl on fire, has survived, even though her home has been destroyed. Gale has escaped. Katniss's family is safe. Peeta has been captured by the Capitol. District 13 really does exist. There are rebels. There are new leaders. A revolution is unfolding. It is by design that Katniss was rescued from the arena in the cruel and haunting Quarter Quell, and it is by design that she has long been part of the revolution without knowing it. District 13 has come out of the shadows and is plotting to overthrow the Capitol. Everyone, it seems, has had a hand in the carefully laid plans—except Katniss. The success of the rebellion hinges on Katniss's willingness to be a pawn, to accept responsibility for countless lives, and to change the course of the future of Panem. To do this, she must put aside her feelings of anger and distrust. She must become the rebels' Mockingjay—no matter what the personal cost."
7069,The World According to Garp,3075,4.11,240604,7703,610,English,1999,3774,"This is the life and times of T. S. Garp, the bastard son of Jenny Fields—a feminist leader ahead of her times. This is the life and death of a famous mother and her almost-famous son; theirs is a world of sexual extremes—even of sexual assassinations. It is a novel rich with ""lunacy and sorrow""; yet the dark, violent events of the story do not undermine a comedy both ribald and robust. In more than thirty languages, in more than forty countries—with more than ten million copies in print—this novel provides almost cheerful, even hilarious evidence of its famous last line: ""In the world according to Garp, we are all terminal cases."""
1375,The Iliad / The Odyssey,903,4.07,84982,1576,1556,English,1999,9725,"Gripping listeners and readers for more than 2,700 years, 'The Iliad' is the story of the Trojan War and the rage of Achilles. Combining the skills of a poet and scholar, Robert Fagles brings the energy of contemporary language to this enduring heroic epic. If 'The Iliad' is the world's greatest war story, then 'The Odyssey' is literature's greatest evocation of every man's journey through life. Here again, Fagles has performed the translator's task magnificently, giving us an Odyssey to read aloud, to savor, and to treasure for its sheer lyrical mastery. Each volume contains a superb introduction with textual and critical commentary by renowned classicist Bernard Knox."
6294,"Howl's Moving Castle (Howl's Moving Castle, #1)",4260,4.28,458869,41127,329,English,2001,22844,"An alternative cover edition for this ISBN can be found here Sophie has the great misfortune of being the eldest of three daughters, destined to fail miserably should she ever leave home to seek her fate. But when she unwittingly attracts the ire of the Witch of the Waste, Sophie finds herself under a horrid spell that transforms her into an old lady. Her only chance at breaking it lies in the ever-moving castle in the hills: the Wizard Howl's castle. To untangle the enchantment, Sophie must handle the heartless Howl, strike a bargain with a fire demon, and meet the Witch of the Waste head-on. Along the way, she discovers that there's far more to Howl—and herself—than first meets the eye."
7332,The Silmarillion,656983,4.04,342278,16794,386,English,2004,41315,"The Silmarillion is an account of the Elder Days, of the First Age of Tolkien’s world. It is the ancient drama to which the characters in The Lord of the Rings look back, and in whose events some of them such as Elrond and Galadriel took part. The tales of The Silmarillion are set in an age when Morgoth, the first Dark Lord, dwelt in Middle-Earth, and the High Elves made war upon him for the recovery of the Silmarils, the jewels containing the pure light of Valinor."
18116,His Dark Materials (His Dark Materials #1-3),3618,4.29,169341,5944,1088,English,2003,8811,"The Golden Compass, The Subtle Knife, and The Amber Spyglass are available together in one volume perfect for any fan or newcomer to this modern fantasy classic series. These thrilling adventures tell the story of Lyra and Will—two ordinary children on a perilous journey through shimmering haunted otherworlds. They will meet witches and armored bears, fallen angels and soul-eating specters. And in the end, the fate of both the living—and the dead—will rely on them. Phillip Pullman’s spellbinding His Dark Materials trilogy has captivated readers for over twenty years and won acclaim at every turn. It will have you questioning everything you know about your world and wondering what really lies just out of reach."
144974,The Velveteen Rabbit,83846,4.31,275134,5683,40,English,1987,1712,"Nursery magic is very strange and wonderful, and only those playthings that are old and wise and experienced like the Skin Horse understand all about it. Like the Skin Horse, Margery Williams understood how toys—and people—become real through the wisdom and experience of love. This reissue of a favorite classic, with the original story and illustrations as they first appeared in 1922, will work its magic for all who read it."
17690,The Trial,5223,3.94,407351,22762,255,English,2001,32286,"Written in 1914 but not published until 1925, a year after Kafka’s death, The Trial is the terrifying tale of Josef K., a respectable bank officer who is suddenly and inexplicably arrested and must defend himself against a charge about which he can get no information. Whether read as an existential tale, a parable, or a prophecy of the excesses of modern bureaucracy wedded to the madness of totalitarianism, The Trial has resonated with chilling truth for generations of readers."
375013,Schindler’s List,6900,4.34,166709,3446,429,English,1994,3635,"In the shadow of Auschwitz, a flamboyant German industrialist grew into a living legend to the Jews of Cracow. He was a womaniser and a heavy drinker who enjoyed the good life, yet to them he became a saviour. Thomas Keneally's Booker Prize-winning novel recreates the story of Oskar Schindler, an Aryan who risked his life to protect Jews in Nazi-occupied Poland, who conrinually defied and outwitted the SS, and who was transformed by the war into an angel of mercy. It is an unforgettable tale, all the more extraordinary for being true."
52382796,"Shōgun (Asian Saga, #1)",6417,4.41,216549,8992,1152,English,2020,21611,"After Englishman John Blackthorne is lost at sea, he awakens in a place few Europeans know of and even fewer have seen--Nippon. Thrust into the closed society that is seventeenth-century Japan, a land where the line between life and death is razor-thin, Blackthorne must negotiate not only a foreign people, with unknown customs and language, but also his own definitions of morality, truth, and freedom. As internal political strife and a clash of cultures lead to seemingly inevitable conflict, Blackthorne's loyalty and strength of character are tested by both passion and loss, and he is torn between two worlds that will each be forever changed. Powerful and engrossing, capturing both the rich pageantry and stark realities of life in feudal Japan, Shōgun is a critically acclaimed powerhouse of a book. Heart-stopping, edge-of-your-seat action melds seamlessly with intricate historical detail and raw human emotion. Endlessly compelling, this sweeping saga captivated the world to become not only one of the best-selling novels of all time but also one of the highest-rated television miniseries, as well as inspiring a nationwide surge of interest in the culture of Japan. Shakespearean in both scope and depth, Shōgun is, as the New York Times put it, ""...not only something you read--you live it."" Provocative, absorbing, and endlessly fascinating, there is only one: Shōgun."
37442,"Wicked: The Life and Times of the Wicked Witch of the West (The Wicked Years, #1)",7025,3.5,691951,40619,406,English,2000,49558,"Alternative cover edition of ISBN 9780060987107 When Dorothy triumphed over the Wicked Witch of the West in L. Frank Baum's classic tale, we heard only her side of the story. But what about her arch-nemesis, the mysterious witch? Where did she come from? How did she become so wicked? And what is the true nature of evil? Gregory Maguire creates a fantasy world so rich and vivid that we will never look at Oz the same way again. Wicked is about a land where animals talk and strive to be treated like first-class citizens, Munchkinlanders seek the comfort of middle-class stability and the Tin Man becomes a victim of domestic violence. And then there is the little green-skinned girl named Elphaba, who will grow up to be the infamous Wicked Witch of the West, a smart, prickly and misunderstood creature who challenges all our preconceived notions about the nature of good and evil."
10025305,"Clockwork Prince (The Infernal Devices, #2)",150038,4.42,590008,35166,498,English,2011,7813,"In the magical underworld of Victorian London, Tessa Gray has at last found safety with the Shadowhunters. But that safety proves fleeting when rogue forces in the Clave plot to see her protector, Charlotte, replaced as head of the Institute. If Charlotte loses her position, Tessa will be out on the street—and easy prey for the mysterious Magister, who wants to use Tessa’s powers for his own dark ends. With the help of the handsome, self-destructive Will and the fiercely devoted Jem, Tessa discovers that the Magister’s war on the Shadowhunters is deeply personal. He blames them for a long-ago tragedy that shattered his life. To unravel the secrets of the past, the trio journeys from mist-shrouded Yorkshire to a manor house that holds untold horrors, from the slums of London to an enchanted ballroom where Tessa discovers that the truth of her parentage is more sinister than she had imagined. When they encounter a clockwork demon bearing a warning for Will, they realize that the Magister himself knows their every move—and that one of their own has betrayed them. Tessa finds her heart drawn more and more to Jem, but her longing for Will, despite his dark moods, continues to unsettle her. But something is changing in Will—the wall he has built around himself is crumbling. Could finding the Magister free Will from his secrets and give Tessa the answers about who she is and what she was born to do? As their dangerous search for the Magister and the truth leads the friends into peril, Tessa learns that when love and lies are mixed, they can corrupt even the purest heart."
4069,Man's Search for Meaning,2782,4.37,906068,51099,165,English,2006,75348,"Psychiatrist Viktor Frankl's memoir has riveted generations of readers with its descriptions of life in Nazi death camps and its lessons for spiritual survival. Based on his own experience and the stories of his patients, Frankl argues that we cannot avoid suffering but we can choose how to cope with it, find meaning in it, and move forward with renewed purpose. At the heart of his theory, known as logotherapy, is a conviction that the primary human drive is not pleasure but the pursuit of what we find meaningful. Man's Search for Meaning has become one of the most influential books in America; it continues to inspire us all to find significance in the very act of living."
4588,Extremely Loud &amp; Incredibly Close,2617,3.97,437511,27268,326,English,2006,11246,"In a vase in a closet, a couple of years after his father died in 9/11, nine-year-old Oskar discovers a key... The key belonged to his father, he's sure of that. But which of New York's 162 million locks does it open? So begins a quest that takes Oskar - inventor, letter-writer and amateur detective - across New York's five boroughs and into the jumbled lives of friends, relatives, and complete strangers. He gets heavy boots, he gives himself little bruises and he inches ever nearer to the heart of a family mystery that stretches back fifty years. But will it take him any closer to, or further from, his lost father?"
23807,"The Silence of the Lambs  (Hannibal Lecter, #2)",12455,4.26,594078,12583,421,English,2002,7603,"A serial murderer known only by a grotesquely apt nickname—Buffalo Bill—is stalking women. He has a purpose, but no one can fathom it, for the bodies are discovered in different states. Clarice Starling, a young trainee at the FBI Academy, is surprised to be summoned by Jack Crawford, chief of the Bureau's Behavioral Science section. Her assignment: to interview Dr. Hannibal Lecter—Hannibal the Cannibal—who is kept under close watch in the Baltimore State Hospital for the Criminally Insane. Dr. Lecter is a former psychiatrist with a grisly history, unusual tastes, and an intense curiosity about the darker corners of the mind. His intimate understanding of the killer and of Clarice herself form the core of ""The Silence of the Lambs""—an ingenious, masterfully written book and an unforgettable classic of suspense fiction."
11566,The Green Mile,3389,4.49,370467,16956,592,English,1996,8765,"At Cold Mountain Penitentiary, along the lonely stretch of cells known as the Green Mile, condemned killers such as 'Billy the Kid' Wharton and the possessed Eduard Delacroix await death strapped in 'Old Sparky'. But good or evil, innocent or guilty, prisoner or guard, none has ever seen the brutal likes of the new prisoner, John Coffey, sentenced to death for raping and murdering two young girls. Is Coffey a devil in human form? Or is he a far, far different kind of being? There are more wonders in heaven and hell than anyone at Cold Mountain can imagine and one of those wonders might just have stepped in amongst them."
22299763,"Crooked Kingdom (Six of Crows, #2)",4575289,4.56,786937,87512,561,English,2016,33530,"Welcome to the world of the Grisha. Kaz Brekker and his crew of deadly outcasts have just pulled off a heist so daring even they didn't think they'd survive. But instead of divvying up a fat reward, they're right back to fighting for their lives. Double-crossed and badly weakened, the crew is low on resources, allies, and hope. As powerful forces from around the world descend on Ketterdam to root out the secrets of the dangerous drug known as jurda parem, old rivals and new enemies emerge to challenge Kaz's cunning and test the team's fragile loyalties. A war will be waged on the city's dark and twisting streets - a battle for revenge and redemption that will decide the fate of the Grisha world."
37470,"The Other Boleyn Girl (The Plantagenet and Tudor Novels, #9)",9987,4.09,516401,18679,661,English,2003,5631,"This is an alternate cover edition of ISBN 9780743227445 Two sisters competing for the greatest prize: The love of a king When Mary Boleyn comes to court as an innocent girl of fourteen, she catches the eye of Henry VIII. Dazzled, Mary falls in love with both her golden prince and her growing role as unofficial queen. However, she soon realises just how much she is a pawn in her family's ambitious plots as the king's interest begins to wane and she is forced to step aside for her best friend and rival: her sister, Anne. Then Mary knows that she must defy her family and her king and take fate into her own hands. A rich and compelling novel of love, sex, ambition, and intrigue, The Other Boleyn Girl introduces a woman of extraordinary determination and desire who lived at the heart of the most exciting and glamourous court in Europe and survived by following her heart."
3876,The Sun Also Rises,1455,3.79,501532,24985,189,English,,21999,"The quintessential novel of the Lost Generation, The Sun Also Rises (Fiesta) is one of Ernest Hemingway's masterpieces and a classic example of his spare but powerful writing style. A poignant look at the disillusionment and angst of the post-World War I generation, the novel introduces two of Hemingway's most unforgettable characters: Jake Barnes and Lady Brett Ashley. The story follows the flamboyant Brett and the hapless Jake as they journey from the wild nightlife of 1920s Paris to the brutal bullfighting rings of Spain with a motley group of expatriates. It is an age of moral bankruptcy, spiritual dissolution, unrealized love, and vanishing illusions. First published in 1926, The Sun Also Rises helped to establish Hemingway as one of the greatest writers of the twentieth century."
33,"The Lord of the Rings (The Lord of the Rings, #1-3)",656983,4.54,739824,16911,1216,English,2005,59235,"Sauron, the Dark Lord, has gathered to him all the Rings of Power – the means by which he intends to rule Middle-earth. All he lacks in his plans for dominion is the One Ring – the ring that rules them all – which has fallen into the hands of the hobbit, Bilbo Baggins. In a sleepy village in the Shire, young Frodo Baggins finds himself faced with an immense task, as the Ring is entrusted to his care. He must leave his home and make a perilous journey across the realms of Middle-earth to the Crack of Doom, deep inside the territories of the Dark Lord. There he must destroy the Ring forever and foil the Dark Lord in his evil purpose."
6487308,"Fallen (Fallen, #1)",2905297,3.72,621567,23195,464,English,2009,10632,"There’s something achingly familiar about Daniel Grigori. Mysterious and aloof, he captures Luce Price’s attention from the moment she sees him on her first day at the Sword & Cross boarding school in sultry Savannah, Georgia. He’s the one bright spot in a place where cell phones are forbidden, the other students are all screw-ups, and security cameras watch every move. Even though Daniel wants nothing to do with Luce—and goes out of his way to make that very clear—she can’t let it go. Drawn to him like a moth to a flame, she has to find out what Daniel is so desperate to keep secret… even if it kills her."
6527740,"Last Sacrifice (Vampire Academy, #6)",137902,4.36,300883,13372,594,English,2010,2498,"They come first. My vision was growing dimmer, the blackness and ghosts closing in. I swore it was like I could hear Robert whispering in my ear: The world of the dead won't give you up a second time. Just before the light completely vanished, I saw Dimitri's face join Lissa's. I wanted to smile. I decided then that if the two people I loved most were safe, I could leave this world. The dead could finally have me. Rose Hathaway has always played by her own rules. She broke the law when she ran away from St. Vladimir's Academy with her best friend and last surviving Dragomir princess, Lissa. She broke the law when she fell in love with her gorgeous, off-limits instructor, Dimitri. And she dared to defy Queen Tatiana, leader of the Moroi world, risking her life and reputation to protect generations of dhampir guardians to come. Now the law has finally caught up with Rose - for a crime she didn't even commit. She's in prison for the highest offense imaginable: the assassination of a monarch. She'll need help from both Dimitri and Adrian to find the one living person who can stall her execution and force the Moroi elite to acknowledge a shocking new candidate for the royal throne: Vasilisa Dragomir. But the clock on Rose's life is running out. Rose knows in her heart the world of the dead wants her back...and this time she is truly out of second chances. The big question is, when your whole life is about saving others, who will save you? Join Rose, Dimitri, Adrian, and Lissa in Last Sacrifice, the epic, unforgettable finale to Richelle Mead's international #1 bestselling Vampire Academy series."
310612,A Confederacy of Dunces,3049,3.89,302645,21802,394,English,1994,15695,"A graphic novel adaptation of John Kennedy Toole’s Pulitzer Prize–winning cult classic—a wildly outrageous satiric portrait of 1960s America that still resonates today. Set in the French Quarter of 1960s New Orleans, this cult-classic satire follows unforgettable misfit Ignatius J. Reilly as his misadventures ricochet from hot dog carts to Bourbon Street, and collide with the city’s politics, vice, and absurdity. A wildly outrageous, darkly hilarious portrait of America, still razor-sharp and painfully relevant, reimagined in stunning visual form for lifelong fans and new readers. For fans of the darkly funny counter-culture satire of Catch-22 and Slaughterhouse-Five."
10614,Misery,3389,4.22,836368,38573,370,English,1992,18334,"Alternate Cover Editions #1, #2, #3 Paul Sheldon. He's a bestselling novelist who has finally met his biggest fan. Her name is Annie Wilkes and she is more than a rabid reader - she is Paul's nurse, tending his shattered body after an automobile accident. But she is also his captor, keeping him prisoner in her isolated house."
8130077,"The Screwtape Letters (Screwtape, #1)",1069006,4.27,535932,21372,222,English,2009,31404,"A Masterpiece of Satire on Hell’s Latest Novelties and Heaven’s Unanswerable Answer C.S. Lewis’s The Screwtape Letters has entertained and enlightened readers the world over with its sly and ironic portrayal of human life and foibles from the unique vantage point of Screwtape, a highly placed assistant to “Our Father Below.” At once wildly comic, deadly serious, and strikingly original, C.S. Lewis gives us the correspondence of the wordly-wise devil to his nephew Wormwood, a novice demon in charge of securing the damnation of an ordinary young man. The Screwtape Letters is the most engaging account of temptation—and triumph over it—ever written."
17250,The Crucible,8120,3.61,470308,15850,143,English,2003,5486,"""I believe that the reader will discover here the essential nature of one of the strangest and most awful chapters in human history,"" Arthur Miller wrote of his classic play about the witch-hunts and trials in seventeenth-century Salem, Massachusetts. Based on historical people and real events, Miller's drama is a searing portrait of a community engulfed by hysteria. In the rigid theocracy of Salem, rumors that women are practicing witchcraft galvanize the town's most basic fears and suspicions; and when a young girl accuses Elizabeth Proctor of being a witch, self-righteous church leaders and townspeople insist that Elizabeth be brought to trial. The ruthlessness of the prosecutors and the eagerness of neighbor to testify against neighbor brilliantly illuminates the destructive power of socially sanctioned violence. Written in 1953, The Crucible is a mirror Miller uses to reflect the anti-communist hysteria inspired by Senator Joseph McCarthy's ""witch-hunts"" in the United States. Within the text itself, Miller contemplates the parallels, writing, ""Political opposition... is given an inhumane overlay, which then justifies the abrogation of all normally applied customs of civilized behavior. A political policy is equated with moral right, and opposition to it with diabolical malevolence."""
5659,The Wind in the Willows,3843,4.02,244195,11490,197,English,2005,13855,"“All this he saw, for one moment breathless and intense, vivid on the morning sky; and still, as he looked, he lived; and still, as he lived, he wondered.” For more than a century, The Wind in the Willows and its endearing protagonists—Mole, Water Rat, Badger, and, of course, the incorrigible Toad—have enchanted children of all ages. Whether the four friends are setting forth on an exciting adventure, engaging in a comic caper, or simply relaxing by the River Thames, their stories will surprise and captivate you. Hailed as one of the most enduringly popular works of the twentieth century, this story is a classic of magical fancy and enchanting wit. Penned in lyrical prose, the adventures and misadventures of the book’s intrepid quartet of heroes raise fantasy to the level of myth. Reflecting the freshness of childhood wonder, it still offers adults endless sophistication, substance, and depth. The animals’ world embodies the author’s wry, whimsical, and unfailingly inventive imagination. It is a world that succeeding generations of both adult and young readers have found irresistible. But why say more? To use the words of the estimable Mr. Toad himself: “Travel, change, interest, excitement!...Come inside.”"
135479,Cat’s Cradle,2778055,4.15,442659,19725,306,English,1999,11612,"Told with deadpan humour and bitter irony, Kurt Vonnegut's cult tale of global destruction preys on our deepest fears of witnessing Armageddon and, worse still, surviving it ... Dr Felix Hoenikker, one of the founding 'fathers' of the atomic bomb, has left a deadly legacy to the world. For he's the inventor of 'ice-nine', a lethal chemical capable of freezing the entire planet. The search for its whereabouts leads to Hoenikker's three ecentric children, to a crazed dictator in the Caribbean, to madness. Felix Hoenikker's Death Wish comes true when his last, fatal gift to humankind brings about the end, that for all of us, is nigh..."
514811,The Secret Magdalene,286014,4.14,4778,528,448,English,2007,247,"Raised like sisters, Mariamne and Salome are indulged with riches, position, and learning—a rare thing for females in Jerusalem. But Mariamne has a further gift: an illness has left her with visions; she has the power of prophecy. It is her prophesying that drives the two girls to flee to Egypt, where they study philosophy, mathematics, and astronomy in the Great Library of Alexandria. After seven years they return to a Judaea where many now believe John the Baptizer is the messiah. Salome too begins to believe, but Mariamne, now called Magdalene, is drawn to his cousin, Yeshu'a, a man touched by the divine in the same way she was during her days of illness. Together they speak of sharing their direct experience of God; but Yeshu'a unexpectedly gains a reputation as a healer, and as the ill and the troubled flock to him, he and Magdalene are forced to make a terrible decision. This radical retelling of the greatest story ever told brings Mary Magdalene to life—not as a prostitute or demon-possessed—but as an educated woman who was truly the ""apostle to the apostles."" From the Hardcover edition."
7235533,"The Way of Kings (The Stormlight Archive, #1)",38550,4.66,696330,56118,1007,English,2010,69678,"From #1 New York Times bestselling author Brandon Sanderson, The Way of Kings, book one of The Stormlight Archive begins an incredible new saga of epic proportion. Roshar is a world of stone and storms. Uncanny tempests of incredible power sweep across the rocky terrain so frequently that they have shaped ecology and civilization alike. Animals hide in shells, trees pull in branches, and grass retracts into the soilless ground. Cities are built only where the topography offers shelter. It has been centuries since the fall of the ten consecrated orders known as the Knights Radiant, but their Shardblades and Shardplate remain: mystical swords and suits of armor that transform ordinary men into near-invincible warriors. Men trade kingdoms for Shardblades. Wars were fought for them, and won by them. One such war rages on a ruined landscape called the Shattered Plains. There, Kaladin, who traded his medical apprenticeship for a spear to protect his little brother, has been reduced to slavery. In a war that makes no sense, where ten armies fight separately against a single foe, he struggles to save his men and to fathom the leaders who consider them expendable. Brightlord Dalinar Kholin commands one of those other armies. Like his brother, the late king, he is fascinated by an ancient text called The Way of Kings. Troubled by over-powering visions of ancient times and the Knights Radiant, he has begun to doubt his own sanity. Across the ocean, an untried young woman named Shallan seeks to train under an eminent scholar and notorious heretic, Dalinar's niece, Jasnah. Though she genuinely loves learning, Shallan's motives are less than pure. As she plans a daring theft, her research for Jasnah hints at secrets of the Knights Radiant and the true cause of the war. The result of over ten years of planning, writing, and world-building, The Way of Kings is but the opening movement of the Stormlight Archive, a bold masterpiece in the making. Speak again the ancient oaths: Life before death. Strength before weakness. Journey before Destination. and return to men the Shards they once bore. The Knights Radiant must stand again."
30118,A Light in the Attic,435477,4.37,479862,3712,176,English,2002,1716,"Last night while I lay thinking here Some Whatifs crawled inside my ear And pranced and partied all night long And sang their same old Whatif song: Whatif I flunk that test? Whatif green hair grows on my chest? Whatif nobody likes me? Whatif a bolt of lightning strikes me?...This 20th anniversary of Shel Silverstein's A Light in the Attic includes a CD of highlights from his Grammy Award-winning album. Here in the attic of Shel Silverstein you will find Backward Bill, Sour Face Ann, the Meehoo with an Exactlywatt, and the Polar Bear in the Frigidaire. You will talk with Broiled Face, and find out what happens when Somebody steals your knees, you get caught by the Quick-Digesting Gink, a Mountain snores, and They Put a Brassiere on the Camel. From the creator of the beloved poetry collections Where the Sidewalk Ends and Falling Up, here is another wondrous book of poems and drawings."
34,"The Fellowship of the Ring (The Lord of the Rings, #1)",656983,4.41,3195625,55672,398,English,2003,106235,"Alternate Cover Edition ISBN 0618260269 (copyright page ISBN is 0618346252 - different from back cover) One Ring to rule them all, One Ring to find them, One Ring to bring them all and in the darkeness bind them In ancient times the Rings of Power were crafted by the Elven-smiths, and Sauron, The Dark Lord, forged the One Ring, filling it with his own power so that he could rule all others. But the One Ring was taken from him, and though he sought it throughout Middle-earth, it remained lost to him. After many ages it fell into the hands of Bilbo Baggins, as told in The Hobbit. In a sleepy village in the Shire, young Frodo Baggins finds himself faced with an immense task, as his elderly cousin Bilbo entrusts the Ring to his care. Frodo must leave his home and make a perilous journey across Middle-earth to the Cracks of Doom, there to destroy the Ring and foil the Dark Lord in his evil purpose. --back cover"
10572,"A Clash of Kings  (A Song of Ice and Fire, #2)",346732,4.42,1034893,32288,1009,English,2002,48528,"A comet the color of blood and flame cuts across the sky. Two great leaders—Lord Eddard Stark and Robert Baratheon—who hold sway over an age of enforced peace are dead, victims of royal treachery. Now, from the ancient citadel of Dragonstone to the forbidding shores of Winterfell, chaos reigns. Six factions struggle for control of a divided land and the Iron Throne of the Seven Kingdoms, preparing to stake their claims through tempest, turmoil, and war. It is a tale in which brother plots against brother and the dead rise to walk in the night. Here a princess masquerades as an orphan boy; a knight of the mind prepares a poison for a treacherous sorceress; and wild men descend from the Mountains of the Moon to ravage the countryside. Against a backdrop of incest and fratricide, alchemy and murder, victory may go to the men and women possessed of the coldest steel...and the coldest hearts. For when kings clash, the whole land trembles. Here is the second volume in George R.R. Martin magnificent cycle of novels that includes A Game of Thrones and A Storm of Swords. As a whole, this series comprises a genuine masterpiece of modern fantasy, bringing together the best the genre has to offer. Magic, mystery, intrigue, romance, and adventure fill these pages and transport us to a world unlike any we have ever experienced. Already hailed as a classic, George R.R. Martin stunning series is destined to stand as one of the great achievements of imaginative fiction."
480204,The Phantom of the Opera,9057,3.96,283001,15894,360,English,1987,15116,"First published in French as a serial in 1909, The Phantom of the Opera is a riveting story that revolves around the young, Swedish Christine Daaé. Her father, a famous musician, dies, and she is raised in the Paris Opera House with his dying promise of a protective angel of music to guide her. After a time at the opera house, she begins hearing a voice, who eventually teaches her how to sing beautifully. All goes well until Christine's childhood friend Raoul comes to visit his parents, who are patrons of the opera, and he sees Christine when she begins successfully singing on the stage. The voice, who is the deformed, murderous 'ghost' of the opera house named Erik, however, grows violent in his terrible jealousy, until Christine suddenly disappears. The phantom is in love, but it can only spell disaster. Leroux's work, with characters ranging from the spoiled prima donna Carlotta to the mysterious Persian from Erik's past, has been immortalized by memorable adaptations. Despite this, it remains a remarkable piece of Gothic horror literature in and of itself, deeper and darker than any version that follows."
6479259,"Spirit Bound (Vampire Academy, #5)",137902,4.32,308886,10804,489,English,2010,2943,"Salvation has its price . . . The words stunned Adrian for a moment, but he kept going. ""You're lying. What you're describing is impossible. There's no way to save a Strigoi. When they're gone, they're gone. They're dead. Undead. Forever."" Robert's next words weren't directed at Adrian. They were spoken to me. ""That which is dead doesn't always stay dead...."" After a long and heartbreaking journey to Siberia, Dimitri’s birthplace, Rose Hathaway has finally returned to St. Vladimir’s—and to her best friend, Lissa Dragomir. It's graduation, and the girls can’t wait for their real lives outside the academy’s cold iron gates to finally begin. But even with the intrigue and excitement of court life looming, Rose’s heart still aches for Dimitri. He’s out there, somewhere. She failed to kill him when she had the chance, and now her worst fears are about to come true. Dimitri has tasted her blood, and she knows in her heart that he is hunting her. And if Rose won't join him, he won't rest until he has silenced her . . . forever. But Rose can't forget what she learned on her journey—whispers of a magic too impossible and terrifying to comprehend. A magic inextricably tied to Lissa that could hold the answer to all of Rose's prayers, but not without devastating consequences. Now Rose will have to decide what—and who—matters most to her. And in the end, is true love really worth the price? Fall in love with Rose and Dimitri all over again in Spirit Bound, the eagerly awaited fifth novel in Richelle Mead's enthralling Vampire Academy series."
40495148,Blindness,1285555,4.18,347543,30078,349,English,2013,18324,"From Nobel Prize–winning author José Saramago, a magnificent, mesmerizing parable of loss A city is hit by an epidemic of ""white blindness"" that spares no one. Authorities confine the blind to an empty mental hospital, but there the criminal element holds everyone captive, stealing food rations, and assaulting women. There is one eyewitness to this nightmare who guides her charges—among them a boy with no mother, a girl with dark glasses, a dog of tears—through the barren streets, and their procession becomes as uncanny as the surroundings are harrowing. As Blindness reclaims the age-old story of a plague, it evokes the vivid and trembling horrors of the twentieth century, leaving readers with a powerful vision of the human spirit that's bound both by weakness and exhilarating strength."
6752378,"City of Fallen Angels (The Mortal Instruments, #4)",150038,4.07,645449,30177,425,English,2011,11594,"The Mortal War is over, and sixteen-year-old Clary Fray is back home in New York, excited about all the possibilities before her. She’s training to become a Shadowhunter and to use her unique power. Her mother is getting married to the love of her life. Downworlders and Shadowhunters are at peace at last. And—most importantly of all—she can finally call Jace her boyfriend. But nothing comes without a price. Someone is murdering Shadowhunters, provoking tensions between Downworlders and Shadowhunters that could lead to a second, bloody war. Clary’s best friend, Simon, can’t help her—his mother just found out that he’s a vampire, and now he’s homeless. When Jace begins to pull away from her without explaining why, Clary is forced to delve into the heart of a mystery whose solution reveals her worst she herself has set in motion a terrible chain of events that could lead to her losing everything she loves. Even Jace."
561909,The Hiding Place: The Triumphant True Story of Corrie Ten Boom,102203,4.48,362134,16121,242,English,1974,10951,"Corrie ten Boom was a woman admired the world over for her courage, her forgiveness, and her memorable faith. In World War II, she and her family risked their lives to help Jews escape the Nazis, and their reward was a trip to Hitler's concentration camps. But she survived and was released—as a result of a clerical error—and now shares the story of how faith triumphs over evil. For thirty-five years Corrie's dramatic life story, full of timeless virtues, has prepared readers to face their own futures with faith, relying on God's love to overcome, heal, and restore. Now releasing in a thirty-fifth anniversary edition for a new generation of readers, The Hiding Place tells the riveting story of how a middle-aged Dutch watchmaker became a heroine of the Resistance, a survivor of Hitler's death camps, and one of the most remarkable evangelists of the twentieth century."
9777,The God of Small Things,6134,3.96,332421,23637,321,English,1997,23160,"The year is 1969. In the state of Kerala, on the southernmost tip of India, a skyblue Plymouth with chrome tailfins is stranded on the highway amid a Marxist workers' demonstration. Inside the car sit two-egg twins Rahel and Esthappen, and so begins their tale. . . . Armed only with the invincible innocence of children, they fashion a childhood for themselves in the shade of the wreck that is their family—their lonely, lovely mother, Ammu (who loves by night the man her children love by day), their blind grandmother, Mammachi (who plays Handel on her violin), their beloved uncle Chacko (Rhodes scholar, pickle baron, radical Marxist, bottom-pincher), their enemy, Baby Kochamma (ex-nun and incumbent grandaunt), and the ghost of an imperial entomologist's moth (with unusually dense dorsal tufts). When their English cousin, Sophie Mol, and her mother, Margaret Kochamma, arrive on a Christmas visit, Esthappen and Rahel learn that Things Can Change in a Day. That lives can twist into new, ugly shapes, even cease forever, beside their river ""graygreen."" With fish in it. With the sky and trees in it. And at night, the broken yellow moon in it. The brilliantly plotted story uncoils with an agonizing sense of foreboding and inevitability. Yet nothing prepares you for what lies at the heart of it. The God of Small Things takes on the Big Themes—Love. Madness. Hope. Infinite Joy. Here is a writer who dares to break the rules. To dislocate received rhythms and create the language she requires, a language that is at once classical and unprecedented. Arundhati Roy has given us a book that is anchored to anguish, but fueled by wit and magic."
9328,The House of the Spirits,2238,4.3,330370,21774,448,English,2005,22026,"In one of the most important and beloved Latin American works of the twentieth century, Isabel Allende weaves a luminous tapestry of three generations of the Trueba family, revealing both triumphs and tragedies. Here is patriarch Esteban, whose wild desires and political machinations are tempered only by his love for his ethereal wife, Clara, a woman touched by an otherworldly hand. Their daughter, Blanca, whose forbidden love for a man Esteban has deemed unworthy infuriates her father, yet will produce his greatest joy: his granddaughter Alba, a beautiful, ambitious girl who will lead the family and their country into a revolutionary future. The House of the Spirits is an enthralling saga that spans decades and lives, twining the personal and the political into an epic novel of love, magic, and fate."
24337,"Ella Enchanted (Ella Enchanted, #1)",13677,4.02,425590,13758,240,English,1997,3009,"At birth, Ella is inadvertently cursed by an imprudent young fairy named Lucinda, who bestows on her the ""gift"" of obedience. Anything anyone tells her to do, Ella must obey. Another girl might have been cowed by this affliction, but not feisty Ella: ""Instead of making me docile, Lucinda's curse made a rebel of me. Or perhaps I was that way naturally."" When her beloved mother dies, leaving her in the care of a mostly absent and avaricious father, and later, a loathsome stepmother and two treacherous stepsisters, Ella's life and well-being seem to be in grave peril. But her intelligence and saucy nature keep her in good stead as she sets out on a quest for freedom and self-discovery as she tries to track down Lucinda to undo the curse, fending off ogres, befriending elves, and falling in love with a prince along the way. Yes, there is a pumpkin coach, a glass slipper, and a happily ever after, but this is the most remarkable, delightful, and profound version of Cinderella you'll ever read. Gail Carson Levine's examination of traditional female roles in fairy tales takes some satisfying twists and deviations from the original. Ella is bound by obedience against her will, and takes matters in her own hands with ambition and verve. Her relationship with the prince is balanced and based on humor and mutual respect; in fact, it is she who ultimately rescues him. Ella Enchanted has won many well-deserved awards, including a Newbery Honor."
60288648,The Chain Between Worlds (The Lost Artefacts #1),22199652,4.38,1274,57,335,English,2021,97,"Runner up in the 2021 TCK Publishing Reader’s Choice Awards: Fantasy Genre At the age of five Lincoln was abandoned inexplicably at an orphanage by his father with nothing but a promise to return and an old wrist chain. 11 years later when seemingly ordinary 16-year-old Lincoln runs away from yet another foster home, heading to his favoured spot in New York City, he is attacked by a dog, a monstrous three headed dog the size of a truck. Becoming marked, a string of attacks follow, only ending when he is saved by El, Ben, and AJ, a group of enhanced people known as Ascendants. Discovering the world is not as it seems, with Sorcerers, Nature Spirits and demonic monsters all hiding in plain sight, he learns that he is a long-lost Ascendant himself; discovering that the chain his father left him was at the centre of a conspiracy that resulted in his abandonment and his father’s subsequent disappearance."
6442769,Paper Towns,1406384,3.7,1504803,59229,305,English,2009,23121,"Who is the real Margo? Quentin Jacobsen has spent a lifetime loving the magnificently adventurous Margo Roth Spiegelman from afar. So when she cracks open a window and climbs into his life—dressed like a ninja and summoning him for an ingenious campaign of revenge—he follows. After their all-nighter ends, and a new day breaks, Q arrives at school to discover that Margo, always an enigma, has now become a mystery. But Q soon learns that there are clues—and they're for him. Urged down a disconnected path, the closer he gets, the less Q sees the girl he thought he knew..."
2865,Girl with a Pearl Earring,1973,3.93,787510,14344,233,English,2005,4706,"With precisely 35 canvases to his credit, the Dutch painter Johannes Vermeer represents one of the great enigmas of 17th-century art. The meager facts of his biography have been gleaned from a handful of legal documents. Yet Vermeer's extraordinary paintings of domestic life, with their subtle play of light and texture, have come to define the Dutch golden age. His portrait of the anonymous Girl with a Pearl Earring has exerted a particular fascination for centuries—and it is this magnetic painting that lies at the heart of Tracy Chevalier's second novel of the same title. Girl with a Pearl Earring centers on Vermeer's prosperous Delft household during the 1660s. When Griet, the novel's quietly perceptive heroine, is hired as a servant, turmoil follows. First, the 16-year-old narrator becomes increasingly intimate with her master. Then Vermeer employs her as his assistant—and ultimately has Griet sit for him as a model."
26032825,"The Cruel Prince (The Folk of the Air, #1)",25422,4.0,1794392,158132,370,English,2018,82835,"Of course I want to be like them. They’re beautiful as blades forged in some divine fire. They will live forever. And Cardan is even more beautiful than the rest. I hate him more than all the others. I hate him so much that sometimes when I look at him, I can hardly breathe. Jude was seven when her parents were murdered and she and her two sisters were stolen away to live in the treacherous High Court of Faerie. Ten years later, Jude wants nothing more than to belong there, despite her mortality. But many of the fey despise humans. Especially Prince Cardan, the youngest and wickedest son of the High King. To win a place at the Court, she must defy him–and face the consequences. As Jude becomes more deeply embroiled in palace intrigues and deceptions, she discovers her own capacity for trickery and bloodshed. But as betrayal threatens to drown the Courts of Faerie in violence, Jude will need to risk her life in a dangerous alliance to save her sisters, and Faerie itself."
11297,Norwegian Wood,3354,3.99,748401,61769,296,English,2000,38703,"Toru, a quiet and preternaturally serious young college student in Tokyo, is devoted to Naoko, a beautiful and introspective young woman, but their mutual passion is marked by the tragic death of their best friend years before. Toru begins to adapt to campus life and the loneliness and isolation he faces there, but Naoko finds the pressures and responsibilities of life unbearable. As she retreats further into her own world, Toru finds himself reaching out to others and drawn to a fiercely independent and sexually liberated young woman. A magnificent blending of the music, the mood, and the ethos that was the sixties with the story of one college student's romantic coming of age, Norwegian Wood brilliantly recaptures a young man's first, hopeless, and heroic love."
11275,The Wind-Up Bird Chronicle,3354,4.14,319619,23860,607,English,1997,22855,"Japan's most highly regarded novelist now vaults into the first ranks of international fiction writers with this heroically imaginative novel, which is at once a detective story, an account of a disintegrating marriage, and an excavation of the buried secrets of World War II. In a Tokyo suburb a young man named Toru Okada searches for his wife's missing cat. Soon he finds himself looking for his wife as well in a netherworld that lies beneath the placid surface of Tokyo. As these searches intersect, Okada encounters a bizarre group of allies and antagonists: a psychic prostitute; a malevolent yet mediagenic politician; a cheerfully morbid sixteen-year-old-girl; and an aging war veteran who has been permanently changed by the hideous things he witnessed during Japan's forgotten campaign in Manchuria. Gripping, prophetic, suffused with comedy and menace, The Wind-Up Bird Chronicle is a tour de force equal in scope to the masterpieces of Mishima and Pynchon."
39832183,The Guernsey Literary and Potato Peel Pie Society,1194527,4.19,820947,66924,291,English,2018,17596,"#1 NEW YORK TIMES BESTSELLER - NOW A MAJOR MOTION PICTURE ON NETFLIX - A remarkable tale of the island of Guernsey during the German Occupation, and of a society as extraordinary as its name. ""I wonder how the book got to Guernsey? Perhaps there is some sort of secret homing instinct in books that brings them to their perfect readers."" January 1946: London is emerging from the shadow of the Second World War, and writer Juliet Ashton is looking for her next book subject. Who could imagine that she would find it in a letter from a man she's never met, a native of the island of Guernsey, who has come across her name written inside a book by Charles Lamb... As Juliet and her new correspondent exchange letters, Juliet is drawn into the world of this man and his friends—and what a wonderfully eccentric world it is. The Guernsey Literary and Potato Peel Pie Society—born as a spur-of-the-moment alibi when its members were discovered breaking curfew by the Germans occupying their island—boasts a charming, funny, deeply human cast of characters, from pig farmers to phrenologists, literature lovers all. Juliet begins a remarkable correspondence with the society's members, learning about their island, their taste in books, and the impact the recent German occupation has had on their lives. Captivated by their stories, she sets sail for Guernsey, and what she finds will change her forever. Written with warmth and humor as a series of letters, this novel is a celebration of the written word in all its guises and of finding connection in the most surprising ways."
12691,Marley and Me: Life and Love With the World’s Worst Dog,8002,4.14,477885,15397,291,English,2005,4009,"John and Jenny were young and deeply in love, with a perfect little house and not a care in the world. Then they brought home Marley, a wiggly yellow furball of a puppy. Life would never be the same. Marley quickly grew into an uncontrollable ninety-seven-pound steamroller of a Labrador retriever. Expelled from obedience school, even the tranquillisers prescribed by the vet couldn't stop him. Yet through the chaos and the hilarity, he won hearts and remained a steadfast model of devotion to his family, even when they were at their wits' end. Unconditional love, they would learn, comes in many forms."
24770,"Uglies (Uglies, #1)",13957,3.84,711955,29749,425,English,2005,13726,"I en värld där alla är extremt vackra, är det normala fult! Tally kan knappt vänta till sin sextonde födelsedag då hon blir Vacker. Sexton är när förändringen sker ? från motbjudande Ful till otroligt attraktivt Vacker. Den dag då man åker som i en katapult rakt in i det högteknologiska paradiset i stadens centrum där ens enda uppgift är att ha superkul! Om bara några veckor fyller Tally sexton... Men Tallys nya vän Shay är inte helt säker på att hon vill bli Vacker. Hon vill hellre försöka leva utanför staden. Myndigheterna erbjuder Tally det värsta tänkbara valet hon kan tänka sig: Hitta sin vän och förråda henne, eller aldrig blir Vacker. Tallys val förändrar hennes syn på världen för alltid."
10429045,"Shatter Me (Shatter Me, #1)",4637539,3.84,1264703,123371,338,English,2011,52834,"I have a curse I have a gift I am a monster I'm more than human My touch is lethal My touch is power I am their weapon I will fight back Juliette hasn't touched anyone in exactly 264 days. The last time she did, it was an accident, but The Reestablishment locked her up for murder. No one knows why Juliette's touch is fatal. As long as she doesn't hurt anyone else, no one really cares. The world is too busy crumbling to pieces to pay attention to a 17-year-old girl. Diseases are destroying the population, food is hard to find, birds don't fly anymore, and the clouds are the wrong color. The Reestablishment said their way was the only way to fix things, so they threw Juliette in a cell. Now so many people are dead that the survivors are whispering war—and The Reestablishment has changed its mind. Maybe Juliette is more than a tortured soul stuffed into a poisonous body. Maybe she's exactly what they need right now. Juliette has to make a choice: Be a weapon. Or be a warrior."
39280444,Speak,10003,4.05,637100,34632,224,English,2019,11301,"The first ten lies they tell you in high school. ""Speak up for yourself—we want to know what you have to say."" From the first moment of her freshman year at Merryweather High, Melinda knows this is a big fat lie, part of the nonsense of high school. She is friendless, outcast, because she busted an end-of-summer party by calling the cops, so now nobody will talk to her, let alone listen to her. As time passes, she becomes increasingly isolated and practically stops talking altogether. Only her art class offers any solace, and it is through her work on an art project that she is finally able to face what really happened at that terrible party: she was raped by an upperclassman, a guy who still attends Merryweather and is still a threat to her. Her healing process has just begun when she has another violent encounter with him. But this time Melinda fights back, refuses to be silent, and thereby achieves a measure of vindication. In Laurie Halse Anderson's powerful novel, an utterly believable heroine with a bitterly ironic voice delivers a blow to the hypocritical world of high school. She speaks for many a disenfranchised teenager while demonstrating the importance of speaking up for oneself. Speak was a 1999 National Book Award Finalist for Young People's Literature."
5203,She’s Come Undone,3505,3.92,366936,12507,465,English,1998,5568,"In this extraordinary coming-of-age odyssey, Wally Lamb invites us to hitch a wild ride on a journey of love, pain, and renewal with the most heartbreakingly comical heroine to come along in years. Meet Dolores Price. She's 13, wise-mouthed but wounded, having bid her childhood goodbye. Stranded in front of her bedroom TV, she spends the next few years nourishing herself with the Mallomars, potato chips, and Pepsi her anxious mother supplies. When she finally orbits into young womanhood at 257 pounds, Dolores is no stronger and life is no kinder. But this time she's determined to rise to the occasion and give herself one more chance before she really goes under."
133518,The Things They Carried,2330,4.15,350345,21974,246,English,1998,12934,"A classic work of American literature that has not stopped changing minds and lives since it burst onto the literary scene, The Things They Carried is a ground-breaking meditation on war, memory, imagination, and the redemptive power of storytelling. The Things They Carried depicts the men of Alpha Company: Jimmy Cross, Henry Dobbins, Rat Kiley, Mitchell Sanders, Norman Bowker, Kiowa, and the character Tim O’Brien, who has survived his tour in Vietnam to become a father and writer at the age of forty-three. Taught everywhere—from high school classrooms to graduate seminars in creative writing—it has become required reading for any American and continues to challenge readers in their perceptions of fact and fiction, war and peace, courage and fear and longing. The Things They Carried won France's prestigious Prix du Meilleur Livre Etranger and the Chicago Tribune Heartland Prize; it was also a finalist for the Pulitzer Prize and the National Book Critics Circle Award."
40874325,The Shack: Where Tragedy Confronts Eternity,15481463,3.84,699219,37091,294,English,2008,18753,"Mackenzie Allen Philips' youngest daughter, Missy, has been abducted during a family vacation and evidence that she may have been brutally murdered is found in an abandoned shack deep in the Oregon wilderness. Four years later in the midst of his Great Sadness, Mack receives a suspicious note, apparently from God, inviting him back to that shack for a weekend. Against his better judgment he arrives at the shack on a wintry afternoon and walks back into his darkest nightmare. What he finds there will change Mack's world forever. In a world where religion seems to grow increasingly irrelevant The Shack wrestles with the timeless question, ""Where is God in a world so filled with unspeakable pain?"" The answers Mack gets will astound you and perhaps transform you as much as it did him. You'll want everyone you know to read this book!"
24812,The Complete Calvin and Hobbes,13778,4.81,42422,1285,1456,English,2005,1049,"[ Box Set | Book One | Book Two | Book Three ] Calvin and Hobbes is unquestionably one of the most popular comic strips of all time. The imaginative world of a boy and his real-only-to-him tiger was first syndicated in 1985 and appeared in more than 2,400 newspapers when Bill Watterson retired on January 1, 1996. The entire body of Calvin and Hobbes cartoons published in a truly noteworthy tribute to this singular cartoon in The Complete Calvin and Hobbes. Composed of three hardcover, four-color volumes in a sturdy slipcase, this New York Times best-selling edition includes all Calvin and Hobbes cartoons that ever appeared in syndication. This is the treasure that all Calvin and Hobbes fans seek."
6068551,"Shiver (The Wolves of Mercy Falls, #1)",1330292,3.76,494847,25220,392,English,2009,6582,"For years, Grace has watched the wolves in the woods behind her house. One yellow-eyed wolf—her wolf—is a chilling presence she can't seem to live without. Meanwhile, Sam has lived two lives: In winter, the frozen woods, the protection of the pack, and the silent company of a fearless girl. In summer, a few precious months of being human… until the cold makes him shift back again. Now, Grace meets a yellow-eyed boy whose familiarity takes her breath away. It's her wolf. It has to be. But as winter nears, Sam must fight to stay human—or risk losing himself, and Grace, forever."
4406,East of Eden,585,4.45,667657,47886,601,English,2002,54648,"In his journal, Nobel Prize winner John Steinbeck called East of Eden “the first book,” and indeed it has the primordial power and simplicity of myth. Set in the rich farmland of California’s Salinas Valley, this sprawling and often brutal novel follows the intertwined destinies of two families—the Trasks and the Hamiltons—whose generations helplessly reenact the fall of Adam and Eve and the poisonous rivalry of Cain and Abel. Adam Trask came to California from the East to farm and raise his family on the new rich land. But the birth of his twins, Cal and Aaron, brings his wife to the brink of madness, and Adam is left alone to raise his boys to manhood. One boy thrives nurtured by the love of all those around him; the other grows up in loneliness enveloped by a mysterious darkness. First published in 1952, East of Eden is the work in which Steinbeck created his most mesmerizing characters and explored his most enduring themes: the mystery of identity, the inexplicability of love, and the murderous consequences of love's absence. A masterpiece of Steinbeck's later years, East of Eden is a powerful and vastly ambitious novel that is at once a family saga and a modern retelling of the Book of Genesis."
7745,Fear and Loathing in Las Vegas: A Savage Journey to the Heart of the American Dream,5237,4.06,383297,12329,204,English,1998,7478,"Fear and Loathing in Las Vegas is the best chronicle of drug-soaked, addle-brained, rollicking good times ever committed to the printed page. It is also the tale of a long weekend road trip that has gone down in the annals of American pop culture as one of the strangest journeys ever undertaken."
10975,The Sound and the Fury,3535,3.86,198447,11490,366,English,1990,10330,"The tragedy of the Compson family features some of the most memorable characters in literature: beautiful, rebellious Caddy; the manchild Benjy; haunted, neurotic Quentin; Jason, the brutal cynic; and Dilsey, their black servant. Their lives fragmented and harrowed by history and legacy, the character’s voices and actions mesh to create what is arguably Faulkner’s masterpiece and one of the greatest novels of the twentieth century."
4929,Kafka on the Shore,3354,4.11,560249,47918,467,English,2002,37844,"Kafka on the Shore, a tour de force of metaphysical reality, is powered by two remarkable characters: a teenage boy, Kafka Tamura, who runs away from home either to escape a gruesome oedipal prophecy or to search for his long-missing mother and sister; and an aging simpleton called Nakata, who never recovered from a wartime affliction and now is drawn toward Kafka for reasons that, like the most basic activities of daily life, he cannot fathom. Their odyssey, as mysterious to them as it is to us, is enriched throughout by vivid accomplices and mesmerizing events. Cats and people carry on conversations, a ghostlike pimp employs a Hegel-quoting prostitute, a forest harbors soldiers apparently unaged since World War II, and rainstorms of fish (and worse) fall from the sky. There is a brutal murder, with the identity of both victim and perpetrator a riddle—yet this, along with everything else, is eventually answered, just as the entwined destinies of Kafka and Nakata are gradually revealed, with one escaping his fate entirely and the other given a fresh start on his own."
30183,"Marked (House of Night, #1)",17015,3.82,526175,17517,306,English,2007,6090,"Also see: Alternate Cover Editions for this ISBN [ACE] ACE #1 After a Vampire Tracker Marks her with a crescent moon on her forehead, 16-year-old Zoey Redbird enters the House of Night and learns that she is no average fledgling. She has been Marked as special by the vampyre Goddess Nyx and has affinities for all five elements: Air, Fire, Water, Earth and Spirit. But she is not the only fledgling at the House of Night with special powers. When she discovers that the leader of the Dark Daughters, the school’s most elite club, is misusing her Goddess-given gifts, Zoey must look deep within herself for the courage to embrace her destiny—with a little help from her new vampyre friends (or Nerd Herd, as Aphrodite calls them)."
188572,The Complete Sherlock Holmes,2448,4.51,218489,5521,1796,English,1986,45668,"A study in scarlet -- The sign of four -- Adventures of Sherlock Holmes : A scandal in Bohemia ; The red-headed league ; A case of identity ; The Boscombe Valley mystery ; The five orange pips ; The man with the twisted lip ; The adventure of the blue carbuncle ; The adventure of the speckled band ; The adventure of the engineer's thumb ; The adventure of the noble bachelor ; The adventure of the beryl coronet ; The adventure of the copper beeches -- Memoirs of Sherlock Holmes : Silver blaze ; The yellow face ; The stock-broker's clerk ; The ""Gloria Scott"" ; The Musgrave ritual ; The Reigate puzzle ; The crooked man ; The resident patient ; The Greek interpreter ; The naval treaty ; The final problem -- The return of Sherlock Holmes : The adventure of the empty house ; The adventure of the Norwood builder ; The adventure of the dancing men ; The adventure of the solitary cyclist ; The adventure of the priory school ; The adventure of Black Peter ; The adventure of Charles Augustus Milverton ; The adventure of the six Napoleons ; The adventure of the three students ; The adventure of the golden pince-nez ; The adventure of the missing three-quarter ; The adventure of the abbey grange ; The adventure of the second stain. Volume 2. Introduction / by Loren D. Estleman -- The hound of the Baskervilles -- The valley of fear -- His last bow : The adventure of Wisteria Lodge : The singular experience of Mr. John Scott Eccles ; The tiger of San Pedro ; The adventure of the cardboard box ; The adventure of the red circle ; The adventure of the Bruce-Partington plans ; The adventure of the dying detective ; The disappearance of Lady Frances Carfax ; The adventure of the devil's foot ; His last bow -- The case-book of Sherlock Holmes : The adventure of the illustrious client ; The adventure of the blanched soldier ; The adventure of the Mazarin stone ; The adventure of the three gables ; The adventure of the Sussex vampire ; The adventure of the three Garridebs ; The problem of Thor Bridge ; The adventure of the creeping man ; The adventure of the lion's mane ; The adventure of the veiled lodger ; The adventure of Shoscombe old place ; The adventure of the retired colourman."
46170,For Whom the Bell Tolls,1455,3.99,322382,11290,471,English,1995,16655,"In 1937 Ernest Hemingway traveled to Spain to cover the civil war there for the North American Newspaper Alliance. Three years later he completed the greatest novel to emerge from ""the good fight,"" For Whom the Bell Tolls. The story of Robert Jordan, a young American in the International Brigades attached to an antifascist guerilla unit in the mountains of Spain, it tells of loyalty and courage, love and defeat, and the tragic death of an ideal. In his portrayal of Jordan's love for the beautiful Maria and his superb account of El Sordo's last stand, in his brilliant travesty of La Pasionaria and his unwillingness to believe in blind faith, Hemingway surpasses his achievement in The Sun Also Rises and A Farewell to Arms to create a work at once rare and beautiful, strong and brutal, compassionate, moving and wise. ""If the function of a writer is to reveal reality,"" Maxwell Perkins wrote to Hemingway after reading the manuscript, ""no one ever so completely performed it."" Greater in power, broader in scope, and more intensely emotional than any of the author's previous works, it stands as one of the best war novels of all time."
11387515,"Wonder (Wonder, #1)",4859212,4.35,1209728,80312,315,English,2012,32614,"I won’t describe what I look like. Whatever you’re thinking, it’s probably worse. August Pullman was born with a facial difference that, up until now, has prevented him from going to a mainstream school. Starting 5th grade at Beecher Prep, he wants nothing more than to be treated as an ordinary kid—but his new classmates can’t get past Auggie’s extraordinary face. Wonder, begins from Auggie’s point of view, but soon switches to include his classmates, his sister, her boyfriend, and others."
12505,The Idiot,3137322,4.21,223990,12781,667,English,2003,38179,"Returning to Russia from a sanitarium in Switzerland, the Christ-like epileptic Prince Myshkin finds himself enmeshed in a tangle of love, torn between two women—the notorious kept woman Nastasya and the pure Aglaia—both involved, in turn, with the corrupt, money-hungry Ganya. In the end, Myshkin’s honesty, goodness, and integrity are shown to be unequal to the moral emptiness of those around him. In her revision of the Garnett translation, Anna Brailovsky has corrected inaccuracies wrought by Garnett’s drastic anglicization of the novel, restoring as much as possible the syntactical structure of the original story."
41044096,Island of the Blue Dolphins,4999,3.88,352357,11051,194,English,2010,6570,"Scott O'Dell's Newbery Medal-winning classic is a gripping tale of survival, strength, and courage. Based on the true story of a Nicole�o Indian girl living alone on an island off the coast of California, Island of the Blue Dolphins has captivated readers for generations. On San Nicolas Island, dolphins flash in the surrounding blue waters, sea otter play in the vast kelp beds, and sea elephants loll on the stony beaches. Here, in the early 1800s, a girl named Karana spent eighteen years alone. Karana had to contend with the ferocious pack of wild dogs that killed her younger brother, constantly guard against Aleutian sea otter hunters, and maintain a precarious food supply. Her courage, self-reliance, and grit has inspired millions of readers in this breathtaking adventure. As Smithsonian magazine put ""For kids all over the country, reading the book in language arts classes, Karana is a powerful symbol of their growing independence. Through her, they can imagine themselves making their way in the world alone--and thriving."""
12996,Othello,947,3.89,442342,13766,319,English,2003,8867,"In Othello, Shakespeare creates a powerful drama of a marriage that begins with fascination (between the exotic Moor Othello and the Venetian lady Desdemona), with elopement, and with intense mutual devotion and that ends precipitately with jealous rage and violent deaths. He sets this story in the romantic world of the Mediterranean, moving the action from Venice to the island of Cyprus and giving it an even more exotic coloring with stories of Othello's African past. Shakespeare builds so many differences into his hero and heroine—differences of race, of age, of cultural background—that one should not, perhaps, be surprised that the marriage ends disastrously. But most people who see or read the play feel that the love that the play presents between Othello and Desdemona is so strong that it would have overcome all these differences were it not for the words and actions of Othello's standard-bearer, Iago, who hates Othello and sets out to destroy him by destroying his love for Desdemona. As Othello succumbs to Iago's insinuations that Desdemona is unfaithful, fascination—which dominates the early acts of the play—turns to horror, especially for the audience. We are confronted by spectacles of a generous and trusting Othello in the grip of Iago's schemes; of an innocent Desdemona, who has given herself up entirely to her love for Othello only to be subjected to his horrifying verbal and physical assaults, the outcome of Othello's mistaken convictions about her faithlessness."
28194,"Inkheart (Inkworld, #1)",15873,3.93,445299,15895,563,English,2005,7311,"Alternate cover edition: 9780439709101 From internationally acclaimed storyteller Cornelia Funke, this bestselling, magical epic is now out in paperback! One cruel night, Meggie's father reads aloud from a book called INKHEART-- and an evil ruler escapes the boundaries of fiction and lands in their living room. Suddenly, Meggie is smack in the middle of the kind of adventure she has only read about in books. Meggie must learn to harness the magic that has conjured this nightmare. For only she can change the course of the story that has changed her life forever. This is INKHEART--a timeless tale about books, about imagination, about life. Dare to read it aloud."
350,Stranger in a Strange Land,205,3.92,328428,11217,525,English,1991,9618,"A human raised on Mars, Valentine Michael Smith has just arrived on planet Earth. Among his people for the first time, he struggles to understand the social mores and prejudices of human nature that are so alien to him, while his own “psi” powers—including telepathy, clairvoyance, telekenesis, and teleportation—make him a type of messiah figure among humans. ""Stranger in a Strange Land"" grew from a cult favorite to a bestseller to a classic in a few short years. The story of the man from Mars who taught humankind grokking and water-sharing—and love—it is Robert A. Heinlein’s masterpiece."
1845,Into the Wild,1235,4.02,1206832,34090,207,English,1996,15590,"Librarian's Note: An alternate cover edition can be found here In April, 1992, a young man from a well-to-do family hitchhiked to Alaska and walked alone into the wilderness north of Mt. McKinley. His name was Christopher Johnson McCandless. He had given $25,000 in savings to charity, abandoned his car and most of his possessions, burned all the cash in his wallet, and invented a new life for himself. Four months later, a party of moose hunters found his decomposed body. How McCandless came to die is the unforgettable story of Into the Wild. Immediately after graduating from college in 1991, McCandless had roamed through the West and Southwest on a vision quest like those made by his heroes Jack London and John Muir. In the Mojave Desert he abandoned his car, stripped it of its license plates, and burned all of his cash. He would give himself a new name, Alexander Supertramp, and, unencumbered by money and belongings, he would be free to wallow in the raw, unfiltered experiences that nature presented. Craving a blank spot on the map, McCandless simply threw away the maps. Leaving behind his desperate parents and sister, he vanished into the wild."
546018,Roots: The Saga of an American Family,17434,4.45,165628,4683,729,English,1980,3205,"When he was a boy in Henning, Tennessee, Alex Haley's grandmother used to tell him stories about their family—stories that went back to her grandparents, and their grandparents, down through the generations all the way to a man she called ""the African."" She said he had lived across the ocean near what he called the ""Kamby Bolongo"" and had been out in the forest one day chopping wood to make a drum when he was set upon by four men, beaten, chained and dragged aboard a slave ship bound for Colonial America. Still vividly remembering the stories after he grew up and became a writer, Haley began to search for documentation that might authenticate the narrative. It took ten years and a half a million miles of travel across three continents to find it, but finally, in an astonishing feat of genealogical detective work, he discovered not only the name of ""the African""—Kunta Kinte—but the precise location of Juffure, the very village in The Gambia, West Africa, from which he was abducted in 1767 at the age of sixteen and taken on the Lord Ligonier to Maryland and sold to a Virginia planter. Haley has talked in Juffure with his own African sixth cousins. On September 29, 1967, he stood on the dock in Annapolis where his great-great-great-great-grandfather was taken ashore on September 29, 1767. Now he has written the monumental two-century drama of Kunta Kinte and the six generations who came after him—slaves and freedmen, farmers and blacksmiths, lumber mill workers and Pullman porters, lawyers and architects—and one author. But Haley has done more than recapture the history of his own family. As the first black American writer to trace his origins back to their roots, he has told the story of 25,000,000 Americans of African descent. He has rediscovered for an entire people a rich cultural heritage that slavery took away from them, along with their names and their identities. But Roots speaks, finally, not just to blacks, or to whites, but to all people and all races everywhere, for the story it tells is one of the most eloquent testimonials ever written to the indomitability of the human spirit."
16096824,"A Court of Thorns and Roses (A Court of Thorns and Roses, #1)",3433047,4.15,4385409,326879,419,English,2015,207342,"When nineteen-year-old huntress Feyre kills a wolf in the woods, a terrifying creature arrives to demand retribution. Dragged to a treacherous magical land she knows about only from legends, Feyre discovers that her captor is not truly a beast, but one of the lethal, immortal faeries who once ruled her world. At least, he’s not a beast all the time. As she adapts to her new home, her feelings for the faerie, Tamlin, transform from icy hostility into a fiery passion that burns through every lie she’s been told about the beautiful, dangerous world of the Fae. But something is not right in the faerie lands. An ancient, wicked shadow is growing, and Feyre must find a way to stop it, or doom Tamlin—and his world—forever. From bestselling author Sarah J. Maas comes a seductive, breathtaking book that blends romance, adventure, and faerie lore into an unforgettable read."
6334,Never Let Me Go,4280,3.85,881363,76148,288,English,2010,34854,"As a child, Kathy – now thirty-one years old – lived at Hailsham, a private school in the scenic English countryside where the children were sheltered from the outside world, brought up to believe that they were special and that their well-being was crucial not only for themselves but for the society they would eventually enter. Kathy had long ago put this idyllic past behind her, but when two of her Hailsham friends come back into her life, she stops resisting the pull of memory. And so, as her friendship with Ruth is rekindled, and as the feelings that long ago fueled her adolescent crush on Tommy begin to deepen into love, Kathy recalls their years at Hailsham. She describes happy scenes of boys and girls growing up together, unperturbed – even comforted – by their isolation. But she describes other scenes as well: of discord and misunderstanding that hint at a dark secret behind Hailsham's nurturing facade. With the dawning clarity of hindsight, the three friends are compelled to face the truth about their childhood – and about their lives now."
9969571,"Ready Player One (Ready Player One, #1)",31712,4.22,1321439,111333,480,English,2011,36655,"Librarian's note: An alternate cover edition can be found here IN THE YEAR 2044, reality is an ugly place. The only time teenage Wade Watts really feels alive is when he's jacked into the virtual utopia known as the OASIS. Wade's devoted his life to studying the puzzles hidden within this world's digital confines, puzzles that are based on their creator's obsession with the pop culture of decades past and that promise massive power and fortune to whoever can unlock them. But when Wade stumbles upon the first clue, he finds himself beset by players willing to kill to take this ultimate prize. The race is on, and if Wade's going to survive, he'll have to win—and confront the real world he's always been so desperate to escape."
40916679,"A Good Girl's Guide to Murder (A Good Girl's Guide to Murder, #1)",18229614,4.28,1840192,176956,433,English,2019,71150,"The case is closed. Five years ago, schoolgirl Andie Bell was murdered by Sal Singh. The police know he did it. Everyone in town knows he did it. But having grown up in the same small town that was consumed by the crime, Pippa Fitz-Amobi isn't so sure. When she chooses the case as the topic for her final project, she starts to uncover secrets that someone in town desperately wants to stay hidden. And if the real killer is still out there, how far will they go to keep Pip from the truth…?"
68428,"Mistborn: The Final Empire (Mistborn, #1)",38550,4.49,1024372,86091,541,English,2006,73899,"What if the whole world were a dead, blasted wasteland? Mistborn For a thousand years the ash fell and no flowers bloomed. For a thousand years the Skaa slaved in misery and lived in fear. For a thousand years the Lord Ruler, the ""Sliver of Infinity,"" reigned with absolute power and ultimate terror, divinely invincible. Then, when hope was so long lost that not even its memory remained, a terribly scarred, heart-broken half-Skaa rediscovered it in the depths of the Lord Ruler's most hellish prison. Kelsier ""snapped"" and found in himself the powers of a Mistborn. A brilliant thief and natural leader, he turned his talents to the ultimate caper, with the Lord Ruler himself as the mark. Kelsier recruited the underworld's elite, the smartest and most trustworthy allomancers, each of whom shares one of his many powers, and all of whom relish a high-stakes challenge. Then Kelsier reveals his ultimate dream, not just the greatest heist in history, but the downfall of the divine despot. But even with the best criminal crew ever assembled, Kel's plan looks more like the ultimate long shot, until luck brings a ragged girl named Vin into his life. Like him, she's a half-Skaa orphan, but she's lived a much harsher life. Vin has learned to expect betrayal from everyone she meets. She will have to learn trust if Kel is to help her master powers of which she never dreamed. Brandon Sanderson, fantasy's newest master tale-spinner and author of the acclaimed debut Elantris, dares to turn a genre on its head by asking a simple question: What if the prophesied hero failed to defeat the Dark Lord? The answer will be found in the Mistborn Trilogy, a saga of surprises that begins with the book in your hands. Fantasy will never be the same again."
18143977,All the Light We Cannot See,28186,4.31,2020630,125413,531,English,2014,118856,"Marie-Laure lives in Paris near the Museum of Natural History, where her father works. When she is twelve, the Nazis occupy Paris and father and daughter flee to the walled citadel of Saint-Malo, where Marie-Laure's reclusive great uncle lives in a tall house by the sea. With them they carry what might be the museum's most valuable and dangerous jewel. In a mining town in Germany, Werner Pfennig, an orphan, grows up with his younger sister, enchanted by a crude radio they find that brings them news and stories from places they have never seen or imagined. Werner becomes an expert at building and fixing these crucial new instruments and is enlisted to use his talent to track down the resistance. Deftly interweaving the lives of Marie-Laure and Werner, Doerr illuminates the ways, against all odds, people try to be good to one another. From the highly acclaimed, multiple award-winning Anthony Doerr, the stunningly beautiful instant New York Times bestseller about a blind French girl and a German boy whose paths collide in occupied France as both try to survive the devastation of World War II. An alternate cover for this ISBN can be found here"
43814,"The Vampire Lestat (The Vampire Chronicles, #2)",7577,4.11,219278,7534,481,English,2004,7103,"'Ah, the taste and feel of blood when all passion and greed is sharpened in that one desire!' a vampire - but very much not the conventional undead, for Lestat is the truly alive. Lestat is vivid, ecstatic, stagestruck, and in his extravagant story he plunges from the lasciviousness of eighteenth-century Paris to the demonic Egypt of prehistory; from fin-de-siecle New Orleans to the frenetic twentieth-century world of rock superstardom - as, pursued by the living and the dead, he searches across time for the secret of his own dark immortality."
14497,"Neverwhere (London Below, #1)",1221698,4.16,565242,31862,370,English,2003,18800,"Under the streets of London there's a world most people could never even dream of. A city of monsters and saints, murderers and angels, knights in armour and pale girls in black velvet. ""Neverwhere"" is the London of the people who have fallen between the cracks. Strange destinies lie in wait in London below - a world that seems eerily familiar. But a world that is utterly bizarre, peopled by unearthly characters such as the Angel called Islington, the girl named Door, and the Earl who holds Court on a tube train. Now a single act of kindness has catapulted young businessman Richard Mayhew out of his safe and predictable life - and into the realms of ""Neverwhere."" Richard is about to find out more than he ever wanted to know about this other London. Which is a pity. Because Richard just wants to go home..."
61431922,"Fourth Wing (The Empyrean, #1)",7539785,4.57,3734197,401880,517,English,2023,227658,"A #1 New York Times bestseller • TV series in development at MGM Amazon Studios with Michael B. Jordan’s Outlier Society • Amazon Best Books of the Year, #4 • Apple Best Books of the Year 2023 • Barnes & Noble Best Fantasy Book of 2023 • NPR “Books We Love” 2023 • Audible Best Books of 2023 • Hudson Book of the Year • Google Play Best Books of 2023 • Indigo Best Books of 2023 • Waterstones Book of the Year finalist • Goodreads Choice Award Winner • Newsweek Staffers’ Favorite Books of 2023 • Paste Magazine's Best Books of 2023 ""Suspenseful, sexy, and with incredibly entertaining storytelling, the first in Yarros' Empyrean series will delight fans of romantic, adventure-filled fantasy."" ―Booklist, starred review ""Fourth Wing will have your heart pounding from beginning to end... A fantasy like you've never read before."" ―#1 New York Times bestselling author Jennifer L. Armentrout Enter the brutal and elite world of a war college for dragon riders from #1 New York Times bestselling author Rebecca Yarros Twenty-year-old Violet Sorrengail was supposed to enter the Scribe Quadrant, living a quiet life among books and history. Now, the commanding general―also known as her tough-as-talons mother―has ordered Violet to join the hundreds of candidates striving to become the elite of Navarre: dragon riders. But when you’re smaller than everyone else and your body is brittle, death is only a heartbeat away...because dragons don’t bond to “fragile” humans. They incinerate them. With fewer dragons willing to bond than cadets, most would kill Violet to better their own chances of success. The rest would kill her just for being her mother’s daughter―like Xaden Riorson, the most powerful and ruthless wingleader in the Riders Quadrant. She’ll need every edge her wits can give her just to see the next sunrise. Yet, with every day that passes, the war outside grows more deadly, the kingdom's protective wards are failing, and the death toll continues to rise. Even worse, Violet begins to suspect leadership is hiding a terrible secret. Friends, enemies, lovers. Everyone at Basgiath War College has an agenda―because once you enter, there are only two ways out: graduate or die. The Empyrean series is best enjoyed in order. Reading Order: Book #1 Fourth Wing Book #2 Iron Flame Book #3 Onyx Storm"
6892870,"The Girl Who Kicked the Hornet’s Nest (Millennium, #3)",706255,4.25,782369,33105,566,English,2010,12832,"The stunning third and final novel in Stieg Larsson's internationally best-selling trilogy. Lisbeth Salander - the heart of Larsson's two previous novels - lies in critical condition, a bullet wound to her head, in the intensive care unit of a Swedish city hospital. She's fighting for her life in more ways than one: if and when she recovers, she'll be taken back to Stockholm to stand trial for three murders. With the help of her friend, journalist Mikael Blomkvist, she will not only have to prove her innocence, but also identify and denounce those in authority who have allowed the vulnerable, like herself, to suffer abuse and violence. And, on her own, she will plot revenge - against the man who tried to kill her, and the corrupt government institutions that very nearly destroyed her life. Once upon a time, she was a victim. Now Salander is fighting back. ~from the jacket"
12938,King Lear,947,3.91,240590,8966,339,English,2004,5540,"Shakespeare’s King Lear challenges us with the magnitude, intensity, and sheer duration of the pain that it represents. Its figures harden their hearts, engage in violence, or try to alleviate the suffering of others. Lear himself rages until his sanity cracks. What, then, keeps bringing us back to King Lear? For all the force of its language, King Lear is almost equally powerful when translated, suggesting that it is the story, in large part, that draws us to the play. The play tells us about families struggling between greed and cruelty, on the one hand, and support and consolation, on the other. Emotions are extreme, magnified to gigantic proportions. We also see old age portrayed in all its vulnerability, pride, and, perhaps, wisdom—one reason this most devastating of Shakespeare’s tragedies is also perhaps his most moving. The authoritative edition of King Lear from The Folger Shakespeare Library, the trusted and widely used Shakespeare series for students and general readers, includes: -Freshly edited text based on the best early printed version of the play -Full explanatory notes conveniently placed on pages facing the text of the play -Scene-by-scene plot summaries -A key to the play’s famous lines and phrases -An introduction to reading Shakespeare’s language -An essay by a leading Shakespeare scholar providing a modern perspective on the play -Fresh images from the Folger Shakespeare Library’s vast holdings of rare books -An annotated guide to further reading Essay by Susan Snyder The Folger Shakespeare Library in Washington, DC, is home to the world’s largest collection of Shakespeare’s printed works, and a magnet for Shakespeare scholars from around the globe. In addition to exhibitions open to the public throughout the year, the Folger offers a full calendar of performances and programs. For more information, visit Folger.edu."
12127750,"The Mark of Athena (The Heroes of Olympus, #3)",15872,4.47,684546,30678,586,English,2012,17596,"Annabeth is terrified. Just when she's about to be reunited with Percy—after six months of being apart, thanks to Hera—it looks like Camp Jupiter is preparing for war. As Annabeth and her friends Jason, Piper, and Leo fly in on the Argo II, she can't blame the Roman demigods for thinking the ship is a Greek weapon. With its steaming bronze dragon figurehead, Leo's fantastical creation doesn't appear friendly. Annabeth hopes that the sight of their praetor Jason on deck will reassure the Romans that the visitors from Camp Half-Blood are coming in peace. And that's only one of her worries. In her pocket, Annabeth carries a gift from her mother that came with an unnerving command: Follow the Mark of Athena. Avenge me. Annabeth already feels weighed down by the prophecy that will send seven demigods on a quest to find—and close—the Doors of Death. What more does Athena want from her? Annabeth's biggest fear, though, is that Percy might have changed. What if he's now attached to Roman ways? Does he still need his old friends? As the daughter of the goddess of war and wisdom, Annabeth knows she was born to be a leader—but never again does she want to be without Seaweed Brain by her side Narrated by four different demigods, The Mark of Athena is an unforgettable journey across land and sea to Rome, where important discoveries, surprising sacrifices, and unspeakable horrors await. Climb aboard the Argo II, if you dare. . . ."
9520360,"The Son of Neptune (The Heroes of Olympus, #2)",15872,4.4,678738,29743,521,English,2011,16330,"PERCY IS CONFUSED. When he awoke from his long sleep, he didn't know much more than his name. His brain fuzz is lingering, even after the wolf Lupa told him he is a demigod and trained him to fight with the pen/sword in his pocket. Somehow Percy manages to make it to a camp for half-bloods, despite the fact that he has to keep killing monsters along the way. But the camp doesn't ring any bells with him. The only thing he can recall from his past is another name: Annabeth. HAZEL IS SUPPOSED TO BE DEAD. When she lived before, she didn't do a very good job of it. Sure, she was an obedient daughter, even when her mother was possessed by greed. But that was the problem—when the Voice took over her mother and commanded Hazel to use her ""gift"" for an evil purpose, Hazel couldn't say no. Now because of her mistake, the future of the world is at risk. Hazel wishes she could ride away from it all on the stallion that appears in her dreams. FRANK IS A KLUTZ. His grandmother says he is descended from heroes and can be anything he wants to be, but he doesn't see it. He doesn't even know who his father is. He keeps hoping Apollo will claim him, because the only thing he is good at is archery—although not good enough to win camp war games. His bulky physique makes him feel like an ox, especially in front of Hazel, his closest friend at camp. He trusts her completely—enough to share the secret he holds close to his heart. Beginning at the ""other"" camp for half-bloods and extending as far as the land beyond the gods, this breathtaking second installment of the Heroes of Olympus series introduces new demigods, revives fearsome monsters, and features other remarkable creatures, all destined to play a part in the Prophesy of Seven."
29579,"Foundation (Foundation, #1)",16667,4.17,605179,20422,244,English,2004,24056,"The first novel in Isaac Asimov's classic science-fiction masterpiece, the Foundation series For twelve thousand years the Galactic Empire has ruled supreme. Now it is dying. But only Hari Seldon, creator of the revolutionary science of psychohistory, can see into the future--to a dark age of ignorance, barbarism, and warfare that will last thirty thousand years. To preserve knowledge and save humankind, Seldon gathers the best minds in the Empire--both scientists and scholars--and brings them to a bleak planet at the edge of the galaxy to serve as a beacon of hope for future generations. He calls his sanctuary the Foundation."
11614718,"Delirium (Delirium, #1)",2936493,3.95,480592,29607,441,English,2012,10368,"There is an alternate cover edition for this ISBN13 here. In an alternate United States, love has been declared a dangerous disease, and the government forces everyone who reaches eighteen to have a procedure called the Cure. Living with her aunt, uncle, and cousins in Portland, Maine, Lena Haloway is very much looking forward to being cured and living a safe, predictable life. She watched love destroy her mother and isn't about to make the same mistake. But with ninety-five days left until her treatment, Lena meets enigmatic Alex, a boy from the ""Wilds"" who lives under the government's radar. What will happen if they do the unthinkable and fall in love?"
32234,White Oleander,3540,4.0,368701,10648,446,English,2001,4185,"Everywhere hailed as a novel of rare beauty and power, White Oleander tells the unforgettable story of Ingrid, a brilliant poet imprisoned for murder, and her daughter, Astrid, whose odyssey through a series of Los Angeles foster homes--each its own universe, with its own laws, its own dangers, its own hard lessons to be learned--becomes a redeeming and surprising journey of self-discovery."
11505797,"Beautiful Disaster (Beautiful, #1)",4464118,4.0,710232,35692,432,English,2011,13294,"The new Abby Abernathy is a good girl. She doesn’t drink or swear, and she has the appropriate number of cardigans in her wardrobe. Abby believes she has enough distance from the darkness of her past, but when she arrives at college with her best friend, her path to a new beginning is quickly challenged by Eastern University's Walking One-Night Stand. Travis Maddox, lean, cut, and covered in tattoos, is exactly what Abby needs—and wants—to avoid. He spends his nights winning money in a floating fight ring, and his days as the ultimate college campus charmer. Intrigued by Abby’s resistance to his appeal, Travis tricks her into his daily life with a simple bet. If he loses, he must remain abstinent for a month. If Abby loses, she must live in Travis’s apartment for the same amount of time. Either way, Travis has no idea that he has met his match."
18007564,The Martian,6540057,4.42,1328684,101431,369,English,2014,41656,"Six days ago, astronaut Mark Watney became one of the first people to walk on Mars. Now, he’s sure he’ll be the first person to die there. After a dust storm nearly kills him and forces his crew to evacuate while thinking him dead, Mark finds himself stranded and completely alone with no way to even signal Earth that he’s alive—and even if he could get word out, his supplies would be gone long before a rescue could arrive. Chances are, though, he won’t have time to starve to death. The damaged machinery, unforgiving environment, or plain-old “human error” are much more likely to kill him first. But Mark isn’t ready to give up yet. Drawing on his ingenuity, his engineering skills — and a relentless, dogged refusal to quit — he steadfastly confronts one seemingly insurmountable obstacle after the next. Will his resourcefulness be enough to overcome the impossible odds against him?"
46787,Uncle Tom’s Cabin,26242,3.92,244808,11076,438,English,1999,19119,"The narrative drive of Stowe's classic novel is often overlooked in the heat of the controversies surrounding its anti-slavery sentiments. In fact, it is a compelling adventure story with richly drawn characters and has earned a place in both literary and American history. Stowe's religious beliefs show up in the novel's final, overarching theme—the exploration of the nature of Christianity and how Christian theology is fundamentally incompatible with slavery."
2184798,Blood River: A Journey to Africa’s Broken Heart,534082,3.98,12206,899,363,English,2008,713,"A compulsively readable account of a journey to the Congo — a country virtually inaccessible to the outside world — vividly told by a daring and adventurous journalist. Ever since Stanley first charted its mighty river in the 1870s, the Congo has epitomized the dark and turbulent history of a failed continent. However, its troubles only served to increase the interest of Daily Telegraph correspondent Tim Butcher, who was sent to cover Africa in 2000. Before long he became obsessed with the idea of recreating Stanley’s original expedition — but travelling alone. Despite warnings Butcher spent years poring over colonial-era maps and wooing rebel leaders before making his will and venturing to the Congo’s eastern border. He passed through once thriving cities of this country and saw the marks left behind by years of abuse and misrule. Almost, 2,500 harrowing miles later, he reached the Atlantic Ocean, a thinner and a wiser man. Butcher’s journey was a remarkable feat. But the story of the Congo, vividly told in Blood River, is more remarkable still. From the Hardcover edition."
6689,James and the Giant Peach,4273,4.04,522111,10262,176,English,2002,5185,"James Henry Trotter lives with two ghastly hags. Aunt Sponge is enormously fat with a face that looks boiled and Aunt Spiker is bony and screeching. He's very lonely until one day something peculiar happens. . . At the end of the garden a peach starts to grow and GROW AND GROW. Inside that peach are seven very unusual insects - all waiting to take James on a magical adventure. But where will they go in their GIANT PEACH, and what will happen to the horrible aunts if they stand in their way? There's only one way to find out . . ."
43545,"The Once and Future King (The Once and Future King, #1–5)",426944,4.06,119920,6087,639,English,1987,10002,"T.H White′s masterful retelling of the Arthurian legend is an abiding classic. Here all five volumes that make up the story are published in one volume, as White himself always wished. Exquisite comedy offsets the tragedy of Arthur′s personal doom as White brings to life the major British epic of all time with brilliance, grandeur, warmth and charm."
15997,Paradise Lost,9876,3.86,185164,7609,453,English,2003,23570,"John Milton's Paradise Lost is one of the greatest epic poems in the English language. It tells the story of the Fall of Man, a tale of immense drama and excitement, of rebellion and treachery, of innocence pitted against corruption, in which God and Satan fight a bitter battle for control of mankind's destiny. The struggle rages across three worlds - heaven, hell, and earth - as Satan and his band of rebel angels plot their revenge against God. At the center of the conflict are Adam and Eve, who are motivated by all too human temptations but whose ultimate downfall is unyielding love. Marked by Milton's characteristic erudition, Paradise Lost is a work epic both in scale and, notoriously, in ambition. For nearly 350 years, it has held generation upon generation of audiences in rapt attention, and its profound influence can be seen in almost every corner of Western culture."
2493,The Time Machine,880695,3.89,572655,20044,118,English,2002,20500,"“I’ve had a most amazing time....” So begins the Time Traveller’s astonishing firsthand account of his journey 800,000 years beyond his own era—and the story that launched H.G. Wells’s successful career and earned him his reputation as the father of science fiction. With a speculative leap that still fires the imagination, Wells sends his brave explorer to face a future burdened with our greatest hopes...and our darkest fears. A pull of the Time Machine’s lever propels him to the age of a slowly dying Earth. There he discovers two bizarre races—the ethereal Eloi and the subterranean Morlocks—who not only symbolize the duality of human nature, but offer a terrifying portrait of the men of tomorrow as well. Published in 1895, this masterpiece of invention captivated readers on the threshold of a new century. Thanks to Wells’s expert storytelling and provocative insight, The Time Machine will continue to enthrall readers for generations to come."
4502877,Midnight Sun [2008 Draft],941441,4.01,148894,9253,264,English,2008,2185,"The record for the completed novel can be found here. Midnight Sun is the much anticipated retelling of Twilight from Edward Cullen's perspective. An unedited partial draft was illegally leaked onto the internet in 2008; consequently, author Stephenie Meyer put the project on indefinite hold. Shortly afterward, she posted a letter to her fans on her website including a link to the entire partial draft of the book so that those who wanted to read it could do so legally and with her consent. Note: Do not add a cover. Do not add translations. Do not add any other editions. Do not combine with editions of the full work. Do not add this book record to any series."
19380,Candide,5754446,3.76,305693,14463,129,English,1991,10049,"Candide is the story of a gentle man who, though pummeled and slapped in every direction by fate, clings desperately to the belief that he lives in ""the best of all possible worlds."" On the surface a witty, bantering tale, this eighteenth-century classic is actually a savage, satiric thrust at the philosophical optimism that proclaims that all disaster and human suffering is part of a benevolent cosmic plan. Fast, funny, often outrageous, the French philosopher's immortal narrative takes Candide around the world to discover that — contrary to the teachings of his distinguished tutor Dr. Pangloss — all is not always for the best. Alive with wit, brilliance, and graceful storytelling, Candide has become Voltaire's most celebrated work."
32085,"All Creatures Great and Small (All Creatures Great and Small, #1-2)",18062,4.36,160498,8618,437,English,1998,13313,"The classic multimillion copy bestseller Delve into the magical, unforgettable world of James Herriot, the world's most beloved veterinarian, and his menagerie of heartwarming, funny, and tragic animal patients. For over forty years, generations of readers have thrilled to Herriot's marvelous tales, deep love of life, and extraordinary storytelling abilities. For decades, Herriot roamed the remote, beautiful Yorkshire Dales, treating every patient that came his way from smallest to largest, and observing animals and humans alike with his keen, loving eye. In All Creatures Great and Small, we meet the young Herriot as he takes up his calling and discovers that the realities of veterinary practice in rural Yorkshire are very different from the sterile setting of veterinary school. Some visits are heart-wrenchingly difficult, such as one to an old man in the village whose very ill dog is his only friend and companion, some are lighthearted and fun, such as Herriot's periodic visits to the overfed and pampered Pekinese Tricki Woo who throws parties and has his own stationery, and yet others are inspirational and enlightening, such as Herriot's recollections of poor farmers who will scrape their meager earnings together to be able to get proper care for their working animals. From seeing to his patients in the depths of winter on the remotest homesteads to dealing with uncooperative owners and critically ill animals, Herriot discovers the wondrous variety and never-ending challenges of veterinary practice as his humor, compassion, and love of the animal world shine forth. James Herriot's memoirs have sold 80 million copies worldwide, and continue to delight and entertain readers of all ages"
227711,I Know This Much Is True,3505,4.21,330336,11666,897,English,1999,10230,"On the afternoon of October 12, 1990, my twin brother, Thomas, entered the Three Rivers, Connecticut, public library, retreated to one of the rear study carrels, and prayed to God the sacrifice he was about to commit would be deemed acceptable. . . . One of the most acclaimed novels of our time, Wally Lamb's I Know This Much Is True is a story of alienation and connection, devastation and renewal, at once joyous, heartbreaking, poignant, mystical, and powerfully, profoundly human."
1420,Hamlet,947,4.03,1071088,30743,289,English,2005,31500,"Among Shakespeare's plays, ""Hamlet"" is considered by many his masterpiece. Among actors, the role of Hamlet, Prince of Denmark, is considered the jewel in the crown of a triumphant theatrical career. Now Kenneth Branagh plays the leading role and co-directs a brillant ensemble performance. Three generations of legendary leading actors, many of whom first assembled for the Oscar-winning film ""Henry V"", gather here to perform the rarely heard complete version of the play. This clear, subtly nuanced, stunning dramatization, presented by The Renaissance Theatre Company in association with ""Bbc"" Broadcasting, features such luminaries as Sir John Gielgud, Derek Jacobi, Emma Thompson and Christopher Ravenscroft. It combines a full cast with stirring music and sound effects to bring this magnificent Shakespearen classic vividly to life. Revealing new riches with each listening, this production of ""Hamlet"" is an invaluable aid for students, teachers and all true lovers of Shakespeare - a recording to be treasured for decades to come."
569564,The Complete Works,947,4.48,57839,1147,1229,English,1990,14094,Tempest Two Gentlemen of Verona Merry Wives of Windsor Measure for Measure Comedy of Errors Much Ado About Nothing Love's Labour's Lost Midsummer Night's Dream Merchant of Venice As You Like It Taming of the Shrew All's Well That Ends Well Twelfth Night Winter's Tale King John King Richard II King Henry IV. Part 1 King Henry IV. Part 2 King Henry V King Henry VI. Part 1 King Henry VI. Part 2 King Henry VI. Part 3 King Richard III King Henry VIII Troilus and Cressida Coriolanus Titus Andronicus Romeo and Juliet Timon of Athens Julius Caesar Macbeth Hamlet King Lear Othello Anthony and Cleopatra Cymbeline Pericles Venus and Adonis Rape of Lucrece Sonnets Lover's Complaint Passionate Pilgrim Sonnets to Sundry Notes of Music Phoenix and the Turtle
17347634,"Me Before You (Me Before You, #1)",281810,4.26,1822930,103879,369,English,2012,36754,"A newer edition of ISBN 978-0143124542 can be found here. From the #1 New York Times bestselling author of The Giver of Stars, discover the love story that captured over 20 million hearts in Me Before You, After You, and Still Me. They had nothing in common until love gave them everything to lose . . . Louisa Clark is an ordinary girl living an exceedingly ordinary life—steady boyfriend, close family—who has barely been farther afield than their tiny village. She takes a badly needed job working for ex–Master of the Universe Will Traynor, who is wheelchair bound after an accident. Will has always lived a huge life—big deals, extreme sports, worldwide travel—and now he’s pretty sure he cannot live the way he is. Will is acerbic, moody, bossy—but Lou refuses to treat him with kid gloves, and soon his happiness means more to her than she expected. When she learns that Will has shocking plans of his own, she sets out to show him that life is still worth living. A Love Story for this generation and perfect for fans of John Green’s The Fault in Our Stars, Me Before You brings to life two people who couldn’t have less in common—a heartbreakingly romantic novel that asks, What do you do when making the person you love happy also means breaking your own heart?"
93,"Heidi (Heidi, #1-2)",49,4.04,212967,7491,352,English,2002,4508,"Little orphan Heidi goes to live high in the Alps with her gruff grandfather and brings happiness to all who know her on the mountain. When Heidi goes to Frankfurt to work in a wealthy household, she dreams of returning to the mountains and meadows, her friend Peter, and her beloved grandfather."
16981,Invisible Man,7508,3.92,204356,9945,581,English,1995,11544,"First published in 1952 and immediately hailed as a masterpiece, Invisible Man is one of those rare novels that have changed the shape of American literature. For not only does Ralph Ellison's nightmare journey across the racial divide tell unparalleled truths about the nature of bigotry and its effects on the minds of both victims and perpetrators, it gives us an entirely new model of what a novel can be. As he journeys from the Deep South to the streets and basements of Harlem, from a horrifying ""battle royal"" where black men are reduced to fighting animals, to a Communist rally where they are elevated to the status of trophies, Ralph Ellison's nameless protagonist ushers readers into a parallel universe that throws our own into harsh and even hilarious relief. Suspenseful and sardonic, narrated in a voice that takes in the symphonic range of the American language, black and white, Invisible Man is one of the most audacious and dazzling novels of our century."
30236962,The Historian,5918,3.8,278736,19771,704,English,2016,10553,"To you, perceptive reader, I bequeath my history....Late one night, exploring her father's library, a young woman finds an ancient book and a cache of yellowing letters. The letters are all addressed to ""My dear and unfortunate successor,"" and they plunge her into a world she never dreamed of, a labyrinth where the secrets of her father's past and her mother's mysterious fate connect to an inconceivable evil hidden in the depths of history. The letters provide links to one of the darkest powers that humanity has ever known and to a centuries-long quest to find the source of that darkness and wipe it out. It is a quest for the truth about Vlad the Impaler, the medieval ruler whose barbarous reign formed the basis of the legend of Dracula. Generations of historians have risked their reputations, their sanity, and even their lives to learn the truth about Vlad the Impaler and Dracula. Now one young woman must decide whether to take up this quest herself--to follow her father in a hunt that nearly brought him to ruin years ago, when he was a vibrant young scholar and her mother was still alive. What does the legend of Vlad the Impaler have to do with the modern world? Is it possible that the Dracula of myth truly existed and that he has lived on, century after century, pursuing his own unknowable ends? The answers to these questions cross time and borders, as first the father and then the daughter search for clues, from dusty Ivy League libraries to Istanbul, Budapest, and the depths of Eastern Europe. In city after city, in monasteries and archives, in letters and in secret conversations, the horrible truth emerges about Vlad the Impaler's dark reign and about a time-defying pact that may have kept his awful work alive down through the ages."
6801755,Flow Down Like Silver,286014,4.01,4517,237,301,English,2009,93,"Ki Longfellow, author of the acclaimed The Secret Magdalene, has now written the astonishing life of Hypatia, famed throughout the Mediterranean world, a beauty and a genius, yet for 17 centuries ignored by history. As the Roman Empire fights for its life and emerging Christianity fights for our souls, Hypatia is the last great voice of reason. A woman of sublime intelligence, Hypatia ranks above not only all women, but all men. Hypatia dazzled the world with her brilliance, was courted by men of every persuasion and was considered the leading philosopher and mathematician of her age ... yet her mathematics, her inventions, the very story of her life in all its epic and dramatic intensity, has gone untold. A heart-breaking love story, an heroic struggle against intolerance, a tragedy and a triumph, Hypatia walks through these pages fully realized while all around her Egypt's Alexandria, the New York City of its day, strives to remain a beacon of light in a darkening world."
40440,The Thirteenth Tale,22665,3.98,328674,28290,406,English,2006,10796,"All children mythologize their birth...So begins the prologue of reclusive author Vida Winter's collection of stories, which are as famous for the mystery of the missing thirteenth tale as they are for the delight and enchantment of the twelve that do exist. The enigmatic Winter has spent six decades creating various outlandish life histories for herself -- all of them inventions that have brought her fame and fortune but have kept her violent and tragic past a secret. Now old and ailing, she at last wants to tell the truth about her extraordinary life. She summons biographer Margaret Lea, a young woman for whom the secret of her own birth, hidden by those who loved her most, remains an ever-present pain. Struck by a curious parallel between Miss Winter's story and her own, Margaret takes on the commission. As Vida disinters the life she meant to bury for good, Margaret is mesmerized. It is a tale of gothic strangeness featuring the Angelfield family, including the beautiful and willful Isabelle, the feral twins Adeline and Emmeline, a ghost, a governess, a topiary garden and a devastating fire. Margaret succumbs to the power of Vida's storytelling but remains suspicious of the author's sincerity. She demands the truth from Vida, and together they confront the ghosts that have haunted them while becoming, finally, transformed by the truth themselves. The Thirteenth Tale is a love letter to reading, a book for the feral reader in all of us, a return to that rich vein of storytelling that our parents loved and that we loved as children. Diane Setterfield will keep you guessing, make you wonder, move you to tears and laughter and, in the end, deposit you breathless yet satisfied back upon the shore of your everyday life."
1215032,"The Wise Man's Fear (The Kingkiller Chronicle, #2)",108424,4.55,629935,31277,994,English,2011,20103,"“There are three things all wise men fear: the sea in storm, a night with no moon, and the anger of a gentle man.” My name is Kvothe. I have stolen princesses back from sleeping barrow kings. I burned down the town of Trebon. I have spent the night with Felurian and left with both my sanity and my life. I was expelled from the University at a younger age than most people are allowed in. I tread paths by moonlight that others fear to speak of during day. I have talked to Gods, loved women, and written songs that make the minstrels weep. You may have heard of me. So begins the tale of a hero told from his own point of view — a story unequaled in fantasy literature. Now in The Wise Man's Fear, an escalating rivalry with a powerful member of the nobility forces Kvothe to leave the University and seek his fortune abroad. Adrift, penniless, and alone, he travels to Vintas, where he quickly becomes entangled in the politics of courtly society. While attempting to curry favor with a powerful noble, Kvothe uncovers an assassination attempt, comes into conflict with a rival arcanist, and leads a group of mercenaries into the wild, in an attempt to solve the mystery of who (or what) is waylaying travelers on the King's Road. All the while, Kvothe searches for answers, attempting to uncover the truth about the mysterious Amyr, the Chandrian, and the death of his parents. Along the way, Kvothe is put on trial by the legendary Adem mercenaries, is forced to reclaim the honor of the Edema Ruh, and travels into the Fae realm. There he meets Felurian, the faerie woman no man can resist, and who no man has ever survived ... until Kvothe. In The Wise Man's Fear, Kvothe takes his first steps on the path of the hero and learns how difficult life can be when a man becomes a legend in his own time."
8755776,"City of Lost Souls (The Mortal Instruments, #5)",150038,4.21,571365,26424,535,English,2012,10381,"The New York Times bestselling Mortal Instruments continues—and so do the thrills and danger for Jace, Clary, and Simon. What price is too high to pay, even for love? When Jace and Clary meet again, Clary is horrified to discover that the demon Lilith’s magic has bound her beloved Jace together with her evil brother Sebastian, and that Jace has become a servant of evil. The Clave is out to destroy Sebastian, but there is no way to harm one boy without destroying the other. As Alec, Magnus, Simon, and Isabelle wheedle and bargain with Seelies, demons, and the merciless Iron Sisters to try to save Jace, Clary plays a dangerous game of her own. The price of losing is not just her own life, but Jace’s soul. She’s willing to do anything for Jace, but can she still trust him? Or is he truly lost? Love. Blood. Betrayal. Revenge. Darkness threatens to claim the Shadowhunters in the harrowing fifth book of the Mortal Instruments series."
16902,"Walden or, Life in the Woods",10264,3.77,206281,9440,352,English,2004,29932,"Originally published in 1854, Walden; or, Life in the Woods, is a vivid account of the time that Henry D. Thoreau lived alone in a secluded cabin at Walden Pond. It is one of the most influential and compelling books in American literature. This new paperback edition-introduced by noted American writer John Updike-celebrates the 150th anniversary of this classic work. Much of Walden's material is derived from Thoreau's journals and contains such engaging pieces as ""Reading"" and ""The Pond in the Winter"" Other famous sections involve Thoreau's visits with a Canadian woodcutter and with an Irish family, a trip to Concord, and a description of his bean field. This is the complete and authoritative text of Walden-as close to Thoreau's original intention as all available evidence allows. For the student and for the general reader, this is the ideal presentation of Thoreau's great document of social criticism and dissent."
28881,"Lamb: The Gospel According to Biff, Christ’s Childhood Pal",16218,4.22,183591,13789,444,English,2004,6117,"The birth of Jesus has been well chronicled, as have his glorious teachings, acts, and divine sacrifice after his thirtieth birthday. But no one knows about the early life of the Son of God, the missing years—except Biff, the Messiah's best bud, who has been resurrected to tell the story in the divinely hilarious yet heartfelt work ""reminiscent of Vonnegut and Douglas Adams"" (Philadelphia Inquirer). Verily, the story Biff has to tell is a miraculous one, filled with remarkable journeys, magic, healings, kung fu, corpse reanimations, demons, and hot babes. Even the considerable wiles and devotion of the Savior's pal may not be enough to divert Joshua from his tragic destiny. But there's no one who loves Josh more—except maybe ""Maggie,"" Mary of Magdala—and Biff isn't about to let his extraordinary pal suffer and ascend without a fight."
15195,The Complete Maus,5117,4.58,259519,17356,296,English,2003,5620,"On the occasion of the twenty-fifth anniversary of its first publication, here is the definitive edition of the book acclaimed as “the most affecting and successful narrative ever done about the Holocaust” (Wall Street Journal) and “the first masterpiece in comic book history” (The New Yorker). The Pulitzer Prize-winning Maus tells the story of Vladek Spiegelman, a Jewish survivor of Hitler’s Europe, and his son, a cartoonist coming to terms with his father’s story. Maus approaches the unspeakable through the diminutive. Its form, the cartoon (the Nazis are cats, the Jews mice), shocks us out of any lingering sense of familiarity and succeeds in “drawing us closer to the bleak heart of the Holocaust” (The New York Times). Maus is a haunting tale within a tale. Vladek’s harrowing story of survival is woven into the author’s account of his tortured relationship with his aging father. Against the backdrop of guilt brought by survival, they stage a normal life of small arguments and unhappy visits. This astonishing retelling of our century’s grisliest news is a story of survival, not only of Vladek but of the children who survive even the survivors. Maus studies the bloody pawprints of history and tracks its meaning for all of us."
37732,"Are You There God? It’s Me, Margaret",12942,3.95,258295,13819,149,English,2001,4273,"Margaret Simon, almost twelve, likes long hair, tuna fish, the smell of rain, and things that are pink. She’s just moved from New York City to Farbrook, New Jersey, and is anxious to fit in with her new friends—Nancy, Gretchen, and Janie. When they form a secret club to talk about private subjects like boys, bras, and getting their first periods, Margaret is happy to belong. But none of them can believe Margaret doesn’t have religion, and that she isn’t going to the Y or the Jewish Community Center. What they don’t know is Margaret has her own very special relationship with God. She can talk to God about everything—family, friends, even Moose Freed, her secret crush. Margaret is funny and real, and her thoughts and feelings are oh-so-relatable—you’ll feel like she’s talking right to you, sharing her secrets with a friend."
27494,Leaves of Grass,1438,4.11,117701,4443,624,English,2006,12652,"A collection of quintessentially American poems, the seminal work of one of the most influential writers of the nineteenth century."
3236307,"Graceling (Graceling Realm, #1)",1373880,4.06,482369,28744,471,English,2008,9913,"Katsa has been able to kill a man with her bare hands since she was eight—she’s a Graceling, one of the rare people in her land born with an extreme skill. As niece of the king, she should be able to live a life of privilege, but Graced as she is with killing, she is forced to work as the king’s thug. She never expects to fall in love with beautiful Prince Po. She never expects to learn the truth behind her Grace—or the terrible secret that lies hidden far away . . . a secret that could destroy all seven kingdoms with words alone. With elegant, evocative prose and a cast of unforgettable characters, debut author Kristin Cashore creates a mesmerizing world, a death-defying adventure, and a heart-racing romance that will consume you, hold you captive, and leave you wanting more."
39662,Different Seasons,3389,4.36,223682,7683,560,English,1995,7157,"Includes the stories “The Body” and “Rita Hayworth and Shawshank Redemption”—set in the fictional town of Castle Rock, Maine A “hypnotic” (The New York Times Book Review) collection of four novellas—including the inspirations behind the films Stand By Me and The Shawshank Redemption—from Stephen King, bound together by the changing of seasons, each taking on the theme of a journey with strikingly different tones and characters. This gripping collection begins with “Rita Hayworth and the Shawshank Redemption,” in which an unjustly imprisoned convict seeks a strange and startling revenge—the basis for the Best Picture Academy Award-nominee The Shawshank Redemption. Next is “Apt Pupil,” the inspiration for the film of the same name about top high school student Todd Bowden and his obsession with the dark and deadly past of an older man in town. In “The Body,” four rambunctious young boys plunge through the façade of a small town and come face-to-face with life, death, and intimations of their own mortality. This novella became the movie Stand By Me. Finally, a disgraced woman is determined to triumph over death in “The Breathing Method.” “The wondrous readability of his work, as well as the instant sense of communication with his characters, are what make Stephen King the consummate storyteller that he is,” hailed the Houston Chronicle about Different Seasons."
13188676,"Ignite Me (Shatter Me, #3)",4637539,4.44,696811,71712,408,English,2014,13561,"The heart-stopping third installment in the New York Times bestselling Shatter Me series, which Ransom Riggs, author of Miss Peregrine's Home for Peculiar Children and Hollow City, called ""a thrilling, high-stakes saga of self-discovery and forbidden love."" With Omega Point destroyed, Juliette doesn't know if the rebels, her friends, or even Adam are alive. But that won't keep her from trying to take down The Reestablishment once and for all. Now she must rely on Warner, the handsome commander of Sector 45. The one person she never thought she could trust. The same person who saved her life. He promises to help Juliette master her powers and save their dying world . . . but that's not all he wants with her. The Shatter Me series is perfect for fans who crave action-packed young adult novels with tantalizing romance like Divergent by Veronica Roth, The Hunger Games by Suzanne Collins, and Legend by Marie Lu. Tahereh Mafi has created a captivating and original story that combines the best of dystopian and paranormal and was praised by Publishers Weekly as ""a gripping read from an author who's not afraid to take risks."" Don’t miss Restore Me, the electrifying fourth installment of this New York Times bestselling series, available now!"
4687,The Cider House Rules,3075,4.17,197689,6042,1064,English,2000,4799,"Raised from birth in the orphanage at St. Cloud's, Maine, Homer Wells has become the protege of Dr. Wilbur Larch, its physician and director. There Dr. Larch cares for the troubled mothers who seek his help, either by delivering and taking in their unwanted babies or by performing illegal abortions. Meticulously trained by Dr. Larch, Homer assists in the former, but draws the line at the latter. Then a young man brings his beautiful fiancee to Dr. Larch for an abortion, and everything about the couple beckons Homer to the wide world outside the orphanage ..."
14942,Mrs. Dalloway,6765,3.77,364767,26323,194,English,2002,29151,"Heralded as Virginia Woolf's greatest novel, this is a vivid portrait of a single day in a woman's life. When we meet her, Mrs. Clarissa Dalloway is preoccupied with the last-minute details of party preparation while in her mind she is something much more than a perfect society hostess. As she readies her house, she is flooded with remembrances of faraway times. And, met with the realities of the present, Clarissa reexamines the choices that brought her there, hesitantly looking ahead to the unfamiliar work of growing old."
9275658,"Legend (Legend, #1)",4342215,4.15,568818,40669,305,English,2011,11713,"What was once the western United States is now home to the Republic, a nation perpetually at war with its neighbors. Born into an elite family in one of the Republic's wealthiest districts, fifteen-year-old June is a prodigy being groomed for success in the Republic's highest military circles. Born into the slums, fifteen-year-old Day is the country's most wanted criminal. But his motives may not be as malicious as they seem. From very different worlds, June and Day have no reason to cross paths—until the day June's brother, Metias, is murdered and Day becomes the prime suspect. Caught in the ultimate game of cat and mouse, Day is in a race for his family's survival, while June seeks to avenge Metias's death. But in a shocking turn of events, the two uncover the truth of what has really brought them together, and the sinister lengths their country will go to keep its secrets. Alternate Cover edition for ISBN 9780399256752"
22822858,A Little Life,6571447,4.27,965501,156903,720,English,2015,181390,"When four classmates from a small Massachusetts college move to New York to make their way, they're broke, adrift, and buoyed only by their friendship and ambition. There is kind, handsome Willem, an aspiring actor; JB, a quick-witted, sometimes cruel Brooklyn-born painter seeking entry to the art world; Malcolm, a frustrated architect at a prominent firm; and withdrawn, brilliant, enigmatic Jude, who serves as their center of gravity. Over the decades, their relationships deepen and darken, tinged by addiction, success, and pride. Yet their greatest challenge, each comes to realize, is Jude himself, by midlife a terrifyingly talented litigator yet an increasingly broken man, his mind and body scarred by an unspeakable childhood, and haunted by what he fears is a degree of trauma that he’ll not only be unable to overcome—but that will define his life forever."
16068905,Fangirl,4208569,3.93,785297,60338,483,English,2013,14048,"A coming-of-age tale of fanfiction, family, and first love. Cath is a Simon Snow fan. Okay, the whole world is a Simon Snow fan.... But for Cath, being a fan is her life—and she's really good at it. She and her twin, Wren, ensconced themselves in the Simon Snow series when they were just kids; it's what got them through their mother leaving. Reading. Rereading. Hanging out in Simon Snow forums, writing Simon Snow fanfiction, dressing up like the characters for every movie premiere. Cath's sister has mostly grown away from fandom, but Cath can't let go. She doesn't want to. Now that they're going to college, Wren has told Cath she doesn't want to be roommates. Cath is on her own, completely outside of her comfort zone. She's got a surly roommate with a charming, always-around boyfriend; a fiction-writing professor who thinks fanfiction is the end of the civilized world; a handsome classmate who only wants to talk about words... and she can't stop worrying about her dad, who's loving and fragile and has never really been alone. For Cath, the question is: Can she do this? Can she make it without Wren holding her hand? Is she ready to start living her own life? And does she even want to move on if it means leaving Simon Snow behind?"
36402034,Do Androids Dream of Electric Sheep?,4764,4.09,522964,26034,258,English,2008,14217,"By 2021, the World War has killed millions, driving entire species into extinction and sending mankind off-planet. Those who remain covet any living creature, and for people who can't afford one, companies build incredibly realistic simulacra: horses, birds, cats, sheep. They've even built humans. Immigrants to Mars receive androids so sophisticated they are indistinguishable from true men or women. Fearful of the havoc these artificial humans could wreak, the government bans them from Earth. Driven into hiding, unauthorized androids live among human beings, undetected. Rick Deckard, an officially sanctioned bounty hunter, is commissioned to find rogue androids and ""retire"" them. But when cornered, androids fight back - with lethal force. The Inspiration for the Film BLADE RUNNER. Originally published in 1968, Do Androids Dream of Electric Sheep? remains a masterpiece ahead of its time, a prescient rendering of a dark future."
9375,Fried Green Tomatoes at the Whistle Stop Cafe,6125,4.27,330172,12467,416,English,2002,6541,"Folksy and fresh, endearing and affecting, Fried Green Tomatoes at the Whistle Stop Cafe is a now-classic novel about two women: Evelyn, who is in the sad slump of middle age, and gray-headed Mrs. Threadgoode, who is telling her life story. Her tale includes two more women, the irrepressibly daredevilish tomboy Idgie and her friend Ruth who back in the thirties ran a little place in Whistle Stop, Alabama, offering good coffee, southern barbecue, and all kinds of love and laughter, even an occasional murder. And as the past unfolds, the present will never be quite the same again."
8921,"The Hound of the Baskervilles (Sherlock Holmes, #5)",2448,4.13,395206,15466,256,English,2001,11086,"In this, one of the most famous of Doyle's mysteries, the tale of an ancient curse and a savage ghostly hound comes frighteningly to life. The gray towers of Baskerville Hall and the wild open country of Dartmoor will haunt the reader as Holmes and Watson seek to unravel the many secrets of the misty English bogs."
12000020,"Aristotle and Dante Discover the Secrets of the Universe (Aristotle and Dante, #1)",4841310,4.28,684016,78845,390,English,2012,15142,"Dante can swim. Ari can't. Dante is articulate and self-assured. Ari has a hard time with words and suffers from self-doubt. Dante gets lost in poetry and art. Ari gets lost in thoughts of his older brother who is in prison. Dante is fair skinned. Ari's features are much darker. It seems that a boy like Dante, with his open and unique perspective on life, would be the last person to break down the walls that Ari has built around himself. But against all odds, when Ari and Dante meet, they develop a special bond that will teach them the most important truths of their lives, and help define the people they want to be. But there are big hurdles in their way, and only by believing in each other—and the power of their friendship—can Ari and Dante emerge stronger on the other side."
10959,Sophie’s World,1388082,3.97,286618,17379,403,English,1995,37444,"An alternative cover for this ISBN can be found here One day fourteen-year-old Sophie Amundsen comes home from school to find in her mailbox two notes, with one question on each: ""Who are you?"" and ""Where does the world come from?"" From that irresistible beginning, Sophie becomes obsessed with questions that take her far beyond what she knows of her Norwegian village. Through those letters, she enrolls in a kind of correspondence course, covering Socrates to Sartre, with a mysterious philosopher, while receiving letters addressed to another girl. Who is Hilde? And why does her mail keep turning up? To unravel this riddle, Sophie must use the philosophy she is learning—but the truth turns out to be far more complicated than she could have imagined."
58345,The Awakening,5132,3.69,230399,13574,195,English,2006,6344,"When first published in 1899, The Awakening shocked readers with its honest treatment of female marital infidelity. Audiences accustomed to the pieties of late Victorian romantic fiction were taken aback by Chopin's daring portrayal of a woman trapped in a stifling marriage, who seeks and finds passionate physical love outside the confines of her domestic situation. Aside from its unusually frank treatment of a then-controversial subject, the novel is widely admired today for its literary qualities. Edmund Wilson characterized it as a work ""quite uninhibited and beautifully written, which anticipates D. H. Lawrence in its treatment of infidelity."" Although the theme of marital infidelity no longer shocks, few novels have plumbed the psychology of a woman involved in an illicit relationship with the perception, artistry, and honesty that Kate Chopin brought to The Awakening."
37781,"Things Fall Apart (The African Trilogy, #1)",8051,3.75,419069,24038,215,English,1994,12132,"“A true classic of world literature . . . A masterpiece that has inspired generations of writers in Nigeria, across Africa, and around the world.” —Barack Obama “African literature is incomplete and unthinkable without the works of Chinua Achebe.” —Toni Morrison ""A magical writer—one of the greats of the twentieth century."" —Margaret Atwood Named one of America's most-loved novels by PBS’s The Great American Read Things Fall Apart is the first of three novels in Chinua Achebe's critically acclaimed African Trilogy. It is a classic narrative about Africa's cataclysmic encounter with Europe as it establishes a colonial presence on the continent. Told through the fictional experiences of Okonkwo, a wealthy and fearless Igbo warrior of Umuofia in the late 1800s, Things Fall Apart explores one man's futile resistance to the devaluing of his Igbo traditions by British political and religious forces and his despair as his community capitulates to the powerful new order. With more than 20 million copies sold and translated into 57 languages, Things Fall Apart provides one of the most illuminating and permanent monuments to African experience. Achebe does not only capture life in a pre-colonial African village, he conveys the tragedy of the loss of that world while broadening our understanding of our contemporary realities."
19089,Middlemarch,173,4.04,182506,14026,912,English,2003,23005,"""People are almost always better than their neighbours think they are"" George Eliot’s most ambitious novel is a masterly evocation of diverse lives and changing fortunes in a provincial community. Peopling its landscape are Dorothea Brooke, a young idealist whose search for intellectual fulfillment leads her into a disastrous marriage to the pedantic scholar Casaubon; the charming but tactless Dr Lydgate, whose pioneering medical methods, combined with an imprudent marriage to the spendthrift beauty Rosamond, threaten to undermine his career; and the religious hypocrite Bulstrode, hiding scandalous crimes from his past. As their stories interweave, George Eliot creates a richly nuanced and moving drama, hailed by Virginia Woolf as ""one of the few English novels written for grown-up people""."
3685,Black Beauty,2530,4.0,301163,8082,245,English,2003,6150,"As a young horse, Black Beauty is well-loved and happy. But when his owner is forced to sell him, his life changes drastically. He has many new owners—some of them cruel and some of them kind. All he needs is someone to love him again.... Whether pulling an elegant carriage or a ramshackle cab, Black Beauty tries to live as best he can. This is his amazing story, told as only he could tell it."
44186,The Monster at the End of this Book,24824,4.46,127396,3597,32,English,2004,302,"""On the first page, what did that say? Did that say there will be a Monster at the end of the book???"" Read along as Grover begs you not to turn the page—because there is a monster at this end of this book! Lovable, furry old Grover is distressed to learn that there's a monster at the end of this book! He begs readers not to turn the pages, but of course kids feel they just have to see this monster for themselves. Grover is astonished—and toddlers will be delighted—to discover who is really the monster at the end of the book! Many adults name this book as their favorite Little Golden Book. This all-time favorite is now available as a Big Little Golden Book—perfect for lap-time reading. Jon Stone (1931–1997) is the author of this book, but he was also Sesame Street's principal director until 1996. Working with Jim Henson, he helped create many of the Muppet characters, including Big Bird and Cookie Monster. He was also responsible for the show's format and setting. Stone contributed occasional announcer voices (such as the soap opera promo spoof ""School in the Afternoon""), and served similar duty on two Muppet Meeting Films. Stone died of complications from Lou Gehrig's disease on March 30th, 1997. In his New York Times obituary, Joan Ganz Cooney describes Stone as ""probably the most brilliant writer of children's television material in America""."
2213661,The Graveyard Book,1221698,4.15,568619,42415,312,English,2008,13079,"Nobody Owens, known to his friends as Bod, is a perfectly normal boy. Well, he would be perfectly normal if he didn't live in a graveyard, being raised and educated by ghosts, with a solitary guardian who belongs to neither the world of the living nor the world of the dead. There are dangers and adventures for Bod in the graveyard: the strange and terrible menace of the Sleer; a gravestone entrance to a desert that leads to the city of ghouls; friendship with a witch, and so much more. But it is in the land of the living that real danger lurks, for it is there that the man Jack lives and he has already killed Bod's family. A deliciously dark masterwork by bestselling author Neil Gaiman, with illustrations by award-winning Dave McKean."
47281,Number the Stars,2493,4.2,628768,18618,137,English,1998,11886,"Ten-year-old Annemarie Johansen and her best friend Ellen Rosen often think of life before the war. It's now 1943 and their life in Copenhagen is filled with school, food shortages, and the Nazi soldiers marching through town. When the Jews of Denmark are ""relocated,"" Ellen moves in with the Johansens and pretends to be one of the family. Soon Annemarie is asked to go on a dangerous mission to save Ellen's life."
11857408,"Fifty Shades Darker (Fifty Shades, #2)",4725841,3.83,982227,31803,532,English,2011,19449,"Daunted by the singular sexual tastes and dark secrets of the beautiful, tormented young entrepreneur Christian Grey, Anastasia Steele has broken off their relationship to start a new career with a Seattle publishing house. But desire for Christian still dominates her every waking thought, and when he proposes a new arrangement, Anastasia cannot resist. They rekindle their searing sensual affair, and Anastasia learns more about the harrowing past of her damaged, driven, and demanding Fifty Shades. While Christian wrestles with his inner demons, Anastasia must confront her anger and envy of the women who came before her and make the most important decision of her life. Erotic, sparkling and suspenseful, Fifty Shades Darker is the irresistibly addictive second part of the Fifty Shades trilogy."
16793,Stardust,1221698,4.09,484878,28900,248,English,2006,10049,"Alternate cover edition can be found here Young Tristran Thorn will do anything to win the cold heart of beautiful Victoria—even fetch her the star they watch fall from the night sky. But to do so, he must enter the unexplored lands on the other side of the ancient wall that gives their tiny village its name. Beyond that old stone wall, Tristran learns, lies Faerie—where nothing not even a fallen star, is what he imagined."
50659468,"A Court of Mist and Fury (A Court of Thorns and Roses, #2)",3433047,4.63,3328630,267694,626,English,2020,155845,"The seductive and stunning #1 New York Times bestselling sequel to Sarah J. Maas's spellbinding A Court of Thorns and Roses . Feyre has undergone more trials than one human woman can carry in her heart. Though she's now been granted the powers and lifespan of the High Fae, she is haunted by her time Under the Mountain and the terrible deeds she performed to save the lives of Tamlin and his people. As her marriage to Tamlin approaches, Feyre's hollowness and nightmares consume her. She finds herself split into two different one who upholds her bargain with Rhysand, High Lord of the feared Night Court, and one who lives out her life in the Spring Court with Tamlin. While Feyre navigates a dark web of politics, passion, and dazzling power, a greater evil looms. She might just be the key to stopping it, but only if she can harness her harrowing gifts, heal her fractured soul, and decide how she wishes to shape her future-and the future of a world in turmoil. Bestselling author Sarah J. Maas's masterful storytelling brings this second book in her dazzling, sexy, action-packed series to new heights."
52022378,"Sheever's Journal, Diary of a Poison Master",2633143,4.3,34068,92,410,English,2019,48,"Synopsis: For five years Me’acca Mysuth Sheever has lived among his “sworn enemies,” pretending to be one of them. One night he buys a journal, its pages blank. The woman who sells him the journal extracts his promise to record his deeds for study. “Lo, the steps of your life mark the journey of your soul.” To expose his prior life, however, would be akin to suicide, for Sheever is a man brimming with secrets. He begins the journal cautiously, describing the area where he works as a cook, and the people he’s forced to endure. Hints of his past emerge as he also records day-to-day events. As the journal evolves, he finds himself more entangled than he ever wanted to be in the lives around him, and more sympathetic to people he wanted to hate. Memories haunt him, and he struggles to maintain a grip on his sanity as he prays for – and fears – the signal that his years in exile have ended and he can return home. This then is Sheever’s Journal, Diary of a Poison Master. About the Author: K. Ritz lives with her husband in a small town in Massachusetts. This is her first book in a series about a world of shadows."
656,War and Peace,128382,4.17,371395,21272,1392,English,1998,74371,"In Russia's struggle with Napoleon, Tolstoy saw a tragedy that involved all mankind. War and Peace broadly focuses on Napoleon’s invasion of Russia in 1812 and follows three of the most well-known characters in literature: Pierre Bezukhov, the illegitimate son of a count who is fighting for his inheritance and yearning for spiritual fulfillment; Prince Andrei Bolkonsky, who leaves his family behind to fight in the war against Napoleon; and Natasha Rostov, the beautiful young daughter of a nobleman who intrigues both men. As Napoleon’s army invades, Tolstoy brilliantly follows characters from diverse backgrounds—peasants and nobility, civilians and soldiers—as they struggle with the problems unique to their era, their history, and their culture. And as the novel progresses, these characters transcend their specificity, becoming some of the most moving—and human—figures in world literature. Tolstoy gave his personal approval to this translation, published here in a new single volume edition, which includes an introduction by Henry Gifford, and Tolstoy's important essay `Some Words about War and Peace'."
16735,The Prince of Tides,6942,4.26,218831,6268,679,English,2002,5902,"Pat Conroy has created a huge, brash thunderstorm of a novel, stinging with honesty and resounding with drama. ' Spanning forty years, this is the story of turbulent Tom Wingo, his gifted and troubled twin sister Savannah, and the dark and violent past of the extraordinary family into which they were born."
228560,Sophie’s Choice,7565,4.17,94995,3350,562,English,1992,4440,Three stories are told: a young Southerner wants to become a writer; a turbulent love-hate affair between a brilliant Jew and a beautiful Polish woman; and of an awful wound in that woman's past--one that impels both Sophie and Nathan toward destruction.
301082,"Dead Until Dark (Sookie Stackhouse, #1)",17061,3.97,563177,21500,292,English,2001,7551,Sookie Stackhouse is just a small-time cocktail waitress in small-town Louisiana. Until the vampire of her dreams walks into her life-and one of her coworkers checks out.... Maybe having a vampire for a boyfriend isn't such a bright idea.
32542,"A Time to Kill (Jake Brigance, #1)",721,4.12,829956,8057,738,English,2004,10881,"This is an alternate cover edition for ISBN 9780385338608 Before The Firm and The Pelican Brief made him a superstar, John Grisham wrote this riveting story of retribution and justice. In this searing courtroom drama, best-selling author John Grisham probes the savage depths of racial violence, as he delivers a compelling tale of uncertain justice in a small southern town, Clanton, Mississippi. The life of a ten-year-old girl is shattered by two drunken and remorseless young men. The mostly white town reacts with shock and horror at the inhuman crime. That is, until her black father acquires an assault rifle and takes matters into his hands. For ten days, as burning crosses and the crack of sniper fire spread through the streets of Clanton, the nation sits spellbound as young defense attorney Jake Brigance struggles to save his client's life, and then his own."
65605,"The Magician’s Nephew (Chronicles of Narnia, #6)",1069006,4.06,617350,26974,221,English,2005,13770,"The secret passage to the house next door leads to a fascinating adventure. Narnia... a land where the woods are thick and cold, where Talking Beasts come to life—an entirely new world where adventure begins. One cold, wet summer in London, Digory and Polly meet and become fast friends. Their lives take a sudden turn when Digory’s Uncle Andrew, who fancies himself a magician, sends them hurtling to... somewhere else. They arrive in Narnia, just as it is born from the song of the great Lion, Aslan. Along the way, they encounter the evil sorceress Jadis, whose dark magic threatens everything. After a whirlwind adventure, they finally find their way back home."
3153910,The Art of Racing in the Rain,194531,4.23,559850,47704,336,English,2008,15619,"Enzo knows he is different from other dogs: a philosopher with a nearly human soul (and an obsession with opposable thumbs), he has educated himself by watching television extensively, and by listening very closely to the words of his master, Denny Swift, an up-and-coming race car driver. Through Denny, Enzo has gained tremendous insight into the human condition, and he sees that life, like racing, isn't simply about going fast. On the eve of his death, Enzo takes stock of his life, recalling all that he and his family have been through. A heart-wrenching but deeply funny and ultimately uplifting story of family, love, loyalty, and hope, The Art of Racing in the Rain is a beautifully crafted and captivating look at the wonders and absurdities of human life ... as only a dog could tell it."
5805,V for Vendetta,3961,4.26,327399,8435,296,English,2005,4929,"""Remember, remember the fifth of November..."" A frightening and powerful tale of the loss of freedom and identity in a chillingly believable totalitarian world, V for Vendetta stands as one of the highest achievements of the comics medium and a defining work for creators Alan Moore and David Lloyd. Set in an imagined future England that has given itself over to fascism, this groundbreaking story captures both the suffocating nature of life in an authoritarian police state and the redemptive power of the human spirit which rebels against it. Crafted with sterling clarity and intelligence, V for Vendetta brings an unequaled depth of characterization and verisimilitude to its unflinching account of oppression and resistance."
227443,"Bridget Jones’s Diary (Bridget Jones, #1)",3090,3.81,1029372,15167,288,English,1999,5156,"Meet Bridget Jones —a 30-something Singleton who is certain she would have all the answers if she could: a. lose 7 pounds b. stop smoking c. develop Inner Poise ""129 lbs. (how is it possible to put on 4 pounds in the middle of the night? Could flesh have somehow solidified becoming denser and heavier? Repulsive, horrifying notion), alcohol units 4 (excellent), cigarettes 21 (poor but will give up totally tomorrow), number of correct lottery numbers 2 (better, but nevertheless useless)..."" ""Bridget Jones' Diary"" is the devastatingly self-aware, laugh-out-loud daily chronicle of Bridget's permanent, doomed quest for self-improvement — a year in which she resolves to: reduce the circumference of each thigh by 1.5 inches, visit the gym three times a week not just to buy a sandwich, form a functional relationship with a responsible adult - and learn to program the VCR. Over the course of the year, Bridget loses a total of 72 pounds but gains a total of 74. She remains, however, optimistic. Through it all, Bridget will have you helpless with laughter, and — like millions of readers the world round — you'll find yourself shouting, ""Bridget Jones is me!"""
43035,White Fang,1240,4.03,209698,7538,252,English,2001,8000,"White Fang is part dog and part wolf, and the lone survivor of his family. In his lonely world, he soon learns to follow the harsh law of the North--kill or be killed. But nothing in White Fang's life can prepare him for the cruel owner who turns him into a vicious killer. Will White Fang ever know the kindness of a gentle master?"
15745753,Eleanor &amp; Park,4208569,3.92,1269732,81951,328,English,2013,29488,"""Bono met his wife in high school,"" Park says. ""So did Jerry Lee Lewis,"" Eleanor answers. ""I'm not kidding,"" he says. ""You should be,"" she says, ""we're 16."" ""What about Romeo and Juliet?"" ""Shallow, confused, then dead."" ""I love you,"" Park says. ""Wherefore art thou,"" Eleanor answers. ""I'm not kidding,"" he says. ""You should be."" Set over one school year in 1986, Eleanor & Park is the story of two star-crossed misfits—smart enough to know first love almost never lasts, but brave and desperate enough to try."
52357,Beowulf,69411488,3.5,351251,13837,259,English,2001,8075,"Composed toward the end of the first millennium, Beowulf is the elegiac narrative of the adventures of Beowulf, a Scandinavian hero who saves the Danes from the seemingly invincible monster Grendel and, later, from Grendel's mother. He then returns to his own country and dies in old age in a vivid fight against a dragon. The poem is about encountering the monstrous, defeating it, and then having to live on in the exhausted aftermath. In the contours of this story, at once remote and uncannily familiar at the beginning of the twenty-first century, Nobel laureate Seamus Heaney finds a resonance that summons power to the poetry from deep beneath its surface. Drawn to what he has called the ""four-squareness of the utterance"" in Beowulf and its immense emotional credibility, Heaney gives these epic qualities new and convincing reality for the contemporary reader."
12127810,"The House of Hades (The Heroes of Olympus, #4)",15872,4.57,492588,27313,597,English,2013,15326,"Hazel stands at a crossroads. She and the remaining crew of the Argo II could return home with the Athena Parthenos statue and try to stop Camp Half-Blood and Camp Jupiter from going to war. Or they could continue their quest to find the House of Hades, where they might be able to open the Doors of Death, rescue their friends Percy and Annabeth from Tartarus, and prevent monsters from being reincarnated in the mortal world. Whichever road they decide to take, they have to hurry, because time is running out. Gaea, the bloodthirsty Earth Mother, has set the date of August 1 for her rise to power. Annabeth and Percy are overwhelmed. How will the two of them make it through Tartarus? Starving, thirsty, and in pain, they are barely able to stumble on in the dark and poisonous landscape that holds new horrors at every turn. They have no way of locating the Doors of Death. Even if they did, a legion of Gaea's strongest monsters guards the Doors on the Tartarus side. Annabeth and Percy can't exactly launch a frontal assault. Despite the terrible odds, Hazel, Annabeth, Percy, and the other demigods of the prophecy know that there is only one choice: to attempt the impossible. Not just for themselves, but for everyone they love. Even though love can be the riskiest choice of all. Join the demigods as they face their biggest challenges yet in The House of Hades, the hair-raising penultimate book in the best-selling Heroes of Olympus series."
862041,"Harry Potter Series Box Set (Harry Potter, #1-7)",1077326,4.73,304701,8839,4100,English,2007,14766,"Over 4000 pages of Harry Potter and his world, including all 7 books. All seven eBooks in the multi-award winning, internationally bestselling Harry Potter series, available as one download with stunning cover art by Olly Moss. Enjoy the stories that have captured the imagination of millions worldwide."
310259,Love You Forever,6039100,4.38,249063,6570,32,English,1995,1188,"An extraordinarily different story by Robert Munsch is a gentle affirmation of the love a parent feels for their child—forever. ""A young woman holds her newborn son and looks at him lovingly. Softly she sings to him: ""I'll love you forever. I'll like you for always. As long as I'm living, my baby you'll be."" So begins the story that has touched the hearts of millions worldwide. Since publication in l986, ""Love You Forever"" has sold more than 15 million copies in paperback and the regular hardcover edition (as well as hundreds of thousands of translated copies around the world). Sheila McGraw's soft and colorful pastels perfectly complement the sentiment of the book—one that will be read repeatedly for years."
6327,The Witches,4273,4.18,432950,11809,208,English,1997,4778,"Note: This edition shares ISBN 0590032496 with another edition. This is not a fairy-tale. This is about real witches. Real witches don't ride around on broomsticks. They don't even wear black cloaks and hats. They are vile, cunning, detestable creatures who disguise themselves as nice, ordinary ladies. So how can you tell when you're face to face with one? Well, if you don't know yet you'd better find out quickly-because there's nothing a witch loathes quite as much as children and she'll wield all kinds of terrifying powers to get rid of them."
18710190,"Allegiant (Divergent, #3)",4039811,3.6,1152870,74755,531,English,2013,22483,"The faction-based society that Tris Prior once believed in is shattered - fractured by violence and power struggles and scarred by loss and betrayal. So when offered a chance to explore the world past the limits she's known, Tris is ready. Perhaps beyond the fence, she and Tobias will find a simple new life together, free from complicated lies, tangled loyalties, and painful memories. But Tris's new reality is even more alarming than the one she left behind. Old discoveries are quickly rendered meaningliess. Explosive new truths change the hearts of those she loves. And once again, Tris must battle to comprehend to complexities of human nature - and of herself - while facing impossible choices about courage, allegiance, sacrifice, and love. Told from a riveting dual perspective, ALLEGIANT, by #1 New York Times best-selling author Veronica Roth, brings the DIVERGENT series to a powerful conclusion while revealing the secrets of the dystopian world that has captivated millions of readers in DIVERGENT and INSURGENT."
10644930,11/22/63,3389,4.35,679539,64877,849,English,2011,49867,"On November 22, 1963, three shots rang out in Dallas, President Kennedy died, and the world changed. What if you could change it back? Stephen King’s heart-stoppingly dramatic new novel is about a man who travels back in time to prevent the JFK assassination—a thousand page tour de force. Following his massively successful novel Under the Dome, King sweeps readers back in time to another moment—a real life moment—when everything went wrong: the JFK assassination. And he introduces readers to a character who has the power to change the course of history. Jake Epping is a thirty-five-year-old high school English teacher in Lisbon Falls, Maine, who makes extra money teaching adults in the GED program. He receives an essay from one of the students—a gruesome, harrowing first person story about the night 50 years ago when Harry Dunning’s father came home and killed his mother, his sister, and his brother with a hammer. Harry escaped with a smashed leg, as evidenced by his crooked walk. Not much later, Jake’s friend Al, who runs the local diner, divulges a secret: his storeroom is a portal to 1958. He enlists Jake on an insane—and insanely possible—mission to try to prevent the Kennedy assassination. So begins Jake’s new life as George Amberson and his new world of Elvis and JFK, of big American cars and sock hops, of a troubled loner named Lee Harvey Oswald and a beautiful high school librarian named Sadie Dunhill, who becomes the love of Jake’s life—a life that transgresses all the normal rules of time. A tribute to a simpler era and a devastating exercise in escalating suspense, 11/22/63 is Stephen King at his epic best."
5113,Franny and Zooey,819789,3.96,242834,13896,201,English,2001,6353,"‘Everything everybody does is so—I don’t know—not wrong, or even mean, or even stupid necessarily. But just so tiny and meaningless and—sad-making. And the worst part is, if you go bohemian or something crazy like that, you’re conforming just as much only in a different way.’ First published in The New Yorker as two sequential stories, ‘Franny’ and ‘Zooey’ offer a dual portrait of the two youngest members of J. D. Salinger’s fictional Glass family. Franny Glass is a pretty, effervescent college student on a date with her intellectually confident boyfriend, Lane. They appear to be the perfect couple, but as they struggle to communicate with each other about the things they really care about, slowly their true feelings come to the surface. The second story in this book, ‘Zooey’, plunges us into the world of her ethereal, sophisticated family. When Franny’s emotional and spiritual doubts reach new heights, her older brother Zooey, a misanthropic former child genius, offers her consolation and brotherly advice. Written in Salinger’s typically irreverent style, these two stories offer a touching snapshot of the distraught mindset of early adulthood and are full of the insightful emotional observations and witty turns of phrase that have helped make Salinger’s reputation what it is today."
21,A Short History of Nearly Everything,7,4.22,428686,17829,544,English,2004,37721,"Bill Bryson describes himself as a reluctant traveller, but even when he stays safely at home he can't contain his curiosity about the world around him. ""A Short History of Nearly Everything"" is his quest to understand everything that has happened from the Big Bang to the rise of civilisation - how we got from there, being nothing at all, to here, being us. The ultimate eye-opening journey through time and space, revealing the world in a way most of us have never seen it before."
43615,"The Gunslinger (The Dark Tower, #1)",3389,3.91,671976,29512,231,English,1982,24648,"Beginning with a short story appearing in The Magazine of Fantasy and Science Fiction in 1978, the publication of Stephen King's epic work of fantasy -- what he considers to be a single long novel and his magnum opus -- has spanned a quarter of a century. Set in a world of extraordinary circumstances, filled with stunning visual imagery and unforgettable characters, The Dark Tower series is King's most visionary feat of storytelling, a magical mix of science fiction, fantasy, and horror that may well be his crowning achievement. Book I In The Gunslinger (originally published in 1982), King introduces his most enigmatic hero, Roland Deschain of Gilead, the Last Gunslinger. He is a haunting, solitary figure at first, on a mysterious quest through a desolate world that eerily mirrors our own. Pursuing the man in black, an evil being who can bring the dead back to life, Roland is a good man who seems to leave nothing but death in his wake."
14905,The Complete Novels,1265,4.57,34114,773,1344,English,1996,5222,"Few novelists have conveyed the subtleties and nuances of their own social milieu with the wit and insight of Jane Austen. Through her vivacious and spirited heroines and their circle, she paints vivid portraits of English middle-class life as the eighteenth century came to a close. Each of the novels is a love story and a story about marriage — marriage for love, for financial security, for social status. But they are not mere romances; ironic, comic and wise, they are masterly studies of the society Jane Austen observed. The seven novels in this volume contain some of the most brilliant, dazzling prose in the English language. --back cover Emma / Lady Susan / Mansfield Park / Northanger Abbey / Persuasion / Pride and Prejudice / Sense and Sensibility"
228665,"The Eye of the World (Wheel of Time, #1)",6252,4.19,602799,27356,800,English,1990,52449,"The Wheel of Time turns and Ages come and pass, leaving memories that become legend. Legend fades to myth, and even myth is long forgotten when the Age that gave it birth returns again. What was, what will be, and what is, may yet fall under the Shadow. Moiraine Damodred arrives in Emond’s Field on a quest to find the one prophesized to stand against The Dark One, a malicious entity sowing the seeds of chaos and destruction. When a vicious band of half-men, half beasts invade the village seeking their master’s enemy, Moiraine persuades Rand al’Thor and his friends to leave their home and enter a larger unimaginable world filled with dangers waiting in the shadows and in the light."
18114322,The Grapes of Wrath,585,4.03,1008643,30819,536,English,2014,28841,"The Pulitzer Prize-winning epic of the Great Depression, a book that galvanized—and sometimes outraged—millions of readers. First published in 1939, Steinbeck’s Pulitzer Prize-winning epic of the Great Depression chronicles the Dust Bowl migration of the 1930s and tells the story of one Oklahoma farm family, the Joads—driven from their homestead and forced to travel west to the promised land of California. Out of their trials and their repeated collisions against the hard realities of an America divided into Haves and Have-Nots evolves a drama that is intensely human yet majestic in its scale and moral vision, elemental yet plainspoken, tragic but ultimately stirring in its human dignity. A portrait of the conflict between the powerful and the powerless, of one man’s fierce reaction to injustice, and of one woman’s stoical strength, the novel captures the horrors of the Great Depression and probes into the very nature of equality and justice in America. At once a naturalistic epic, captivity narrative, road novel, and transcendental gospel, Steinbeck’s powerful landmark novel is perhaps the most American of American Classics."
20613470,"Heir of Fire (Throne of Glass, #3)",3433047,4.45,1655392,125693,565,English,2014,75491,"Celaena has survived deadly contests and shattering heartbreak-but at an unspeakable cost. Now, she must travel to a new land to confront her darkest truth . . . a truth about her heritage that could change her life-and her future-forever. Meanwhile, brutal and monstrous forces are gathering on the horizon, intent on enslaving her world. Will Celaena find the strength to not only fight her inner demons, but to take on the evil that is about to be unleashed?"
35959740,Circe,176372,4.22,1398109,140156,393,English,2018,91610,"In the house of Helios, god of the sun and mightiest of the Titans, a daughter is born. But Circe is a strange child--neither powerful like her father nor viciously alluring like her mother. Turning to the world of mortals for companionship, she discovers that she does possess power: the power of witchcraft, which can transform rivals into monsters and menace the gods themselves. Threatened, Zeus banishes her to a deserted island, where she hones her occult craft, tames wild beasts, and crosses paths with many of the most famous figures in all of mythology, including the Minotaur, Daedalus and his doomed son Icarus, the murderous Medea, and, of course, wily Odysseus. But there is danger, too, for a woman who stands alone, and Circe unwittingly draws the wrath of both men and gods, ultimately finding herself pitted against one of the most terrifying and vengeful of the Olympians. To protect what she loves most, Circe must summon all her strength and choose, once and for all, whether she belongs with the gods she is born from or with the mortals she has come to love."
36809135,Where the Crawdads Sing,7043934,4.37,3705201,228950,384,English,2018,163315,"For years, rumors of the “Marsh Girl” haunted Barkley Cove, a quiet fishing village. Kya Clark is barefoot and wild; unfit for polite society. So in late 1969, when the popular Chase Andrews is found dead, locals immediately suspect her. But Kya is not what they say. A born naturalist with just one day of school, she takes life's lessons from the land, learning the real ways of the world from the dishonest signals of fireflies. But while she has the skills to live in solitude forever, the time comes when she yearns to be touched and loved. Drawn to two young men from town, who are each intrigued by her wild beauty, Kya opens herself to a new and startling world—until the unthinkable happens. In Where the Crawdads Sing, Owens juxtaposes an exquisite ode to the natural world against a profound coming of age story and haunting mystery. Thought-provoking, wise, and deeply moving, Owens’s debut novel reminds us that we are forever shaped by the child within us, while also subject to the beautiful and violent secrets that nature keeps. The story asks how isolation influences the behavior of a young woman, who like all of us, has the genetic propensity to belong to a group. The clues to the mystery are brushed into the lush habitat and natural histories of its wild creatures."
7733,Gulliver’s Travels,1831,3.59,301853,9178,306,English,2017,12545,"A wickedly clever satire uses comic inversions to offer telling insights into the nature of man and society. Nominated as one of America’s best-loved novels by PBS’s The Great American Read. Gulliver's Travels describes the four voyages of Lemuel Gulliver, a ship's surgeon. In Lilliput he discovers a world in miniature; towering over the people and their city, he is able to view their society from the viewpoint of a god. However, in Brobdingnag, a land of giants, tiny Gulliver himself comes under observation, exhibited as a curiosity at markets and fairs. In Laputa, a flying island, he encounters a society of speculators and projectors who have lost all grip on everyday reality; while they plan and calculate, their country lies in ruins. Gulliver's final voyage takes him to the land of the Houyhnhnms, gentle horses whom he quickly comes to admire - in contrast to the Yahoos, filthy bestial creatures who bear a disturbing resemblance to humans. This text, based on the first edition of 1726, reproduces all the original illustrations and includes an introduction by Robert Demaria, Jr, which discusses the ways Gulliver's Travels has been interpreted since its first publication. Jonathan Swift (1667-1745) was born in Dublin. For more than seventy years, Penguin has been the leading publisher of classic literature in the English-speaking world. With more than 1,700 titles, Penguin Classics represents a global bookshelf of the best works throughout history and across genres and disciplines. Readers trust the series to provide authoritative texts enhanced by introductions and notes by distinguished scholars and contemporary authors, as well as up-to-date translations by award-winning translators."
4374400,"If I Stay (If I Stay, #1)",295178,3.91,973685,43087,208,English,2009,14390,"In the blink of an eye everything changes. Seventeen ­year-old Mia has no memory of the accident; she can only recall what happened afterwards, watching her own damaged body being taken from the wreck. Little by little she struggles to put together the pieces- to figure out what she has lost, what she has left, and the very difficult choice she must make. Heartwrenchingly beautiful, this will change the way you look at life, love, and family. Now a major motion picture starring Chloe Grace Moretz, Mia's story will stay with you for a long, long time."
122,"The Power of One (The Power of One, #1)",63,4.36,95441,6349,544,English,1996,3779,"In 1939, as Hitler casts his enormous, cruel shadow across the world, the seeds of apartheid take root in South Africa. There, a boy called Peekay is born. His childhood is marked by humiliation and abandonment, yet he vows to survive and conceives heroic dreams, which are nothing compared to what life actually has in store for him. He embarks on an epic journey through a land of tribal superstition and modern prejudice where he will learn the power of words, the power to transform lives and the power of one."
84981,Tuck Everlasting,1954,3.91,298954,13919,148,English,1985,4387,"Introduced by New York Times–bestselling author Gabrielle Zevin, a special 50th Anniversary Edition of the beloved children’s classic with more than more than 10 million copies sold. From Newbery Honoree and E. B. White Award–winning author Natalie Babbitt, Tuck Everlasting is a spellbinding modern-day masterpiece about immortality, friendship, and growing up that’s sure to be an all-time favorite for every generation. What if you could live forever? In this timeless story young Winnie Foster learns of a hidden spring in a nearby wood and meets the Tuck family, whose members reveal their astonishing discovery of the spring’s life-changing power. Now Winnie must decide what to do with her newfound knowledge—and the Tucks must decide what to do with her. But it’s not just the curious girl who is interested in their remarkable tale. A suspicious stranger is also searching for the Tucks, and he will stop at nothing until he finds them and uncovers their secret. A staple on home bookshelves and in classrooms and libraries for half a century, Tuck Everlasting is brought to life for new readers and long-time fans in this dazzling deluxe edition, which includes a foreword from the New York Times–bestselling author of Tomorrow, and Tomorrow, and Tomorrow, Gabrielle Zevin; new breathtaking black-and-white illustrations from award-winning artist Bagram Ibatoulline; an afterword from Natalie Babbitt’s daughter; and more never-before-seen bonus material. Praise for Tuck Everlasting: “Probably the best work of our best children's novelist.” ―Harper's “Exciting and excellently written.” ―The New York Times Book Review “A fearsome and beautifully written book that can't be put down or forgotten.” ―The New Yorker"
27362503,"It Ends with Us (It Ends with Us, #1)",5430144,4.07,4719734,303925,386,English,2016,123963,"Sometimes it is the one who loves you who hurts you the most. Lily hasn’t always had it easy, but that’s never stopped her from working hard for the life she wants. She’s come a long way from the small town in Maine where she grew up — she graduated from college, moved to Boston, and started her own business. So when she feels a spark with a gorgeous neurosurgeon named Ryle Kincaid, everything in Lily’s life suddenly seems almost too good to be true. Ryle is assertive, stubborn, maybe even a little arrogant. He’s also sensitive, brilliant, and has a total soft spot for Lily. And the way he looks in scrubs certainly doesn’t hurt. Lily can’t get him out of her head. But Ryle’s complete aversion to relationships is disturbing. Even as Lily finds herself becoming the exception to his “no dating” rule, she can’t help but wonder what made him that way in the first place. As questions about her new relationship overwhelm her, so do thoughts of Atlas Corrigan — her first love and a link to the past she left behind. He was her kindred spirit, her protector. When Atlas suddenly reappears, everything Lily has built with Ryle is threatened."
13536860,"Fifty Shades Freed (Fifty Shades, #3)",4725841,3.83,919511,28566,579,English,2013,17252,"When unworldly student Anastasia Steele first encountered the driven and dazzling young entrepreneur Christian Grey it sparked a sensual affair that changed both of their lives irrevocably. Shocked, intrigued, and, ultimately, repelled by Christian’s singular erotic tastes, Ana demands a deeper commitment. Determined to keep her, Christian agrees. Now, Ana and Christian have it all—love, passion, intimacy, wealth, and a world of possibilities for their future. But Ana knows that loving her Fifty Shades will not be easy, and that being together will pose challenges that neither of them would anticipate. Ana must somehow learn to share Christian’s opulent lifestyle without sacrificing her own identity. And Christian must overcome his compulsion to control as he wrestles with the demons of a tormented past. Just when it seems that their strength together will eclipse any obstacle, misfortune, malice, and fate conspire to make Ana’s deepest fears turn to reality. This book is intended for mature audiences."
60748,"A Child Called &quot;It&quot; (Dave Pelzer, #1)",1881,4.14,464019,20497,184,English,1995,6892,"Also see: Alternate Cover Editions for this ISBN [ACE] ACE #1 This book chronicles the unforgettable account of one of the most severe child abuse cases in California history. It is the story of Dave Pelzer, who was brutally beaten and starved by his emotionally unstable, alcoholic mother: a mother who played tortuous, unpredictable games—games that left him nearly dead. He had to learn how to play his mother's games in order to survive because she no longer considered him a son, but a slave; and no longer a boy, but an ""it."" Dave's bed was an old army cot in the basement, and his clothes were torn and raunchy. When his mother allowed him the luxury of food, it was nothing more than spoiled scraps that even the dogs refused to eat. The outside world knew nothing of his living nightmare. He had nothing or no one to turn to, but his dreams kept him alive—dreams of someone taking care of him, loving him and calling him their son."
11590,’Salem’s Lot,3389,4.1,671565,28581,483,English,1991,21695,"Librarian's Note: Alternate-cover edition for ISBN 0450031063 Thousands of miles away from the small township of 'Salem's Lot, two terrified people, a man and a boy, still share the secrets of those clapboard houses and tree-lined streets. They must return to 'Salem's Lot for a final confrontation with the unspeakable evil that lives on in the town."
5826,Bel Canto,7136914,3.94,328713,23644,318,English,2023,13133,"Somewhere in South America, at the home of the country's vice president, a lavish birthday party is being held in honor of the powerful businessman Mr. Hosokawa. Roxane Coss, opera's most revered soprano, has mesmerized the international guests with her singing. It is a perfect evening—until a band of gun-wielding terrorists takes the entire party hostage. But what begins as a panicked, life-threatening scenario slowly evolves into something quite different, a moment of great beauty, as terrorists and hostages forge unexpected bonds and people from different continents become compatriots, intimate friends, and lovers."
15645,Inferno,5031312,4.03,209454,10371,490,English,2022,17265,"Professor Esolen's translation of Dante's Inferno is the best one I have seen, for two reasons. His decision to use unrhymed blank verse allows him to come nearly as close to the meaning of the original as any prose reading could do, and allows him also to avoid the harrowing sacrifices that the demand for rhyme imposes on any translator. And his endnotes and other additions provoke answers to almost any question that could arise about the work."" —A. Kent Hieatt A groundbreaking bilingual edition of Dante's masterpiece that includes a substantive Introduction, extensive notes, and appendixes that reproduce Dante's key sources and influences. Of the great poets, Dante is one of the most elusive and therefore one of the most difficult to adequately render into English verse. With this major new translation, Anthony Esolen has succeeded brilliantly in marrying sense with sound, poetry with meaning, capturing both the poem's line-by-line vigor and its allegorically and philosophically exacting structure, yielding an Inferno that will be as popular with general readers as with scholars, teachers, and students. For, as Dante insists, without a trace of sentimentality or intellectual compromise, even Hell is a work of divine art. Esolen's edition also provides a critical ntroduction and endnotes, with appendices containing Dante's most important sources—from Virgil to Saint Thomas Aquinas and beyond —that deftly illuminate the religious universe the poet inhabited. Verse Translation by Anthony Esolen Illustrations by Gustave Doré"
51496,Dr. Jekyll and Mr. Hyde,854076,3.83,679855,30584,139,English,2003,15888,"Robert Louis Stevenson's masterpiece of the duality of good and evil in man's nature sprang from the darkest recesses of his own unconscious—during a nightmare from which his wife awakened him, alerted by his screams. More than a hundred years later, this tale of the mild-mannered Dr. Jekyll and the drug that unleashes his evil, inner persona—the loathsome, twisted Mr. Hyde—has lost none of its ability to shock. Its realistic police-style narrative chillingly relates Jekyll's desperation as Hyde gains control of his soul—and gives voice to our own fears of the violence and evil within us. Written before Freud's naming of the ego and the id, Stevenson's enduring classic demonstrates a remarkable understanding of the personality's inner conflicts—and remains the irresistibly terrifying stuff of our worst nightmares."
50623864,The Invisible Life of Addie LaRue,7168230,4.16,1567030,198334,448,English,2020,134024,"A Life No One Will Remember. A Story You Will Never Forget. France, 1714: in a moment of desperation, a young woman makes a Faustian bargain to live forever―and is cursed to be forgotten by everyone she meets. Thus begins the extraordinary life of Addie LaRue, and a dazzling adventure that will play out across centuries and continents, across history and art, as a young woman learns how far she will go to leave her mark on the world. But everything changes when, after nearly 300 years, Addie stumbles across a young man in a hidden bookstore and he remembers her name."
7588,A Portrait of the Artist as a Young Man,5144,3.64,166188,9572,329,English,2003,8667,"The portrayal of Stephen Dedalus's Dublin childhood and youth, his quest for identity through art and his gradual emancipation from the claims of family, religion and Ireland itself, is also an oblique self-portrait of the young James Joyce and a universal testament to the artist's 'eternal imagination'. Both an insight into Joyce's life and childhood, and a unique work of modernist fiction, A Portrait of the Artist as a Young Man is a novel of sexual awakening, religious rebellion and the essential search for voice and meaning that every nascent artist must face in order to blossom fully into themselves."
49628,Cloud Atlas,6538289,4.01,271548,24166,509,English,2004,17784,"A postmodern visionary who is also a master of styles of genres, David Mitchell combines flat-out adventure, a Nabokovian lore of puzzles, a keen eye for character, and a taste for mind-bending philosophical and scientific speculation in the tradition of Umberto Eco, Haruki Murakami, and Philip K. Dick. The result is brilliantly original fiction as profund as it is playful. Now in his new novel, David Mitchell explores with daring artistry fundamental questions of reality and identity. Cloud Atlas begins in 1850 with Adam Ewing, an American notary voyaging from the Chatham Isles to his home in California. Along the way, Ewing is befriended by a physician, Dr. Goose, who begins to treat him for a rare species of brain parasite. . . . Abruptly, the action jumps to Belgium in 1931, where Robert Frobisher, a disinherited bisexual composer, contrives his way into the household of an infirm maestro who has a beguiling wife and a nubile daughter. . . . From there we jump to the West Coast in the 1970s and a troubled reporter named Luisa Rey, who stumbles upon a web of corporate greed and murder that threatens to claim her life. . . . And onward, with dazzling virtuosity, to an inglorious present-day England; to a Korean superstate of the near future where neocapitalism has run amok; and, finally, to a postapocalyptic Iron Age Hawaii in the last days of history. But the story doesn't end even there. The narrative then boomerangs back through centuries and space, returning by the same route, in reverse, to its starting point. Along the way, Mitchell reveals how his disparate characters connect, how their fates intertwine, and how their souls drift across time like clouds across the sky. As wild as a videogame, as mysterious as a Zen koan, Cloud Atlas is an unforgettable tour de force that, like its incomparable author, has transcended its cult classic status to become a worldwide phenomenon."
391729,The Tell-Tale Heart and Other Writings,4624490,4.19,245103,1868,448,English,1983,7002,"Edgar Allan Poe remains the unsurpassed master of works of mystery and madness in this outstanding collection of Poe's prose and poetry are sixteen of his finest tales, including: -The Tell-Tale Heart -The Black Cat -The Cask of Amontillado -The Fall of the House of Usher -The Masque of the Red Death -The Facts in the Case of M. Valdemar -Ligeia -The Murders in the Rue Morgue -The Purloined Letter -A Descent into the Maelstrom -The Pit and the Pendulum -Ms. Found in a Bottle -The Premature Burial -William Wilson -Eleonara -Silence-A Fable -The Narrative of Arthur Gordon Pym Here too is a major selection of what Poe characterized as the passion of his life, his poems: -Stanzas -Romance -To Helen -Israfel -The City in the Sea -The Sleeper -The Valley of Unrest -Lenore -The Raven -A Valentine -Ulanume-A Ballad -For Annie -Annabel Lee -The Bells -Alone"
77013,As I Lay Dying,3535,3.72,190175,13785,270,English,1991,8892,"As I Lay Dying is Faulkner’s harrowing account of the Bundren family’s odyssey across the Mississippi countryside to bury Addie, their wife and mother. Narrated in turn by each of the family members -- including Addie herself -- as well as others; the novel ranges in mood, from dark comedy to the deepest pathos. Considered one of the most influential novels in American fiction in structure, style, and drama, As I Lay Dying is a true 20th-century classic. This edition reproduces the corrected text of As I Lay Dying as established in 1985 by Noel Polk."
30597,The Hunchback of Notre-Dame,13661,4.02,221843,9663,510,English,2001,13347,"This extraordinary historical French gothic novel, set in Medieval Paris under the twin towers of its greatest structure and supreme symbol, the cathedral of Notre-Dame, is the haunting drama of Quasimodo, the disabled bell-ringer of Notre-Dame, as he struggles to stand up to his ableist guardian Claude Frollo, who also wants to commit genocide against Paris' Romani population. The novel has been described as a key text in French literature[1] and has been adapted for film over a dozen times, in addition to numerous television and stage adaptations, such as a 1923 silent film with Lon Chaney, a 1939 sound film with Charles Laughton, and a 1996 Disney animated film with Tom Hulce (both as Quasimodo). The novel sought to preserve values of French culture in a time period of great change, which resulted in the destruction of many French Gothic structures. The novel made Notre-Dame de Paris a national icon and served as a catalyst for renewed interest in the restoration of Gothic form."
45032,Mansfield Park,1265,3.86,384519,18913,488,English,2003,15428,"Taken from the poverty of her parents' home in Portsmouth, Fanny Price is brought up with her rich cousins at Mansfield Park, acutely aware of her humble rank and with her cousin Edmund as her sole ally. During her uncle's absence in Antigua, the Crawford's arrive in the neighbourhood bringing with them the glamour of London life and a reckless taste for flirtation. Mansfield Park is considered Jane Austen's first mature work and, with its quiet heroine and subtle examination of social position and moral integrity, one of her most profound."
67896,Tao Te Ching,2622245,4.29,185278,9890,107,English,1989,39376,"A lucid translation of the well-known Taoist classic by a leading scholar-now in a Shambhala Pocket Library edition. Written more than two thousand years ago, the Tao Teh Ching, or -The Classic of the Way and Its Virtue, - is one of the true classics of the world of spiritual literature. Traditionally attributed to the legendary -Old Master, - Lao Tzu, the Tao Teh Ching teaches that the qualities of the enlightened sage or ideal ruler are identical with those of the perfected individual. Today, Lao Tzu's words are as useful in mastering the arts of leadership in business and politics as they are in developing a sense of balance and harmony in everyday life. To follow the Tao or Way of all things and realize their true nature is to embody humility, spontaneity, and generosity. John C. H. Wu has done a remarkable job of rendering this subtle text into English while retaining the freshness and depth of the original. A jurist and scholar, Dr. Wu was a recognized authority on Taoism and the translator of several Taoist and Zen texts and of Chinese poetry. This book is part of the Shambhala Pocket Library series. The Shambhala Pocket Library is a collection of short, portable teachings from notable figures across religious traditions and classic texts. The covers in this series are rendered by Colorado artist Robert Spellman. The books in this collection distill the wisdom and heart of the work Shambhala Publications has published over 50 years into a compact format that is collectible, reader-friendly, and applicable to everyday life."
10920,Cold Mountain,7130,3.89,251189,7232,449,English,2006,3623,"Cold Mountain is a novel about a soldier’s perilous journey back to his beloved near the Civil War's end. At once a love story & a harrowing account of one man’s long walk home, Cold Mountain introduces a new talent in American literature. Based on local history & family stories passed down by Frazier’s great-great-grandfather, Cold Mountain is the tale of a wounded Confederate soldier, Inman, who walks away from the ravages of the war & back home to his prewar sweetheart, Ada. His odyssey thru the devastated landscape of the soon-to-be-defeated South interweaves with Ada’s struggle to revive her father’s farm, with the help of an intrepid young drifter named Ruby. As their long-separated lives begin to converge at the close of the war, Inman & Ada confront the vastly transformed world they’ve been delivered. Frazier reveals insight into human relations with the land & the dangers of solitude. He also shares with the great 19th century novelists a keen observation of a society undergoing change. Cold Mountain recreates a world gone by that speaks to our time."
22328546,"Red Queen (Red Queen, #1)",7074943,3.98,1194235,81167,388,English,2015,37598,"This is a world divided by blood—red or silver. The Reds are commoners, ruled by a Silver elite in possession of god-like superpowers. And to Mare Barrow, a seventeen-year-old Red girl from the poverty-stricken Stilts, it seems like nothing will ever change. That is until she finds herself working in the Silver Palace. Here, surrounded by the people she hates the most, Mare discovers that, despite her red blood, she possesses a deadly power of her own. One that threatens to destroy the balance of power. Fearful of Mare's potential, the Silvers hide her in plain view, declaring her a long-lost Silver princess, now engaged to a Silver prince. Despite knowing that one misstep would mean her death, Mare works silently to help the Red Guard, a militant resistance group, and bring down the Silver regime. But this is a world of betrayal and lies, and Mare has entered a dangerous dance—Reds against Silvers, prince against prince, and Mare against her own heart."
646462,القرآن الكريم,20650942,4.38,73327,4143,604,Arabic,,20725,"The Quran (English pronunciation: /kɔrˈɑːn/; Arabic: القرآن‎ al-qurʾān, IPA: [qurˈʔaːn], literally meaning ""the recitation""), also transliterated Qur'an, Koran, Al-Coran, Coran, Kur'an, and Al-Qur'an, is the central religious text of Islam, which Muslims believe to be the verbatim word of God (Arabic: الله‎, Allah). The Quran is composed of verses (Ayat) that make up 114 chapters (suras) of unequal length which are classified either as Meccan (المكية) or Medinan (المدنية) depending upon the place and time of their claimed revelation. Muslims believe the Quran to be verbally revealed through the angel Jibrīl (Gabriel) from God to Muhammad gradually over a period of approximately 23 years beginning on 22 December 609 CE, when Muhammad was 40, and concluding in 632 CE, the year of his death. Muslims regard the Quran as the main miracle of Muhammad, the proof of his prophethood and the culmination of a series of divine messages that started with the messages revealed to Adam, regarded in Islam as the first prophet, and continued with Suhuf Ibrahim (Scrolls of Abraham), the Tawrat (Torah or Pentateuch) of Moses, the Zabur (Tehillim or Book of Psalms) of David, and the Injil (Gospel) of Jesus. The Quran assumes familiarity with major narratives recounted in Jewish and Christian scriptures, summarizing some, dwelling at length on others and in some cases presenting alternative accounts and interpretations of events. The Quran describes itself as a book of guidance, sometimes offering detailed accounts of specific historical events, and often emphasizing the moral significance of an event over its narrative sequence."
46799,Go Ask Alice,69007,3.73,294157,14910,213,English,2006,4521,"It started when she was served a soft drink laced with LSD in a dangerous party game. Within months, she was hooked, trapped in a downward spiral that took her from her comfortable home and loving family to the mean streets of an unforgiving city. It was a journey that would rob her of her innocence, her youth -- and ultimately her life. Read her diary. Enter her world. You will never forget her."
45978,"Eldest (The Inheritance Cycle, #2)",8349,4.05,498115,13880,704,English,2007,12140,"Darkness falls…despair abounds…evil reigns…Eragon and his dragon, Saphira, have just saved the rebel state from destruction by the mighty forces of King Galbatorix, cruel ruler of the Empire. Now Eragon must travel to Ellesmera, land of the elves, for further training in the skills of the Dragon Rider. Ages 12+. Darkness falls…despair abounds…evil reigns… Eragon and his dragon, Saphira, have just saved the rebel state from destruction by the mighty forces of King Galbatorix, cruel ruler of the Empire. Now Eragon must travel to Ellesmera, land of the elves, for further training in the skills of the Dragon Rider: magic and swordsmanship. Soon he is on the journey of a lifetime, his eyes open to awe-inspring new places and people, his days filled with fresh adventure. But chaos and betrayal plague him at every turn, and nothing is what it seems. Before long, Eragon doesn't know whom he can trust. Meanwhile, his cousin Roran must fight a new battle–one that might put Eragon in even graver danger. Will the king's dark hand strangle all resistance? Eragon may not escape with even his life. . . ."
5148,A Separate Peace,3496,3.6,234155,11145,208,English,2003,3857,"An American classic and great bestseller for over thirty years, A Separate Peace is timeless in its description of adolescence during a period when the entire country was losing its innocence to the second world war. Set at a boys boarding school in New England during the early years of World War II, A Separate Peace is a harrowing and luminous parable of the dark side of adolescence. Gene is a lonely, introverted intellectual. Phineas is a handsome, taunting, daredevil athlete. What happens between the two friends one summer, like the war itself, banishes the innocence of these boys and their world. A bestseller for more than thirty years, A Separate Peace is John Knowles crowning achievement and an undisputed American classic."
394535,"Blood Meridian, or, the Evening Redness in the West",4178,4.15,231287,25995,351,English,2010,32722,"Blood Meridian, chronicles the brutal world of the Texas-Mexico borderlands in the mid-nineteenth century. Its wounded hero, the teenage Kid, must confront the extraordinary violence of the Glanton gang, a murderous cadre on an official mission to scalp Indians and sell those scalps. Loosely based on fact, the novel represents a vision of the historical West."
76778,The Martian Chronicles,1630,4.16,289481,13523,182,English,1984,7485,"The strange and wonderful tale of man’s experiences on Mars, filled with intense images and astonishing visions. Now part of the Voyager Classics collection. The Martian Chronicles tells the story of humanity’s repeated attempts to colonize the red planet. The first men were few. Most succumbed to a disease they called the Great Loneliness when they saw their home planet dwindle to the size of a fist. They felt they had never been born. Those few that survived found no welcome on Mars. The shape-changing Martians thought they were native lunatics and duly locked them up. But more rockets arrived from Earth, and more, piercing the hallucinations projected by the Martians. People brought their old prejudices with them – and their desires and fantasies, tainted dreams. These were soon inhabited by the strange native beings, with their caged flowers and birds of flame. Contents: Rocket Summer Ylla The Summer Night The Earth Men The Taxpayer The Third Expedition -And the Moon Be Still As Bright The Settlers The Green Morning The Locusts Night Meeting The Shore Interim The Musicians Way in the Middle of the Air The Naming of Names Usher II The Old Ones The Martian The Luggage Store The Off Season The Watchers The Silent Towns The Long Years There Will Come Soft Rains The Million Year Picnic"
2248573,"Brisingr (The Inheritance Cycle, #3)",8349,4.11,420824,12310,748,English,2008,9467,"Під час битви з Імперією на Палаючій рівнині Ерагон та його дракон Сапфіра ледь не загинули. Вершник готовий завдати удар у відповідь, але на заваді стоять його обіцянки. Найперше — це обіцянка своєму братові Рорану визволити його кохану Катріну з полону короля Гальбаторікса. Але не тільки це. Ерагон дав клятву вірності і варденам, і ельфам, і гномам. Тож коли небезпека чатує на повстанців з усіх боків, Вершник має зробити свій вибір, що стане його справжнім випробовуванням."
16631,Steppenwolf,1113469,4.13,220401,11405,256,English,1999,12941,"Steppenwolf is a poetical self-portrait of a man who felt himself to be half-human and half-wolf. This Faust-like and magical story is evidence of Hesse's searching philosophy and extraordinary sense of humanity as he tells of the humanization of a middle-aged misanthrope. Yet his novel can also be seen as a plea for rigorous self-examination and an indictment of the intellectual hypocrisy of the period. As Hesse himself remarked, ""Of all my books Steppenwolf is the one that was more often and more violently misunderstood than any of the others""."
6319,The BFG,4273,4.23,533636,13695,199,English,2001,7979,"Captured by a giant! The BFG is no ordinary bone-crunching giant. He is far too nice and jumbly. It's lucky for Sophie that he is. Had she been carried off in the middle of the night by the Bloodbottler, the Fleshlumpeater, the Bonecruncher, or any of the other giants-rather than the BFG-she would have soon become breakfast. When Sophie hears that they are flush-bunking off in England to swollomp a few nice little chiddlers, she decides she must stop them once and for all. And the BFG is going to help her!"
28921,The Remains of the Day,4280,4.14,371355,32309,258,English,2005,18264,"Librarian's note: See alternate cover edition of ISBN 0571225381 here. In the summer of 1956, Stevens, a long-serving butler at Darlington Hall, decides to take a motoring trip through the West Country. The six-day excursion becomes a journey into the past of Stevens and England, a past that takes in fascism, two world wars, and an unrealised love between the butler and his housekeeper."
42899,"Dark Lover (Black Dagger Brotherhood, #1)",20248,4.15,357148,17293,393,English,2005,11162,"The only purebred vampire left on the planet and the leader of the Black Dagger Brotherhood, Wrath has a score to settle with the slayers who killed his parents centuries ago. But when his most trusted fighter is killed -- orphaning a half-breed daughter unaware of her heritage or her fate -- Wrath must put down his dagger and usher the beautiful female into another world. Racked by a restlessness in her body that wasn’t there before, Beth Randall is helpless against the dangerously sexy man who comes to her at night with shadows in his eyes. His tales of the Brotherhood and blood frighten her. Yet his touch ignites a dawning new hunger one that threatens to consume them both…"
6304335,"Beautiful Creatures (Caster Chronicles, #1)",2895706,3.78,623608,23616,563,English,2009,11333,"Lena Duchannes is unlike anyone the small Southern town of Gatlin has ever seen, and she's struggling to conceal her power, and a curse that has haunted her family for generations. But even within the overgrown gardens, murky swamps and crumbling graveyards of the forgotten South, a secret cannot stay hidden forever. Ethan Wate, who has been counting the months until he can escape from Gatlin, is haunted by dreams of a beautiful girl he has never met. When Lena moves into the town's oldest and most infamous plantation, Ethan is inexplicably drawn to her and determined to uncover the connection between them. In a town with no surprises, one secret could change everything."
2932,Robinson Crusoe,2007,3.68,334771,11825,320,English,2001,13416,"Daniel Defoe relates the tale of an English sailor marooned on a desert island for nearly three decades. An ordinary man struggling to survive in extraordinary circumstances, Robinson Crusoe wrestles with fate and the nature of God. This edition features maps."
12578077,"Obsidian (Lux, #1)",4476934,4.13,297894,22037,335,English,2011,4645,"Starting over sucks. When we moved to West Virginia right before my senior year, I’d pretty much resigned myself to thick accents, dodgy internet access, and a whole lot of boring… until I spotted my hot neighbor, with his looming height and eerie green eyes. Things were looking up. And then he opened his mouth. Daemon is infuriating. Arrogant. Stab-worthy. We do not get along. At all. But when a stranger attacks me and Daemon literally freezes time with a wave of his hand, well, something… unexpected happens. The hot alien living next door marks me. You heard me. Alien. Turns out Daemon and his sister have a galaxy of enemies wanting to steal their abilities, and Daemon’s touch has me lit up like the Vegas Strip. The only way I’m getting out of this alive is by sticking close to Daemon until my alien mojo fades. If I don’t kill him first, that is."
9460487,"Miss Peregrine's Home for Peculiar Children (Miss Peregrine's Peculiar Children, #1)",3046613,3.92,1368183,69195,352,English,2011,28596,"Alternate Cover edition for ISBN 9781594744761 A mysterious island. An abandoned orphanage. A strange collection of very curious photographs. It all waits to be discovered in Miss Peregrine's Home for Peculiar Children, an unforgettable novel that mixes fiction and photography in a thrilling reading experience. As our story opens, a horrific family tragedy sets sixteen-year-old Jacob journeying to a remote island off the coast of Wales, where he discovers the crumbling ruins of Miss Peregrine's Home for Peculiar Children. As Jacob explores its abandoned bedrooms and hallways, it becomes clear that the children were more than just peculiar. They may have been dangerous. They may have been quarantined on a deserted island for good reason. And somehow-impossible though it seems-they may still be alive. A spine-tingling fantasy illustrated with haunting vintage photography, Miss Peregrine's Home for Peculiar Children will delight adults, teens, and anyone who relishes an adventure in the shadows."
22232,"Stargirl (Stargirl, #1)",12696,3.77,337595,17626,186,English,2002,3909,"A celebration of nonconformity; a tense, emotional tale about the fleeting, cruel nature of popularity--and the thrill and inspiration of first love. Ages 12+ Leo Borlock follows the unspoken rule at Mica Area High School: don't stand out--under any circumstances! Then Stargirl arrives at Mica High and everything changes--for Leo and for the entire school. After 15 years of home schooling, Stargirl bursts into tenth grade in an explosion of color and a clatter of ukulele music, enchanting the Mica student body. But the delicate scales of popularity suddenly shift, and Stargirl is shunned for everything that makes her different. Somewhere in the midst of Stargirl's arrival and rise and fall, normal Leo Borlock has tumbled into love with her. In a celebration of nonconformity, Jerry Spinelli weaves a tense, emotional tale about the fleeting, cruel nature of popularity--and the thrill and inspiration of first love."
17061,Coraline,1221698,4.13,792363,45063,208,English,2006,12790,"The day after they moved in, Coraline went exploring.... In Coraline's family's new flat are twenty-one windows and fourteen doors. Thirteen of the doors open and close. The fourteenth is locked, and on the other side is only a brick wall, until the day Coraline unlocks the door to find a passage to another flat in another house just like her own. Only it's different. At first, things seem marvelous in the other flat. The food is better. The toy box is filled with wind-up angels that flutter around the bedroom, books whose pictures writhe and crawl and shimmer, little dinosaur skulls that chatter their teeth. But there's another mother, and another father, and they want Coraline to stay with them and be their little girl. They want to change her and never let her go. Other children are trapped there as well, lost souls behind the mirrors. Coraline is their only hope of rescue. She will have to fight with all her wits and all the tools she can find if she is to save the lost children, her ordinary life, and herself. Critically acclaimed and award-winning author Neil Gaiman will delight readers with his first novel for all ages."
8755785,"City of Heavenly Fire (The Mortal Instruments, #6)",150038,4.38,419760,30355,725,English,2014,9723,"In this dazzling and long-awaited conclusion to the acclaimed Mortal Instruments series, Clary and her friends fight the greatest evil they have ever faced: Clary's own brother. Sebastian Morgenstern is on the move, systematically turning Shadowhunter against Shadowhunter. Bearing the Infernal Cup, he transforms Shadowhunters into creatures out of nightmare, tearing apart families and lovers as the ranks of his Endarkened army swell. The embattled Shadowhunters withdraw to Idris - but not even the famed demon towers of Alicante can keep Sebastian at bay. And with the Nephilim trapped in Idris, who will guard the world against demons? When one of the greatest betrayals the Nephilim have ever known is revealed, Clary, Jace, Isabelle, Simon, and Alec must flee - even if their journey takes them deep into the demon realms, where no Shadowhunter has set foot before, and from which no human being has ever returned... Love will be sacrificed and lives lost in the terrible battle for the fate of the word in the thrilling final installment of the classic urban fantasy series The Mortal Instruments!"
3985,The Amazing Adventures of Kavalier &amp; Clay,2715,4.19,214663,13356,639,English,2001,10738,"WINNER OF THE PULITZER PRIZE • NEW YORK TIMES BESTSELLER • The epic, beloved novel of two boy geniuses dreaming up superheroes in New York’s Golden Age of comics, now with special bonus material by the author “It's absolutely gosh-wow, super-colossal—smart, funny, and a continual pleasure to read.”—The Washington Post Book World One of The New York Times’s 100 Best Books of the 21st Century • One of Entertainment Weekly’s 10 Best Books of the Decade • Finalist for the PEN/Faulkner Award, National Book Critics Circle Award, and Los Angeles Times Book Prize • A Kirkus Reviews Best Fiction Book of the Century A “towering, swash-buckling thrill of a book” (Newsweek), hailed as Chabon’s “magnum opus” (The New York Review of Books), The Amazing Adventures of Kavalier & Clay is a triumph of originality, imagination, and storytelling, an exuberant, irresistible novel that begins in New York City in 1939. A young escape artist and budding magician named Joe Kavalier arrives on the doorstep of his cousin, Sammy Clay. While the long shadow of Hitler falls across Europe, America is happily in thrall to the Golden Age of comic books, and in a distant corner of Brooklyn, Sammy is looking for a way to cash in on the craze. He finds the ideal partner in the aloof, artistically gifted Joe, and together they embark on an adventure that takes them deep into the heart of Manhattan, and the heart of old-fashioned American ambition. From the shared fears, dreams, and desires of two teenage boys, they spin comic book tales of the heroic, fascist-fighting Escapist and the beautiful, mysterious Luna Moth, otherworldly mistress of the night. Climbing from the streets of Brooklyn to the top of the Empire State Building, Joe and Sammy carve out lives, and careers, as vivid as cyan and magenta ink. Spanning continents and eras, this superb book by one of America’s finest writers remains one of the defining novels of our modern American age."
21853621,The Nightingale,54493,4.65,2239098,193579,564,English,2015,134547,"In love we find out who we want to be. In war we find out who we are. France, 1939 In the quiet village of Carriveau, Vianne Mauriac says goodbye to her husband, Antoine, as he heads for the Front. She doesn't believe that the Nazis will invade France…but invade they do, in droves of marching soldiers, in caravans of trucks and tanks, in planes that fill the skies and drop bombs upon the innocent. When a German captain requisitions Vianne's home, she and her daughter must live with the enemy or lose everything. Without food or money or hope, as danger escalates all around them, she is forced to make one impossible choice after another to keep her family alive. Vianne's sister, Isabelle, is a rebellious eighteen-year-old, searching for purpose with all the reckless passion of youth. While thousands of Parisians march into the unknown terrors of war, she meets Gäetan, a partisan who believes the French can fight the Nazis from within France, and she falls in love as only the young can…completely. But when he betrays her, Isabelle joins the Resistance and never looks back, risking her life time and again to save others. With courage, grace, and powerful insight, bestselling author Kristin Hannah captures the epic panorama of World War II and illuminates an intimate part of history seldom seen: the women's war. The Nightingale tells the stories of two sisters, separated by years and experience, by ideals, passion and circumstance, each embarking on her own dangerous path toward survival, love, and freedom in German-occupied, war-torn France―a heartbreakingly beautiful novel that celebrates the resilience of the human spirit and the durability of women. It is a novel for everyone, a novel for a lifetime."
17167166,"Crown of Midnight (Throne of Glass, #2)",3433047,4.36,1866674,141360,420,English,2013,69661,"""A line that should never be crossed is about to be breached. It puts this entire castle in jeopardy—and the life of your friend."" From the throne of glass rules a king with a fist of iron and a soul as black as pitch. Assassin Celaena Sardothien won a brutal contest to become his Champion. Yet Celaena is far from loyal to the crown. She hides her secret vigilantly; she knows that the man she serves is bent on evil. Keeping up the deadly charade becomes increasingly difficult when Celaena realizes she is not the only one seeking justice. As she tries to untangle the mysteries buried deep within the glass castle, her closest relationships suffer. It seems no one is above questioning her allegiances—not the Crown Prince Dorian; not Chaol, the Captain of the Guard; not even her best friend, Nehemia, a foreign princess with a rebel heart. Then one terrible night, the secrets they have all been keeping lead to an unspeakable tragedy. As Celaena's world shatters, she will be forced to give up the very thing most precious to her and decide once and for all where her true loyalties lie... and whom she is ultimately willing to fight for."
18122,"The Amber Spyglass (His Dark Materials, #3)",3618,4.11,387351,14882,465,English,2003,7654,"Will is the bearer of the knife. Now, accompanied by angels, his task is to deliver that powerful, dangerous weapon to Lord Asriel - by the command of his dying father. But how can he go looking for Lord Asriel when Lyra is gone? Only with her help can he fathom the myriad plots and intrigues that beset him. The two great powers of the many worlds are lining up for war, and Will must find Lyra, for together they are on their way to battle, an inevitable journey that will even take them to the world of the dead..."
130440,Doctor Zhivago,7902,4.01,104246,5222,592,English,1997,7494,"This epic tale about the effects of the Russian Revolution and its aftermath on a bourgeois family was not published in the Soviet Union until 1987. One of the results of its publication in the West was Pasternak's complete rejection by Soviet authorities; when he was awarded the Nobel Prize for Literature in 1958 he was compelled to decline it. The book quickly became an international best-seller. Dr. Yury Zhivago, Pasternak's alter ego, is a poet, philosopher, and physician whose life is disrupted by the war and by his love for Lara, the wife of a revolutionary. His artistic nature makes him vulnerable to the brutality and harshness of the Bolsheviks. The poems he writes constitute some of the most beautiful writing featured in the novel."
5526,Dear John,2345,4.04,620807,13704,276,English,2006,4898,"An angry rebel, John dropped out of school and enlisted in the Army, not knowing what else to do with his life--until he meets the girl of his dreams, Savannah. Their mutual attraction quickly grows into the kind of love that leaves Savannah waiting for John to finish his tour of duty, and John wanting to settle down with the woman who has captured his heart. But 9/11 changes everything. John feels it is his duty to re-enlist. And sadly, the long separation finds Savannah falling in love with someone else. Dear John, the letter read... and with those two words, a heart was broken and two lives were changed forever. Returning home, John must come to grips with the fact that Savannah, now married, is still his true love—and face the hardest decision of his life."
11989,The Plague,957894,4.02,322733,20771,308,English,1991,26820,"The Plague is a novel by Albert Camus, published in 1947. It tells the story from the point of view of a narrator of a plague sweeping the French Algerian city of Oran. The narrator remains unknown until the start of the last chapter, chapter 5 of part 5. The novel presents a snapshot of life in Oran as seen through the author's distinctive absurdist point of view. The book tells a gripping tale of human unrelieved horror, of survival and resilience, and of the ways in which humankind confronts death, The Plague is at once a masterfully crafted novel, eloquently understated and epic in scope, and a parable of ageless moral resonance, profoundly relevant to our times. In Oran, a coastal town in North Africa, the plague begins as a series of portents, unheeded by the people. It gradually becomes an omnipresent reality, obliterating all traces of the past and driving its victims to almost unearthly extremes of suffering, madness, and compassion. The Plague is considered an existentialist classic despite Camus' objection to the label. The novel stresses the powerlessness of the individual characters to affect their destinies. The narrative tone is similar to Kafka's, especially in The Trial, whose individual sentences potentially have multiple meanings; the material often pointedly resonating as stark allegory of phenomenal consciousness and the human condition."
40937505,زندگی مه آلود پریا,18235662,3.34,1035,125,204,Persian,2015,17,Mystical story The internal revolution of a woman and the fight against her past در مورد زنی موفق و کاریزماتیک که مدیریت مهمانسرای بزرگ سنتی را عهده دار است مهمانسرای که در جذب مهمانهای ایرانی و خارجی رتبه اول را داراست پریا گرچه از استعداد و نبوغ بالایی برخوردار است بطوری که دیگران به موفقیت او رشک می بندند اما در گذشته اشتباهی بزرگی را مرتکب شده که جرات ابراز آن را به دیگران و نزدیکان خود ندارد در روند قصه کم کم گذشته او مانند کابوسی بر روح نا آرامش فرو آمده و به شدت آزارش می دهد و با مبتلا شدن به بیماری؛ عذاب وجدان او تشدید شده و; برای عبور از این بحران; با مشکلات فراوانی مواجه می شود
629,"Zen and the Art of Motorcycle Maintenance: An Inquiry Into Values (Phaedrus, #1)",401,3.78,247857,12130,540,English,2006,22748,"Robert M. Pirsig's Zen & the Art of Motorcycle Maintenance is an examination of how we live, a meditation on how to live better set around the narration of a summer motorcycle trip across America's Northwest, undertaken by a father & his young son."
18006496,"Queen of Shadows (Throne of Glass, #4)",3433047,4.62,1491173,109688,648,English,2015,61552,"Everyone Celaena Sardothien loves has been taken from her. But she’s at last returned to the empire—for vengeance, to rescue her once-glorious kingdom, and to confront the shadows of her past… She has embraced her identity as Aelin Galathynius, Queen of Terrasen. But before she can reclaim her throne, she must fight. She will fight for her cousin, a warrior prepared to die for her. She will fight for her friend, a young man trapped in an unspeakable prison. And she will fight for her people, enslaved to a brutal king and awaiting their lost queen’s triumphant return. The fourth volume in the New York Times bestselling series continues Celaena’s epic journey and builds to a passionate, agonizing crescendo that might just shatter her world."
18460392,All the Bright Places,45592,4.11,635992,55856,388,English,2015,19629,"The Fault in Our Stars meets Eleanor and Park in this exhilarating and heart-wrenching love story about a girl who learns to live from a boy who intends to die. Soon to be a major motion picture starring Elle Fanning! Theodore Finch is fascinated by death, and he constantly thinks of ways he might kill himself. But each time, something good, no matter how small, stops him. Violet Markey lives for the future, counting the days until graduation, when she can escape her Indiana town and her aching grief in the wake of her sister’s recent death. When Finch and Violet meet on the ledge of the bell tower at school, it’s unclear who saves whom. And when they pair up on a project to discover the “natural wonders” of their state, both Finch and Violet make more important discoveries: It’s only with Violet that Finch can be himself—a weird, funny, live-out-loud guy who’s not such a freak after all. And it’s only with Finch that Violet can forget to count away the days and start living them. But as Violet’s world grows, Finch’s begins to shrink. This is an intense, gripping novel perfect for fans of Jay Asher, Rainbow Rowell, John Green, Gayle Forman, and Jenny Downham from a talented new voice in YA, Jennifer Niven."
11713,The English Patient,4030,3.86,140553,6865,320,English,2006,4079,"With ravishing beauty and unsettling intelligence, Michael Ondaatje's Booker Prize-winning novel traces the intersection of four damaged lives in an Italian villa at the end of World War II. Hana, the exhausted nurse; the maimed thief, Caravaggio; the wary sapper, Kip: each is haunted by the riddle of the English patient, the nameless, burned man who lies in an upstairs room and whose memories of passion, betrayal,and rescue illuminates this book like flashes of heat lightening."
5358,"The Firm (Penguin Readers, Level 5)",69307569,4.07,639474,4136,76,English,2000,1260,"Mitch McDeere is young, intelligent and ambitious. When he gets a job with the law firm of Bendini, Lambert & Locke it seems to be the path to money and power. But soon Mitch finds that the firm is listening to all his phone calls, and the FBI want to speak to him. Money and power has a price - and it could be Mitch's life. Penguin Readers are simplified texts designed in association with Longman, the world famous educational publisher, to provide a step-by-step approach to the joys of reading for pleasure. The series includes original stories, contemporary titles based on today's best-selling media hits, and easily accessible versions of the literary classics published by Penguin around the world. Each book has an introduction and extensive activity material. They are published at seven levels from Easystarts (200 words) to Advanced (3000 words). Series Editors: Andy Hopkins and Jocelyn Potter"
14836,Midnight’s Children,3299,3.97,134610,9632,647,English,1995,14764,"An alternative cover edition for this ISBN can be found here. Saleem Sinai is born at the stroke of midnight on August 15, 1947, the very moment of India’s independence. Greeted by fireworks displays, cheering crowds, and Prime Minister Nehru himself, Saleem grows up to learn the ominous consequences of this coincidence. His every act is mirrored and magnified in events that sway the course of national affairs; his health and well-being are inextricably bound to those of his nation; his life is inseparable, at times indistinguishable, from the history of his country. Perhaps most remarkable are the telepathic powers linking him with India’s 1,000 other “midnight’s children,” all born in that initial hour and endowed with magical gifts. This novel is at once a fascinating family saga and an astonishing evocation of a vast land and its people–a brilliant incarnation of the universal human comedy. Twenty-five years after its publication, Midnight’ s Children stands apart as both an epochal work of fiction and a brilliant performance by one of the great literary voices of our time."
52439531,"The Inheritance Games (The Inheritance Games, #1)",164187,4.12,1113838,114604,386,English,2020,46953,"Avery Grambs has a plan for a better future: survive high school, win a scholarship, and get out. But her fortunes change in an instant when billionaire Tobias Hawthorne dies and leaves Avery virtually his entire fortune. The catch? Avery has no idea why -- or even who Tobias Hawthorne is. To receive her inheritance, Avery must move into sprawling, secret passage-filled Hawthorne House, where every room bears the old man's touch -- and his love of puzzles, riddles, and codes. Unfortunately for Avery, Hawthorne House is also occupied by the family that Tobias Hawthorne just dispossessed. This includes the four Hawthorne grandsons: dangerous, magnetic, brilliant boys who grew up with every expectation that one day, they would inherit billions. Heir apparent Grayson Hawthorne is convinced that Avery must be a conwoman, and he's determined to take her down. His brother, Jameson, views her as their grandfather's last hurrah: a twisted riddle, a puzzle to be solved. Caught in a world of wealth and privilege, with danger around every turn, Avery will have to play the game herself just to survive."
6400090,The Last Song,2345,4.16,574213,13980,390,English,2010,6664,"Alternate Cover Edition can be found here Seventeen-year-old Veronica 'Ronnie' Miller’s life was turned upside-down when her parents divorced and her father moved from New York City to Wilmington, North Carolina. Three years later, she remains angry and alienated from her parents, especially her father . . . until her mother decides it would be in everyone’s best interest if she spent the summer in Wilmington with him. Ronnie’s father, a former concert pianist and teacher, is living a quiet life in the beach town, immersed in creating a work of art that will become the centerpiece of a local church. The tale that unfolds is an unforgettable story about love in its myriad forms - first love, the love between parents and children - that demonstrates, as only a Nicholas Sparks novel can, the many ways that deeply felt relationships can break our hearts . . . and heal them."
6952,Like Water for Chocolate,4694,3.95,400391,18380,258,English,1993,5794,"Earthy, magical, and utterly charming, this tale of family life in turn-of-the-century Mexico became a best-selling phenomenon with its winning blend of poignant romance and bittersweet wit.The number one bestseller in Mexico and America for almost two years, and subsequently a bestseller around the world, Like Water For Chocolate is a romantic, poignant tale, touched with moments of magic, graphic earthiness, bittersweet wit - and recipes. A sumptuous feast of a novel, it relates the bizarre history of the all-female De La Garza family. Tita, the youngest daughter of the house, has been forbidden to marry, condemned by Mexican tradition to look after her mother until she dies. But Tita falls in love with Pedro, and he is seduced by the magical food she cooks. In desperation, Pedro marries her sister Rosaura so that he can stay close to her, so that Tita and Pedro are forced to circle each other in unconsummated passion. Only a freakish chain of tragedies, bad luck and fate finally reunite them against all the odds."
18635016,"The One (The Selection, #3)",2987125,4.14,788174,50644,323,English,2014,13447,"The time has come for one winner to be crowned. When she was chosen to compete in the Selection, America never dreamed she would find herself anywhere close to the crown—or to Prince Maxon's heart. But as the end of the competition approaches, and the threats outside the palace walls grow more vicious, America realizes just how much she stands to lose—and how hard she'll have to fight for the future she wants."
16143347,We Were Liars,173491,3.65,1436972,139162,320,English,2018,47646,"A beautiful and distinguished family. A private island. A brilliant, damaged girl; a passionate, political boy. A group of four friends—the Liars—whose friendship turns destructive. A revolution. An accident. A secret. Lies upon lies. True love. The truth. We Were Liars is a modern, sophisticated suspense novel from New York Times bestselling author, National Book Award finalist, and Printz Award honoree E. Lockhart. Read it. And if anyone asks you how it ends, just LIE."
5364,"Dragonfly in Amber (Outlander, #2)",3617,4.34,389506,19035,947,English,2001,30665,"An alternate cover edition can be found here. From the author of Outlander... a magnificent epic that once again sweeps us back in time to the drama and passion of 18th-century Scotland... For twenty years Claire Randall has kept her secrets. But now she is returning with her grown daughter to Scotland's majestic mist-shrouded hills. Here Claire plans to reveal a truth as stunning as the events that gave it birth: about the mystery of an ancient circle of standing stones ...about a love that transcends the boundaries of time ...and about James Fraser, a Scottish warrior whose gallantry once drew a young Claire from the security of her century to the dangers of his .... Now a legacy of blood and desire will test her beautiful copper-haired daughter, Brianna, as Claire's spellbinding journey of self-discovery continues in the intrigue-ridden Paris court of Charles Stuart ...in a race to thwart a doomed Highlands uprising ...and in a desperate fight to save both the child and the man she loves...."
12220,A Streetcar Named Desire,7751,3.98,338027,9596,107,English,1998,2092,"The Pulitzer Prize and Drama Critics Circle Award winning play—reissued with an introduction by Arthur Miller (Death of a Salesman and The Crucible), and Williams’ essay “The World I Live In.” It is a very short list of 20th-century American plays that continue to have the same power and impact as when they first appeared—57 years after its Broadway premiere, Tennessee Williams’ A Streetcar Named Desire is one of those plays. The story famously recounts how the faded and promiscuous Blanche DuBois is pushed over the edge by her sexy and brutal brother-in-law, Stanley Kowalski. Streetcar launched the careers of Marlon Brando, Jessica Tandy, Kim Hunter, and Karl Malden, and solidified the position of Tennessee Williams as one of the most important young playwrights of his generation, as well as that of Elia Kazan as the greatest American stage director of the ’40s and ’50s."
7791997,"Crescendo (Hush, Hush, #2)",2876763,3.97,339222,13502,427,English,2010,4349,"Nora Grey's life is still far from perfect. Surviving an attempt on her life wasn't pleasant, but at least she got a guardian angel out of it. A mysterious, magnetic, gorgeous guardian angel. But despite his role in her life, Patch has been acting anything but angelic. He's more elusive than ever (if that's possible) and what's worse, he seems to be spending time with Nora's archenemy, Marcie Millar. Nora would have hardly noticed Scott Parnell, an old family friend who has moved back to town, if Patch hadn't been acting so distant. Even with Scott's totally infuriating attitude, Nora finds herself drawn to him - despite her lingering feelings that he is hiding something. If that weren't enough, Nora is haunted by images of her murdered father, and comes to question whether her Nephilim bloodline has anything to do with his death. Desperate to figure out what happened, she puts herself in increasingly dangerous situations to get the answer. But maybe some things are better left buried, because the truth could destroy everything - and everyone - she trusts."
386187,Midnight in the Garden of Good and Evil,4952,3.92,299474,15016,386,English,1999,12494,"Shots rang out in Savannah's grandest mansion in the misty, early morning hours of May 2, 1981. Was it murder or self-defense? For nearly a decade, the shooting and its aftermath reverberated throughout this city of moss-hung oaks and shaded squares. John Berendt's narrative reads like a thoroughly engrossing novel, and yet it is a work of nonfiction. Berendt interweaves a first-person account of life in this isolated remnant of the Old South with the unpredictable twists and turns of a landmark murder case. The story is peopled by a gallery of remarkable characters: the well-bred society ladies of the Married Woman's Card Club; the turbulent young redneck gigolo; the hapless recluse who owns a bottle of poison so powerful it could kill every man, woman, and child in Savannah; the aging and profane Southern belle who is the ""soul of pampered self-absorption""; the uproarious black drag queen; the acerbic and arrogant antiques dealer; the sweet-talking, piano-playing con artist; young blacks dancing the minuet at the black debutante ball; and Minerva, the voodoo priestess who works her magic in the graveyard at midnight. These and other Savannahians act as a Greek chorus, with Berendt revealing the alliances, hostilities, and intrigues that thrive in a town where everyone knows everyone else."
32075671,"The Hate U Give (The Hate U Give, #1)",15049422,4.45,1026633,80301,454,English,2017,36048,"An alternate cover edition of ISBN 9780062498533 can be found here. Sixteen-year-old Starr Carter moves between two worlds: the poor neighborhood where she lives and the fancy suburban prep school she attends. The uneasy balance between these worlds is shattered when Starr witnesses the fatal shooting of her childhood best friend Khalil at the hands of a police officer. Khalil was unarmed. Soon afterward, his death is a national headline. Some are calling him a thug, maybe even a drug dealer and a gangbanger. Protesters are taking to the streets in Khalil’s name. Some cops and the local drug lord try to intimidate Starr and her family. What everyone wants to know is: what really went down that night? And the only person alive who can answer that is Starr. But what Starr does—or does not—say could upend her community. It could also endanger her life. Inspired by the Black Lives Matter movement, this is a powerful and gripping YA novel about one girl's struggle for justice."
41150487,"Red, White &amp; Royal Blue",17949486,4.05,1252090,128882,443,English,2019,58494,"First Son Alex Claremont-Diaz is the closest thing to a prince this side of the Atlantic. With his intrepid sister and the Veep’s genius granddaughter, they’re the White House Trio, a beautiful millennial marketing strategy for his mother, President Ellen Claremont. International socialite duties do have downsides—namely, when photos of a confrontation with his longtime nemesis Prince Henry at a royal wedding leak to the tabloids and threaten American/British relations. The plan for damage control: staging a fake friendship between the First Son and the Prince. As President Claremont kicks off her reelection bid, Alex finds himself hurtling into a secret relationship with Henry that could derail the campaign and upend two nations. What is worth the sacrifice? How do you do all the good you can do? And, most importantly, how will history remember you?"
17150,My Ántonia,881203,3.85,149586,10556,219,English,1995,6417,"My Ántonia is a novel published in 1918 by American writer Willa Cather, considered one of her best works. The novel tells the stories of an orphaned boy from Virginia, Jim Burden, and the elder daughter in a family of Bohemian immigrants, Ántonia Shimerda, who are each brought as children to be pioneers in Nebraska towards the end of the 19th century. The first year in the very new place leaves strong impressions on both children, affecting them for life."
58724923,Hidden Pictures,173181,4.14,637352,65718,372,English,2022,32311,"From Jason Rekulak, Edgar-nominated author of The Impossible Fortress, comes a wildly inventive spin on the classic horror story in Hidden Pictures, a supernatural thriller about a woman working as a nanny for a young boy with strange and disturbing secrets. Fresh out of rehab, Mallory Quinn takes a job as a babysitter for Ted and Caroline Maxwell. She is to look after their five-year-old son, Teddy. Mallory immediately loves it. She has her own living space, goes out for nightly runs, and has the stability she craves. And she sincerely bonds with Teddy, a sweet, shy boy who is never without his sketchbook and pencil. His drawings are the usual fare: trees, rabbits, balloons. But one day, he draws something different: a man in a forest, dragging a woman’s lifeless body. Then, Teddy’s artwork becomes increasingly sinister, and his stick figures quickly evolve into lifelike sketches well beyond the ability of any five-year-old. Mallory begins to wonder if these are glimpses of a long-unsolved murder, perhaps relayed by a supernatural force. Knowing just how crazy it all sounds, Mallory nevertheless sets out to decipher the images and save Teddy before it’s too late."
251688,Breakfast at Tiffany’s and Three Stories,431149,3.85,254128,14641,142,English,1993,5396,"Holly Golightly knows that nothing bad can ever happen to you at Tiffany's. In this seductive, wistful masterpiece, Capote created a woman whose name has entered the American idiom and whose style is a part of the literary landscape—her poignancy, wit, and naïveté continue to charm. It's New York in the 1940s, where the martinis flow from cocktail hour till breakfast at Tiffany's... And nice girls don't, except, of course, Holly Golightly. Pursued by Mafia gangsters and playboy millionaires, Holly is a fragile eyeful of tawny hair and turned-up nose, a heart-breaker, a perplexer, a traveler, a tease. She is irrepressibly 'top banana in the shock department', and one of the shining flowers of American fiction. Also included are three of Capote's best-known stories: • House of Flowers - Ottilie is entranced by a beautiful young man, and leaves her life and friends to live with him and his old grandmother, who seems to hate her. • A Diamond Guitar - Hear the story of the prized possession of a younger prison inmate, a rhinestone-studded guitar. • A Christmas Memory - A poignant tale of two innocents—a small boy and the old woman who is his best friend—whose sweetness contains a hard, sharp kernel of truth."
29588376,"The Lies of Locke Lamora (Gentleman Bastard, #1)",73149,4.3,350028,25699,752,English,2016,27183,"ASIN B000JMKNJ2 moved to the more recent edition An orphan’s life is harsh—and often short—in the mysterious island city of Camorr. But young Locke Lamora dodges death and slavery, becoming a thief under the tutelage of a gifted con artist. As leader of the band of light-fingered brothers known as the Gentleman Bastards, Locke is soon infamous, fooling even the underworld’s most feared ruler. But in the shadows lurks someone still more ambitious and deadly. Faced with a bloody coup that threatens to destroy everyone and everything that holds meaning in his mercenary life, Locke vows to beat the enemy at his own brutal game—or die trying."
2156,Persuasion,1265,4.15,792641,42922,249,English,2004,35425,"Delve into a story of love, regret, and second chances with Persuasion, Jane Austen’s poignant final novel. Anne Elliot, a thoughtful and kind-hearted woman, was once persuaded to break off her engagement to the man she deeply loved, Captain Frederick Wentworth, due to his lack of wealth and status. Now, eight years later, Anne remains unmarried and quietly endures life with her snobbish family. When Captain Wentworth returns, wealthy and successful, their paths cross again. Amidst the intricate social dynamics of Regency England, Anne must navigate her lingering feelings for him while grappling with the pressures of family, society, and her own sense of self-worth. Austen’s masterful exploration of resilience, maturity, and enduring love makes Persuasion a deeply moving and timeless classic. With its sharp social commentary and compelling characters, this novel is a treasure for lovers of romance, wit, and literary brilliance."
28862,The Prince,16201,3.84,389869,16639,144,English,2014,37164,"Machiavelli needs to be looked at as he really was. Hence: Can Machiavelli, who makes the following observations, be Machiavellian as we understand the disparaging term? 1. So it is that to know the nature of a people, one need be a Prince; to know the nature of a Prince, one need to be of the people. 2. If a Prince is not given to vices that make him hated, it is unsusal for his subjects to show their affection for him. 3. Opportunity made Moses, Cyrus, Romulus, Theseus, and others; their virtue domi-nated the opportunity, making their homelands noble and happy. Armed prophets win; the disarmed lose. 4. Without faith and religion, man achieves power but not glory. 5. Prominent citizens want to command and oppress; the populace only wants to be free of oppression. 6. A Prince needs a friendly populace; otherwise in diversity there is no hope. 7. A Prince, who rules as a man of valor, avoids disasters, 8. Nations based on mercenary forces will never be solid or secure. 9. Mercenaries are dangerous because of their cowardice 10. There are two ways to fight: one with laws, the other with force. The first is rightly man’s way; the second, the way of beasts."
13497,"A Feast for Crows (A Song of Ice and Fire, #4)",346732,4.17,801561,27412,1060,English,2011,23743,"It seems too good to be true. After centuries of bitter strife and fatal treachery, the seven powers dividing the land have decimated one another into an uneasy truce. Or so it appears. . . . With the death of the monstrous King Joffrey, Cersei is ruling as regent in King’s Landing. Robb Stark’s demise has broken the back of the Northern rebels, and his siblings are scattered throughout the kingdom like seeds on barren soil. Few legitimate claims to the once desperately sought Iron Throne still exist—or they are held in hands too weak or too distant to wield them effectively. The war, which raged out of control for so long, has burned itself out. But as in the aftermath of any climactic struggle, it is not long before the survivors, outlaws, renegades, and carrion eaters start to gather, picking over the bones of the dead and fighting for the spoils of the soon-to-be dead. Now in the Seven Kingdoms, as the human crows assemble over a banquet of ashes, daring new plots and dangerous new alliances are formed, while surprising faces—some familiar, others only just appearing—are seen emerging from an ominous twilight of past struggles and chaos to take up the challenges ahead. It is a time when the wise and the ambitious, the deceitful and the strong will acquire the skills, the power, and the magic to survive the stark and terrible times that lie before them. It is a time for nobles and commoners, soldiers and sorcerers, assassins and sages to come together and stake their fortunes . . . and their lives. For at a feast for crows, many are the guests—but only a few are the survivors."
41637836,"The Subtle Knife (His Dark Materials, #2)",3618,4.15,464078,14283,370,English,2018,7754,"Triloģija “Tumšās matērijas” ir mūsdienu fantāzijas žanra klasika, ko Entertainment Weekly nosaucis par visu laiku labāko romānu, bet Newsweek ierindojis pasaules simt labāko grāmatu sarakstā. Iemīļotais britu rakstnieks Filips Pulmans ieved lasītāju pasaulē, kurā cilvēku dvēselēm ir dzīvnieka veidols un paralēlās pasaules ir tikai rokas stiepiena attālumā. “Brīnumnazis” ir triloģijas otrā daļa. Vilam ir divpadsmit gadi, un viņš tikko ir kādu nogalinājis. Tagad viņam jābēg. Zēns nokļūst citā pasaulē, kuras ielās pārvietojas nāvējoši Rēgi, kas barojas ar dvēselēm, bet augstu debesīs skan tāli eņģeļu spārnu švīksti. Vils sastop sabiedroto – savādu, mežonīgu meiteni, vārdā Lira. Kopā viņiem ir jāatrod noslēpumains, visvarens priekšmets, kuru tik ļoti vēlas iegūt cilvēki no daudzām pasaulēm, ka gatavi tā dēļ pat nogalināt…"
4980,Breakfast of Champions,2778055,4.06,282902,12097,303,English,1999,6432,"Alternate cover for this ISBN can be found here In Breakfast of Champions, one of Kurt Vonnegut’s most beloved characters, the aging writer Kilgore Trout, finds to his horror that a Midwest car dealer is taking his fiction as truth. What follows is murderously funny satire, as Vonnegut looks at war, sex, racism, success, politics, and pollution in America and reminds us how to see the truth."
22463,The Origin of Species,12793,4.01,123281,3587,703,English,2004,24702,"Darwin's theory of natural selection issued a profound challenge to orthodox thought and belief: no being or species has been specifically created; all are locked into a pitiless struggle for existence, with extinction looming for those not fitted for the task. Yet The Origin of Species (1859) is also a humane and inspirational vision of ecological interrelatedness, revealing the complex mutual interdependencies between animal and plant life, climate and physical environment, and—by implication—within the human world. Written for the general reader, in a style which combines the rigour of science with the subtlety of literature, The Origin of Species remains one of the founding documents of the modern age."
5211,A Fine Balance,3539,4.38,161954,12691,603,English,1997,7144,"With a compassionate realism and narrative sweep that recall the work of Charles Dickens, this magnificent novel captures all the cruelty and corruption, dignity and heroism, of India. The time is 1975. The place is an unnamed city by the sea. The government has just declared a State of Emergency, in whose upheavals four strangers--a spirited widow, a young student uprooted from his idyllic hill station, and two tailors who have fled the caste violence of their native village--will be thrust together, forced to share one cramped apartment and an uncertain future. As the characters move from distrust to friendship and from friendship to love, A Fine Balance creates an enduring panorama of the human spirit in an inhuman state."
43448,"Flowers in the Attic (Dollanganger, #1)",1353301,3.86,242038,15527,389,English,1979,8400,"Such wonderful children. Such a beautiful mother. Such a lovely house. Such endless terror! It wasn't that she didn't love her children. She did. But there was a fortune at stake—a fortune that would assure their later happiness if she could keep the children a secret from her dying father. So she and her mother hid her darlings away in an unused attic. Just for a little while. But the brutal days swelled into agonizing years. Now Cathy, Chris, and the twins wait in their cramped and helpless world, stirred by adult dreams, adult desires, served a meager sustenance by an angry, superstitious grandmother who knows that the Devil works in dark and devious ways. Sometimes he sends children to do his work—children who—one by one—must be destroyed.... 'Way upstairs there are four secrets hidden. Blond, beautiful, innocent struggling to stay alive....'"
1656001,"The Host (The Host, #1)",941441,3.86,1053693,45566,619,English,2008,12630,"Melanie Stryder refuses to fade away. The earth has been invaded by a species that take over the minds of human hosts while leaving their bodies intact. Wanderer, the invading ""soul"" who has been given Melanie's body, didn't expect to find its former tenant refusing to relinquish possession of her mind. As Melanie fills Wanderer's thoughts with visions of Jared, a human who still lives in hiding, Wanderer begins to yearn for a man she's never met. Reluctant allies, Wanderer and Melanie set off to search for the man they both love. Also see: Alternate Cover Editions for this ISBN [ACE] ACE #1 - ACE #2"
15717943,"Hopeless (Hopeless, #1)",5430144,4.22,692732,45854,410,English,2012,37622,"Sometimes discovering the truth can leave you more hopeless than believing the lies… That’s what seventeen-year-old Sky realizes after she meets Dean Holder. A guy with a reputation that rivals her own and an uncanny ability to invoke feelings in her she’s never had before. He terrifies her and captivates her all in the span of just one encounter, and something about the way he makes her feel sparks buried memories from a past that she wishes could just stay buried. Sky struggles to keep him at a distance knowing he’s nothing but trouble, but Holder insists on learning everything about her. After finally caving to his unwavering pursuit, Sky soon finds that Holder isn’t at all who he’s been claiming to be. When the secrets he’s been keeping are finally revealed, every single facet of Sky’s life will change forever."
6759,Infinite Jest,4339,4.25,103357,13417,1088,English,2005,36395,"A gargantuan, mind-altering tragi-comedy about the Pursuit of Happiness in America. Set in an addicts' halfway house and a tennis academy, and featuring the most endearingly screwed-up family to come along in recent fiction, Infinite Jest explores essential questions about what entertainment is and why it has come to so dominate our lives; about how our desire for entertainment affects our need to connect with other people; and about what the pleasures we choose say about who we are. Equal parts philosophical quest and screwball comedy, Infinite Jest bends every rule of fiction without sacrificing for a moment its own entertainment value. It is an exuberant, uniquely American exploration of the passions that make us human—and one of those rare books that renew the idea of what a novel can do."
8664353,"Unbroken: A World War II Story of Survival, Resilience and Redemption",30913,4.39,1007247,53002,475,English,2010,24625,"On a May afternoon in 1943, an Army Air Forces bomber crashed into the Pacific Ocean and disappeared, leaving only a spray of debris and a slick of oil, gasoline, and blood. Then, on the ocean surface, a face appeared. It was that of a young lieutenant, the plane's bombardier, who was struggling to a life raft and pulling himself aboard. So began one of the most extraordinary odysseys of the Second World War. The lieutenant’s name was Louis Zamperini. In boyhood, he'd been a cunning and incorrigible delinquent, breaking into houses, brawling, and fleeing his home to ride the rails. As a teenager, he had channeled his defiance into running, discovering a prodigious talent that had carried him to the Berlin Olympics and within sight of the four-minute mile. But when war had come, the athlete had become an airman, embarking on a journey that led to his doomed flight, a tiny raft, and a drift into the unknown. Ahead of Zamperini lay thousands of miles of open ocean, leaping sharks, a foundering raft, thirst and starvation, enemy aircraft, and, beyond, a trial even greater. Driven to the limits of endurance, Zamperini would answer desperation with ingenuity; suffering with hope, resolve, and humor; brutality with rebellion. His fate, whether triumph or tragedy, would be suspended on the fraying wire of his will."
10592,Carrie,3389,3.99,862748,35620,272,English,1999,13422,"A modern classic, Carrie introduced a distinctive new voice in American fiction -- Stephen King. The story of misunderstood high school girl Carrie White, her extraordinary telekinetic powers, and her violent rampage of revenge, remains one of the most barrier-breaking and shocking novels of all time. Make a date with terror and live the nightmare that is...Carrie --back cover"
8490112,"Daughter of Smoke &amp; Bone (Daughter of Smoke &amp; Bone, #1)",324620,3.99,386603,35834,418,English,2011,7992,"Around the world, black hand prints are appearing on doorways, scorched there by winged strangers who have crept through a slit in the sky. In a dark and dusty shop, a devil’s supply of human teeth grows dangerously low. And in the tangled lanes of Prague, a young art student is about to be caught up in a brutal otherworldly war. Meet Karou. She fills her sketchbooks with monsters that may or may not be real, she’s prone to disappearing on mysterious ""errands"", she speaks many languages - not all of them human - and her bright blue hair actually grows out of her head that color. Who is she? That is the question that haunts her, and she’s about to find out. When beautiful, haunted Akiva fixes fiery eyes on her in an alley in Marrakesh, the result is blood and starlight, secrets unveiled, and a star-crossed love whose roots drink deep of a violent past. But will Karou live to regret learning the truth about herself?"
12898,Death of a Salesman,8120,3.59,262698,10104,144,English,1994,3077,"'For a salesman, there is no rock bottom to life. He don't put a bolt to a nut, he don't tell you the law or give you medicine. He's a man way out there in the blue, riding on a smile and a shoeshine.' Willy Loman has been a salesman for 34 years. At 60, he is cast aside, his usefulness now exhausted. With no future to dream about he must face the crushing disappointments of his past. He takes one final brave action, but is he heroic at last?, or a self-deluding fool?"
19302,"Pippi Longstocking (Pippi Långstrump, #1)",410653,4.15,210798,5964,160,English,2005,2162,"Tommy and his sister Annika have a new neighbor, and her name is Pippi Longstocking. She has crazy red pigtails, no parents to tell her what to do, a horse that lives on her porch, and a flair for the outrageous that seems to lead to one adventure after another!"
13214,"I Know Why the Caged Bird Sings (Maya Angelou's Autobiography, #1)",3503,4.3,589595,20009,289,English,1993,21120,"Maya Angelou’s debut memoir is a modern American classic beloved worldwide. Her life story is told in the documentary film And Still I Rise, as seen on PBS’s American Masters. Here is a book as joyous and painful, as mysterious and memorable, as childhood itself. I Know Why the Caged Bird Sings captures the longing of lonely children, the brute insult of bigotry, and the wonder of words that can make the world right. Maya Angelou’s debut memoir is a modern American classic beloved worldwide. Sent by their mother to live with their devout, self-sufficient grandmother in a small Southern town, Maya and her brother, Bailey, endure the ache of abandonment and the prejudice of the local “powhitetrash.” At eight years old and back at her mother’s side in St. Louis, Maya is attacked by a man many times her age—and has to live with the consequences for a lifetime. Years later, in San Francisco, Maya learns that love for herself, the kindness of others, her own strong spirit, and the ideas of great authors (“I met and fell in love with William Shakespeare”) will allow her to be free instead of imprisoned. Poetic and powerful, I Know Why the Caged Bird Sings will touch hearts and change minds for as long as people read."
3975774,"Evermore (The Immortals, #1)",200317,3.6,299497,10920,301,English,2009,2975,"The first book in Alyson Noël's extraordinary new Immortals series. Enter an enchanting new world, where true love never dies... After a horrible accident claims the lives of her family, sixteen-year-old Ever Bloom can see people's auras, hear their thoughts, and know someone's entire life story by touching them. Going out of her way to avoid human contact to suppress her abilities, she has been branded a freak at her new high school—but everything changes when she meets Damen Auguste. Damen is gorgeous, exotic and wealthy. He's the only one who can silence the noise and random energy in her head—wielding a magic so intense, it's as though he can peer straight into her soul. As Ever is drawn deeper into his enticing world of secrets and mystery, she's left with more questions than answers. And she has no idea just who he really is—or what he is. The only thing she knows to be true is that she's falling deeply and helplessly in love with him."
23766634,"A Court of Wings and Ruin (A Court of Thorns and Roses, #3)",3433047,4.46,2814583,186431,705,English,2017,150338,"FEYRE WILL BRING VENGEANCE. She has left the Night Court - and her High Lord - and is playing a deadly game of deceit. In the Spring Court, Tamlin is making deals with the invading king threatening to bring Prythian to its knees, and Feyre is determined to uncover his plans. But to do so she must weave a web of lies, and one slip may spell doom not only for Feyre, but for her world as well. As mighty armies grapple for power, Feyre must decide who to trust amongst the dazzling and lethal High Lords - and hunt for allies in unexpected places. BUT WHILE WAR RAGES, IT IS HER HEART THAT WILL FACE THE GREATEST BATTLE. THE THRILLING THIRD BOOK IN #1 NEW YORK TIMES BESTSELLING FANTASY SERIES FROM SARAH J. MAAS."
1617,Night,1049,4.38,1383340,43481,120,English,2006,13920,"Born in the town of Sighet, Transylvania, Elie Wiesel was a teenager when he and his family were taken from their home in 1944 to Auschwitz concentration camp, and then to Buchenwald. Night is the terrifying record of Elie Wiesel's memories of the death of his family, the death of his own innocence, and his despair as a deeply observant Jew confronting the absolute evil of man. This new translation by his wife and most frequent translator, Marion Wiesel, corrects important details and presents the most accurate rendering in English of Elie Wiesel's testimony to what happened in the camps and of his unforgettable message that this horror must simply never be allowed to happen again."
40873273,Snow Flower and the Secret Fan,713,4.09,390131,21225,288,English,2018,7165,"In nineteenth-century China, in a remote Hunan county, a girl named Lily, at the tender age of seven, is paired with a laotong, “old same,” in an emotional match that will last a lifetime. The laotong, Snow Flower, introduces herself by sending Lily a silk fan on which she’s painted a poem in nu shu, a unique language that Chinese women created in order to communicate in secret, away from the influence of men. As the years pass, Lily and Snow Flower send messages on fans, compose stories on handkerchiefs, reaching out of isolation to share their hopes, dreams, and accomplishments. Together, they endure the agony of foot-binding, and reflect upon their arranged marriages, shared loneliness, and the joys and tragedies of motherhood. The two find solace, developing a bond that keeps their spirits alive. But when a misunderstanding arises, their deep friendship suddenly threatens to tear apart."
50398,Northanger Abbey,1265,3.85,462534,27835,260,English,2005,16476,"A wonderfully entertaining coming-of-age story, Northanger Abbey is often referred to as Jane Austen's ""Gothic parody."" Decrepit castles, locked rooms, mysterious chests, cryptic notes, and tyrannical fathers give the story an uncanny air, but one with a decidedly satirical twist. The story's unlikely heroine is Catherine Morland, a remarkably innocent seventeen-year-old woman from a country parsonage. While spending a few weeks in Bath with a family friend, Catherine meets and falls in love with Henry Tilney, who invites her to visit his family estate, Northanger Abbey. Once there, Catherine, a great reader of Gothic thrillers, lets the shadowy atmosphere of the old mansion fill her mind with terrible suspicions. What is the mystery surrounding the death of Henry's mother? Is the family concealing a terrible secret within the elegant rooms of the Abbey? Can she trust Henry, or is he part of an evil conspiracy? Catherine finds dreadful portents in the most prosaic events, until Henry persuades her to see the peril in confusing life with art. Executed with high-spirited gusto, Northanger Abbey is a lighthearted, yet unsentimental commentary on love and marriage."
136116,The Scarlet Pimpernel,2893961,4.07,142877,8848,182,English,2005,3967,"Armed with only his wits and his cunning, one man recklessly defies the French revolutionaries and rescues scores of innocent men, women, and children from the deadly guillotine. His friends and foes know him only as the Scarlet Pimpernel. But the ruthless French agent Chauvelin is sworn to discover his identity and to hunt him down."
397483,"The Devil in the White City: Murder, Magic, and Madness at the Fair That Changed America",5869,4.0,770027,45686,464,English,2003,38822,"Author Erik Larson imbues the incredible events surrounding the 1893 Chicago World's Fair with such drama that readers may find themselves checking the book's categorization to be sure that 'The Devil in the White City' is not, in fact, a highly imaginative novel. Larson tells the stories of two men: Daniel H. Burnham, the architect responsible for the fair's construction, and H.H. Holmes, a serial killer masquerading as a charming doctor. Burnham's challenge was immense. In a short period of time, he was forced to overcome the death of his partner and numerous other obstacles to construct the famous ""White City"" around which the fair was built. His efforts to complete the project, and the fair's incredible success, are skillfully related along with entertaining appearances by such notables as Buffalo Bill Cody, Susan B. Anthony, and Thomas Edison. The activities of the sinister Dr. Holmes, who is believed to be responsible for scores of murders around the time of the fair, are equally remarkable. He devised and erected the World's Fair Hotel, complete with crematorium and gas chamber, near the fairgrounds and used the event as well as his own charismatic personality to lure victims. Combining the stories of an architect and a killer in one book, mostly in alternating chapters, seems like an odd choice but it works. The magical appeal and horrifying dark side of 19th-century Chicago are both revealed through Larson's skillful writing. - John Moe"
17675462,"The Raven Boys (The Raven Cycle, #1)",1330292,4.05,406217,48002,409,English,2012,12007,"“There are only two reasons a non-seer would see a spirit on St. Mark’s Eve,” Neeve said. “Either you’re his true love . . . or you killed him.” It is freezing in the churchyard, even before the dead arrive. Every year, Blue Sargent stands next to her clairvoyant mother as the soon-to-be dead walk past. Blue herself never sees them—not until this year, when a boy emerges from the dark and speaks directly to her. His name is Gansey, and Blue soon discovers that he is a rich student at Aglionby, the local private school. Blue has a policy of staying away from Aglionby boys. Known as Raven Boys, they can only mean trouble. But Blue is drawn to Gansey, in a way she can’t entirely explain. He has it all—family money, good looks, devoted friends—but he’s looking for much more than that. He is on a quest that has encompassed three other Raven Boys: Adam, the scholarship student who resents all the privilege around him; Ronan, the fierce soul who ranges from anger to despair; and Noah, the taciturn watcher of the four, who notices many things but says very little. For as long as she can remember, Blue has been warned that she will cause her true love to die. She never thought this would be a problem. But now, as her life becomes caught up in the strange and sinister world of the Raven Boys, she’s not so sure anymore."
17333223,The Goldfinch,8719,3.97,1059910,91151,771,English,2013,71402,"Winner of the Pulitzer Prize for Fiction 2014 Aged thirteen, Theo Decker, son of a devoted mother and a reckless, largely absent father, survives an accident that otherwise tears his life apart. Alone and rudderless in New York, he is taken in by the family of a wealthy friend. He is tormented by an unbearable longing for his mother, and down the years clings to the thing that most reminds him of her: a small, strangely captivating painting that ultimately draws him into the criminal underworld. As he grows up, Theo learns to glide between the drawing rooms of the rich and the dusty antiques store where he works. He is alienated and in love - and his talisman, the painting, places him at the centre of a narrowing, ever more dangerous circle. The Goldfinch is a haunted odyssey through present-day America and a drama of enthralling power. Combining unforgettably vivid characters and thrilling suspense, it is a beautiful, addictive triumph - a sweeping story of loss and obsession, of survival and self-invention, of the deepest mysteries of love, identity and fate."
14706,"Faust, First Part",285217,3.83,87201,2779,327,English,1988,3943,"Goethe’s masterpiece and perhaps the greatest work in German literature, Faust has made the legendary German alchemist one of the central myths of the Western world. Here indeed is a monumental Faust, an audacious man boldly wagering with the devil, Mephistopheles, that no magic, sensuality, experience, or knowledge can lead him to a moment he would wish to last forever. Here, in Faust, Part I, the tremendous versatility of Goethe’s genius creates some of the most beautiful passages in literature. Here too we experience Goethe’s characteristic humor, the excitement and eroticism of the witches’ Walpurgis Night, and the moving emotion of Gretchen’s tragic fate. This authoritative edition, which offers Peter Salm’s wonderfully readable translation as well as the original German on facing pages, brings us Faust in a vital, rhythmic American idiom that carefully preserves the grandeur, integrity, and poetic immediacy of Goethe’s words."
26032887,"The Wicked King (The Folk of the Air, #2)",25422,4.27,1111068,100808,336,English,2019,37097,"The enchanting and bloodthirsty sequel to the New York Times bestselling novel The Cruel Prince. You must be strong enough to strike and strike and strike again without tiring. The first lesson is to make yourself strong. After the jaw-dropping revelation that Oak is the heir to Faerie, Jude must keep her brother safe. To do so, she has bound the wicked king, Cardan, to her, and made herself the power behind the throne. Navigating the constantly shifting political alliances of Faerie would be difficult enough if Cardan were easy to control. But he does everything in his power to humiliate and undermine her even as his fascination with her remains undiminished. When it becomes all too clear that someone close to Jude means to betray her, threatening her own life and the lives of everyone she loves, Jude must uncover the traitor and fight her own complicated feelings for Cardan to maintain control as a mortal in a Faerie world."
249747,"Artemis Fowl (Artemis Fowl, #1)",10896,3.86,564207,14512,396,English,2003,17648,"Twelve-year-old Artemis Fowl is a millionaire, a genius, and above all, a criminal mastermind. But even Artemis doesn't know what he's taken on when he kidnaps a fairy, Captain Holly Short of the LEPrecon Unit. These aren't the fairies of bedtime stories—they're dangerous! Full of unexpected twists and turns, Artemis Fowl is a riveting, magical adventure."
14201,Jonathan Strange &amp; Mr Norrell,8842,3.87,258715,21907,1006,English,2006,20332,"The year is 1806. England is beleaguered by the long war with Napoleon, and centuries have passed since practical magicians faded into the nation's past. But scholars of this glorious history discover that one remains: the reclusive Mr Norrell, whose displays of magic send a thrill through the country. Proceeding to London, he raises a beautiful woman from the dead and summons an army of ghostly ships to terrify the French. Yet the cautious, fussy Norrell is challenged by the emergence of another magician: the brilliant novice Jonathan Strange. Young, handsome and daring, Strange is the very antithesis of Norrell. So begins a dangerous battle between these two great men which overwhelms that between England and France. And their own obsessions and secret dabblings with the dark arts are going to cause more trouble than they can imagine."
89717,The Haunting of Hill House,13388,3.81,407248,41147,182,English,2006,18330,"“Hill House, not sane, stood by itself against its hills, holding darkness within. . . .” Four seekers have arrived at the rambling old pile known as Hill House: Dr. Montague, an occult scholar looking for solid evidence of psychic phenomena; Theodora, his lovely and lighthearted assistant; Luke, the adventurous future inheritor of the estate; and Eleanor, a friendless, fragile young woman with a dark past. As they begin to cope with chilling, even horrifying occurrences beyond their control or understanding, they cannot possibly know what lies ahead. For Hill House is gathering its powers—and soon it will choose one of them to make its own."
18045891,Sharp Objects,2383,4.0,1250388,82954,254,English,2007,35238,"Fresh from a brief stay at a psych hospital, reporter Camille Preaker faces a troubling assignment: she must return to her tiny hometown to cover the unsolved murder of a preteen girl and the disappearance of another. For years, Camille has hardly spoken to her neurotic, hypochondriac mother or to the half-sister she barely knows: a beautiful thirteen-year-old with an eerie grip on the town. Now, installed in her old bedroom in her family's Victorian mansion, Camille finds herself identifying with the young victims—a bit too strongly. Dogged by her own demons, she must unravel the psychological puzzle of her own past if she wants to get the story—and survive this homecoming. Librarian's Note: this is an alternate cover edition - ISBN 10: 0307341550 (ISBN 13: 9780307341556)"
7735333,"Matched (Matched, #1)",1304470,3.62,818026,37584,369,English,2010,12748,"In the Society, officials decide. Who you love. Where you work. When you die. Cassia has always trusted their choices. It’s hardly any price to pay for a long life, the perfect job, the ideal mate. So when her best friend appears on the Matching screen, Cassia knows with complete certainty that he is the one…until she sees another face flash for an instant before the screen fades to black. Now Cassia is faced with impossible choices: between Xander and Ky, between the only life she’s known and a path no one else has ever dared follow—between perfection and passion. Matched is a story for right now and storytelling with the resonance of a classic."
6969,Emma,1265,4.05,1001822,44525,474,English,2003,66100,"The newest edition is here. Another alternate cover can be found here. Emma Woodhouse is one of Austen's most captivating and vivid characters. Beautiful, spoilt, vain and irrepressibly witty, Emma organizes the lives of the inhabitants of her sleepy little village and plays matchmaker with devastating effect."
838729,"The Return of the King (The Lord of the Rings, #3)",656983,4.58,1063924,26645,385,English,1974,21833,"In the third volume of The Lord of the Rings trilogy the good and evil forces join battle, and we see that the triumph of good is not absolute. The Third Age of Middle-earth ends, and the age of the dominion of Men begins."
26032912,"The Queen of Nothing (The Folk of the Air, #3)",25422,4.33,1000994,94946,321,English,2019,16486,"He will be destruction of the crown and the ruination of the throne. Power is much easier to acquire than it is to hold onto. Jude learned this lesson when she released her control over the wicked king, Cardan, in exchange for immeasurable power. Now as the exiled mortal Queen of Faerie, Jude is powerless and left reeling from Cardan’s betrayal. She bides her time determined to reclaim everything he took from her. Opportunity arrives in the form of her deceptive twin sister, Taryn, whose mortal life is in peril. Jude must risk venturing back into the treacherous Faerie Court, and confront her lingering feelings for Cardan, if she wishes to save her sister. But Elfhame is not as she left it. War is brewing. As Jude slips deep within enemy lines she becomes ensnared in the conflict’s bloody politics. And, when a dormant yet powerful curse is unleashed, panic spreads throughout the land, forcing her to choose between her ambition and her humanity… From the #1 New York Times bestselling author Holly Black, comes the highly anticipated and jaw-dropping finale to The Folk of the Air trilogy."
13152,"The Angel Experiment (Maximum Ride, #1)",3780,4.07,234212,10472,445,English,2006,5125,"Fourteen-year-old Maximum Ride, better known as Max, knows what it's like to soar above the world. She and all the members of the ""flock""--Fang, Iggy, Nudge, Gasman and Angel--are just like ordinary kids--only they have wings and can fly. It may seem like a dream come true to some, but their lives can morph into a living nightmare at any time...like when Angel, the youngest member of the flock, is kidnapped and taken back to the ""School"" where she and the others were experimented on by a crew of wack jobs. Her friends brave a journey to blazing hot Death Valley, CA, to save Angel, but soon enough, they find themselves in yet another nightmare--this one involving fighting off the half-human, half-wolf ""Erasers"" in New York City. Whether in the treetops of Central Park or in the bowels of the Manhattan subway system, Max and her adopted family take the ride of their lives. Along the way Max discovers from her old friend and father-figure Jeb--now her betrayed and greatest enemy--that her purpose is save the world--but can she?"
17716,Waiting for Godot,1433597,3.84,225526,11421,109,English,2011,2796,"The story revolves around two seemingly homeless men simply waiting for someone—or something—named Godot. Vladimir and Estragon wait near a tree, inhabiting a drama spun of their own consciousness. The result is a comical wordplay of poetry, dreamscapes, and nonsense, which has been interpreted as mankind’s inexhaustible search for meaning. Beckett’s language pioneered an expressionistic minimalism that captured the existential post-World War II Europe. His play remains one of the most magical and beautiful allegories of our time."
59716,To the Lighthouse,6765,3.81,219632,18135,209,English,1989,21852,"The serene and maternal Mrs. Ramsay, the tragic yet absurd Mr. Ramsay, and their children and assorted guests are on holiday on the Isle of Skye. From the seemingly trivial postponement of a visit to a nearby lighthouse, Woolf constructs a remarkable, moving examination of the complex tensions and allegiances of family life and the conflict between men and women. As time winds its way through their lives, the Ramsays face, alone and simultaneously, the greatest of human challenges and its greatest triumph—the human capacity for change."
6936382,"Anna and the French Kiss (Anna and the French Kiss, #1)",3095893,3.96,466032,36866,372,English,2010,6134,"Anna is looking forward to her senior year in Atlanta, where she has a great job, a loyal best friend, and a crush on the verge of becoming more. Which is why she is less than thrilled about being shipped off to boarding school in Paris--until she meets Étienne St. Clair. Smart, charming, beautiful, Étienne has it all...including a serious girlfriend. But in the City of Light, wishes have a way of coming true. Will a year of romantic near-misses end with their long-awaited French kiss?"
33124137,Pet Sematary,3389,4.09,714495,34380,580,English,2014,18863,"'This is an alternate Cover Edition for ASIN: B00K3NEE56. When the Creeds move into a beautiful old house in rural Maine, it all seems too good to be true: physician father, beautiful wife, charming little daughter, adorable infant son-and now an idyllic home. As a family, they've got it all...right down to the friendly car. But the nearby woods hide a blood-chilling truth-more terrifying than death itself-and hideously more powerful. The Creeds are going to learn that sometimes dead is better."
57361474,Local Woman Missing,7392948,4.11,801453,65898,356,English,2021,38324,"People don’t just disappear without a trace.... Shelby Tebow is the first to go missing. Not long after, Meredith Dickey and her six-year-old daughter, Delilah, vanish just blocks away from where Shelby was last seen, striking fear into their once-peaceful community. Are these incidents connected? After an elusive search that yields more questions than answers, the case eventually goes cold. Now, 11 years later, Delilah shockingly returns. Everyone wants to know what happened to her, but no one is prepared for what they’ll find.... In this smart and chilling thriller, master of suspense and New York Times best-selling author Mary Kubica takes domestic secrets to a whole new level, showing that some people will stop at nothing to keep the truth buried."
285092,High Fidelity,2929,3.9,217316,9700,323,English,1996,3112,"Do you know your desert-island, all-time, top five most memorable split-ups? Rob does. He keeps a list, in fact. But Laura isn't on it—even though she's just become his latest ex. He's got his life back, you see. He can just do what he wants when he wants: like listen to whatever music he likes, look up the girls that are on his list, and generally behaves as if Laura never mattered. But Rob finds he can't move on. He's stuck in a really deep groove—and it's called Laura. Soon, Rob's asking himself some big questions: about love, about life—and about why we choose to share ours with the people we do."
3950967,"The Tales of Beedle the Bard (Hogwarts Library, #3)",1077326,4.03,514906,19979,105,English,2008,8468,"""The Tales of Beedle the Bard"" contains five richly diverse fairy tales, each with its own magical character, that will variously bring delight, laughter and the thrill of mortal peril. Additional notes for each story penned by Professor Albus Dumbledore will be enjoyed by Muggles and wizards alike, as the Professor muses on the morals illuminated by the tales, and reveals snippets of information about life at Hogwarts. A uniquely magical volume, with illustrations by the author, J. K. Rowling, that will be treasured for years to come."
140225,"The Voyage of the Dawn Treader (Chronicles of Narnia, #3)",1069006,4.09,513747,14208,248,English,2006,5842,"NARNIA... the world of wicked dragons and magic spells, where the very best is brought out of even the worst people, where anything can happen (and most often does)... and where the adventure begins. The Dawn Treader is the first ship Narnia has seen in centuries. King Caspian has built it for his voyage to find the seven lords, good men whom his evil uncle Miraz banished when he usurped the throne. The journey takes Edmund, Lucy, and their cousin Eustace to the Eastern Islands, beyond the Silver Sea, toward Aslan's country at the End of the World."
5326,A Christmas Carol,239579,4.09,951244,40127,184,English,1999,26646,"'If I had my way, every idiot who goes around with Merry Christmas on his lips, would be boiled with his own pudding, and buried with a stake of holly through his heart. Merry Christmas? Bah humbug!' Introduction and Afterword by Joe Wheeler To bitter, miserly Ebenezer Scrooge, Christmas is just another day. But all that changes when the ghost of his long-dead business partner appears, warning Scrooge to change his ways before it's too late. Part of the Focus on the Family Great Stories collection, this abridged edition features an in-depth introduction and discussion questions by Joe Wheeler to provide greater understanding for today's reader. ""A Christmas Carol"" captures the heart of the holidays like no other novel."
7354,The Shipping News,1262010,3.88,153698,6922,337,English,2002,4056,"At thirty-six, Quoyle, a third-rate newspaperman, is wrenched violently out of his workaday life when his two-timing wife meets her just deserts. He retreats with his two daughters to his ancestral home on the starkly beautiful Newfoundland coast, where a rich cast of local characters all play a part in Quoyle's struggle to reclaim his life. As three generations of his family cobble up new lives, Quoyle confronts his private demons--and the unpredictable forces of nature and society--and begins to see the possibility of love without pain or misery. A vigorous, darkly comic, and at times magical portrait of the contemporary American family, The Shipping News shows why E. Annie Proulx is recognized as one of the most gifted and original writers in America today. (back cover)"
33600,Shantaram,18907,4.28,243654,18855,936,English,2004,28132,"""It took me a long time and most of the world to learn what I know about love and fate and the choices we make, but the heart of it came to me in an instant, while I was chained to a wall and being tortured."" So begins this epic, mesmerizing first novel set in the underworld of contemporary Bombay. Shantaram is narrated by Lin, an escaped convict with a false passport who flees maximum security prison in Australia for the teeming streets of a city where he can disappear. Accompanied by his guide and faithful friend, Prabaker, the two enter Bombay's hidden society of beggars and gangsters, prostitutes and holy men, soldiers and actors, and Indians and exiles from other countries, who seek in this remarkable place what they cannot find elsewhere. As a hunted man without a home, family, or identity, Lin searches for love and meaning while running a clinic in one of the city's poorest slums, and serving his apprenticeship in the dark arts of the Bombay mafia. The search leads him to war, prison torture, murder, and a series of enigmatic and bloody betrayals. The keys to unlock the mysteries and intrigues that bind Lin are held by two people. The first is Khader Khan: mafia godfather, criminal-philosopher-saint, and mentor to Lin in the underworld of the Golden City. The second is Karla: elusive, dangerous, and beautiful, whose passions are driven by secrets that torment her and yet give her a terrible power. Burning slums and five-star hotels, romantic love and prison agonies, criminal wars and Bollywood films, spiritual gurus and mujaheddin guerrillas—this huge novel has the world of human experience in its reach, and a passionate love for India at its heart. Based on the life of the author, it is by any measure the debut of an extraordinary voice in literature."
14866,Nineteen Minutes,7128,4.18,428992,23729,440,English,2007,18867,"In nineteen minutes, you can mow the front lawn, color your hair, watch a third of a hockey game. In nineteen minutes, you can bake scones or get a tooth filled by a dentist; you can fold laundry for a family of five....In nineteen minutes, you can stop the world, or you can just jump off it. In nineteen minutes, you can get revenge. Sterling is a small, ordinary New Hampshire town where nothing ever happens -- until the day its complacency is shattered by a shocking act of violence. In the aftermath, the town's residents must not only seek justice in order to begin healing but also come to terms with the role they played in the tragedy. For them, the lines between truth and fiction, right and wrong, insider and outsider have been obscured forever. Josie Cormier, the teenage daughter of the judge sitting on the case, could be the state's best witness, but she can't remember what happened in front of her own eyes. And as the trial progresses, fault lines between the high school and the adult community begin to show, destroying the closest of friendships and families. Nineteen Minutes is New York Times bestselling author Jodi Picoult's most raw, honest, and important novel yet. Told with the straightforward style for which she has become known, it asks simple questions that have no easy answers: Can your own child become a mystery to you? What does it mean to be different in our society? Is it ever okay for a victim to strike back? And who -- if anyone -- has the right to judge someone else?"
77197,"Assassin's Apprentice (Farseer Trilogy, #1)",25307,4.19,418027,27912,435,English,1996,22185,"“Fantasy as it ought to be written . . . Robin Hobb’s books are diamonds in a sea of zircons.”—George R. R. Martin Young Fitz is the bastard son of the noble Prince Chivalry, raised in the shadow of the royal court by his father’s gruff stableman. He is treated as an outcast by all the royalty except the devious King Shrewd, who has him secretly tutored in the arts of the assassin. For in Fitz’s blood runs the magic Skill—and the darker knowledge of a child raised with the stable hounds and rejected by his family. As barbarous raiders ravage the coasts, Fitz is growing to manhood. Soon he will face his first dangerous, soul-shattering mission. And though some regard him as a threat to the throne, he may just be the key to the survival of the kingdom. Praise for Robin Hobb and Assassin’s Apprentice “A gleaming debut in the crowded field of epic fantasies . . . a delightful take on the powers and politics behind the throne.”—Publishers Weekly “This is the kind of book you fall into, and start reading slower as you get to the end, because you don’t want it to be over.”—Steven Brust"
187181,"The Chosen (Reuven Malter, #1)",7385,4.08,99241,5614,291,English,1982,2036,"It is the now-classic story of two fathers and two sons and the pressures on all of them to pursue the religion they share in the way that is best suited to each. And as the boys grow into young men, they discover in the other a lost spiritual brother, and a link to an unexplored world that neither had ever considered before. In effect, they exchange places, and find the peace that neither will ever retreat from again."
6088007,"Neuromancer (Sprawl, #1)",9226,3.89,370639,18325,268,English,2018,23912,"Winner of the Hugo, Nebula, and Philip K. Dick Awards, Neuromancer is a science fiction masterpiece—a classic that ranks as one of the twentieth century’s most potent visions of the future. Case was the sharpest data-thief in the matrix—until he crossed the wrong people and they crippled his nervous system, banishing him from cyberspace. Now a mysterious new employer has recruited him for a last-chance run at an unthinkably powerful artificial intelligence. With a dead man riding shotgun and Molly, a mirror-eyed street-samurai, to watch his back, Case is ready for the adventure that upped the ante on an entire genre of fiction. Neuromancer was the first fully-realized glimpse of humankind’s digital future—a shocking vision that has challenged our assumptions about technology and ourselves, reinvented the way we speak and think, and forever altered the landscape of our imaginations."
10664113,"A Dance with Dragons (A Song of Ice and Fire, #5)",346732,4.34,746428,28395,1125,English,2011,27081,"Alternate cover edition of ASIN B004XISI4A In the aftermath of a colossal battle, the future of the Seven Kingdoms hangs in the balance—beset by newly emerging threats from every direction. In the east, Daenerys Targaryen, the last scion of House Targaryen, rules with her three dragons as queen of a city built on dust and death. But Daenerys has thousands of enemies, and many have set out to find her. As they gather, one young man embarks upon his own quest for the queen, with an entirely different goal in mind. Fleeing from Westeros with a price on his head, Tyrion Lannister, too, is making his way to Daenerys. But his newest allies in this quest are not the rag-tag band they seem, and at their heart lies one who could undo Daenerys’s claim to Westeros forever. Meanwhile, to the north lies the mammoth Wall of ice and stone—a structure only as strong as those guarding it. There, Jon Snow, 998th Lord Commander of the Night’s Watch, will face his greatest challenge. For he has powerful foes not only within the Watch but also beyond, in the land of the creatures of ice. From all corners, bitter conflicts reignite, intimate betrayals are perpetrated, and a grand cast of outlaws and priests, soldiers and skinchangers, nobles and slaves, will face seemingly insurmountable obstacles. Some will fail, others will grow in the strength of darkness. But in a time of rising restlessness, the tides of destiny and politics will lead inevitably to the greatest dance of all."
40097951,The Silent Patient,17621440,4.16,3423626,294621,336,English,2019,180918,"Alicia Berenson’s life is seemingly perfect. A famous painter married to an in-demand fashion photographer, she lives in a grand house with big windows overlooking a park in one of London’s most desirable areas. One evening her husband Gabriel returns home late from a fashion shoot, and Alicia shoots him five times in the face, and then never speaks another word. Alicia’s refusal to talk, or give any kind of explanation, turns a domestic tragedy into something far grander, a mystery that captures the public imagination and casts Alicia into notoriety. The price of her art skyrockets, and she, the silent patient, is hidden away from the tabloids and spotlight at the Grove, a secure forensic unit in North London. Theo Faber is a criminal psychotherapist who has waited a long time for the opportunity to work with Alicia. His determination to get her to talk and unravel the mystery of why she shot her husband takes him down a twisting path into his own motivations—a search for the truth that threatens to consume him.... The Silent Patient is a shocking psychological thriller of a woman’s act of violence against her husband—and of the therapist obsessed with uncovering her motive."
11422,Redeeming Love,6492,4.51,380243,22590,479,English,2007,10035,"California’s gold country, 1850. A time when men sold their souls for a bag of gold and women sold their bodies for a place to sleep. Angel expects nothing from men but betrayal. Sold into prostitution as a child, she survives by keeping her hatred alive. And what she hates most are the men who use her, leaving her empty and dead inside. Then she meets Michael Hosea. A man who seeks his Father’s heart in everything, Michael Hosea obeys God’s call to marry Angel and to love her unconditionally. Slowly, day by day, he defies Angel’s every bitter expectation until, despite her resistance her frozen heart begins to thaw. But with her unexpected softening come overwhelming feelings of unworthiness and fear. And so Angel runs. Back to the darkness, away from her husband’s pursuing love, terrified of the truth she can no longer deny: Her final healing must come from the One who loves her even more than Michael Hosea does…the One who will never let her go. A life-changing story of God’s unconditional, redemptive, all-consuming love. --back cover"
41804,"I, Robot (Robot, #0.1)",16667,4.21,384295,12928,224,English,2004,9880,"Isaac Asimov's I, Robot launches readers on an adventure into a not-so-distant future where man and machine , struggle to redefinelife, love, and consciousness—and where the stakes are nothing less than survival. Filled with unforgettable characters, mind-bending speculation, and nonstop action, I, Robot is a powerful reading experience from one of the master storytellers of our time. I, ROBOT They mustn't harm a human being, they must obey human orders, and they must protect their own existence...but only so long as that doesn't violate rules one and two. With these Three Laws of Robotics, humanity embarked on perhaps its greatest adventure: the invention of the first positronic man. It was a bold new era of evolution that would open up enormous possibilities—and unforeseen risks. For the scientists who invented the earliest robots weren't content that their creations should ' remain programmed helpers, companions, and semisentient worker-machines. And soon the robots themselves; aware of their own intelligence, power, and humanity, aren't either. As humans and robots struggle to survive together—and sometimes against each other—on earth and in space, the future of both hangs in the balance. Human men and women confront robots gone mad, telepathic robots, robot politicians, and vast robotic intelligences that may already secretly control the world. And both are asking the same questions: What is human? And is humanity obsolete? In l, Robot Isaac Asimov changes forever our perception of robots, and human beings and updates the timeless myth of man's dream to play god. with all its rewards—and terrors. --front flap"
101299,The Reader,2894,3.79,234688,14884,216,English,1997,3552,"Hailed for its coiled eroticism and the moral claims it makes upon the reader, this mesmerizing novel is a story of love and secrets, horror and compassion, unfolding against the haunted landscape of postwar Germany. When he falls ill on his way home from school, fifteen-year-old Michael Berg is rescued by Hanna, a woman twice his age. In time she becomes his lover—then she inexplicably disappears. When Michael next sees her, he is a young law student, and she is on trial for a hideous crime. As he watches her refuse to defend her innocence, Michael gradually realizes that Hanna may be guarding a secret she considers more shameful than murder."
6411961,"The Lost Symbol (Robert Langdon, #3)",630,3.77,664614,31993,509,English,2009,21393,"What was lost...Will be found... Washington DC: Harvard symbologist Robert Langdon is summoned at the last minute to deliver an evening lecture in the Capitol Building. Within moments of his arrival, however, a disturbing object - gruesomely encoded with five symbols - is discovered at the epicenter of the Rotunda. It is, he recognizes, an ancient invitation, meant to beckon its recipient towards a long-lost world of hidden esoteric wisdom. When Langdon's revered mentor, Peter Solomon - philanthropist and prominent mason - is brutally kidnapped, Langdon realizes that his only hope of saving his friend's life is to accept this mysterious summons and follow wherever it leads him. Langdon finds himself quickly swept behind the facade of America's most historic city into the unseen chambers, temples and tunnels which exist there. All that was familiar is transformed into a shadowy, clandestine world of an artfully concealed past in which Masonic secrets and never-before-seen revelations seem to be leading him to a single impossible and inconceivable truth. A brilliantly composed tapestry of veiled histories, arcane icons and enigmatic codes, The Lost Symbol is an intelligent, lightning-paced thriller that offers surprises at every turn. For, as Robert Langdon will discover, there is nothing more extraordinary or shocking than the secret which hides in plain sight..."
11324204,Houdini Heart,286014,3.84,5454,229,254,English,2011,49,"HOUDINI HEART harkens back to the masters of suspenseful supernatural Poe, Lovecraft, Shirley Jackson, but speaks with a wholly fresh voice. Once caught in its pages, there's no escaping Longfellow's terrible tale. Weeks ago, she was one of Hollywood's biggest writers, wed to one of its greatest stars. The doting mother of their golden child. But now? She's alone, tortured by a horrifying secret no woman could bear. Pursued by those she can't outrun, anguished by a guilt she can't endure, and driven close to madness, she flees to the one place she's ever called a small town in Vermont where River House still stands. To a child, the splendid hotel was mysterious and magical and all its glamorous guests knew delicious secrets.Cocooned in its walls, she will write one last book. Her atonement? Or her suicide note? But life is never as you dream it, and River House isn't what she'd always imagined it was. Intense, literary, and harrowing, Houdini Heart is a tale of bone-chilling horror, emotional torment, and psychological terror. Gripped by River House, trapped in an aging hotel of mirrors only Houdini could escape, how much can haunt a mind before it too is only a thing once imagined? ""A haunting and disturbing journey through the psyche.""—Erika Mailman, Author of ""The Witch's Trinity"""
8667848,"A Discovery of Witches (All Souls, #1)",3849415,4.02,563662,50981,592,English,2011,35737,"A richly inventive novel about a centuries-old vampire, a spellbound witch, and the mysterious manuscript that draws them together. Deep in the stacks of Oxford's Bodleian Library, young scholar Diana Bishop unwittingly calls up a bewitched alchemical manuscript in the course of her research. Descended from an old and distinguished line of witches, Diana wants nothing to do with sorcery; so after a furtive glance and a few notes, she banishes the book to the stacks. But her discovery sets a fantastical underworld stirring, and a horde of daemons, witches, and vampires soon descends upon the library. Diana has stumbled upon a coveted treasure lost for centuries-and she is the only creature who can break its spell. Debut novelist Deborah Harkness has crafted a mesmerizing and addictive read, equal parts history and magic, romance and suspense. Diana is a bold heroine who meets her equal in vampire geneticist Matthew Clairmont, and gradually warms up to him as their alliance deepens into an intimacy that violates age-old taboos. This smart, sophisticated story harks back to the novels of Anne Rice, but it is as contemporary and sensual as the Twilight series-with an extra serving of historical realism."
78411,"The Bad Beginning (A Series of Unfortunate Events, #1)",36746,4.03,576994,25427,162,English,1999,7270,"Dear Reader, I'm sorry to say that the book you are holding in your hands is extremely unpleasant. It tells an unhappy tale about three very unlucky children. Even though they are charming and clever, the Baudelaire siblings lead lives filled with misery and woe. From the very first page of this book when the children are at the beach and receive terrible news, continuing on through the entire story, disaster lurks at their heels. One might say they are magnets for misfortune. In this short book alone, the three youngsters encounter a greedy and repulsive villain, itchy clothing, a disastrous fire, a plot to steal their fortune, and cold porridge for breakfast. It is my sad duty to write down these unpleasant tales, but there is nothing stopping you from putting this book down at once and reading something happy, if you prefer that sort of thing. With all due respect, Lemony Snicket"
960,"Angels &amp; Demons (Robert Langdon, #1)",630,3.96,3426454,38358,736,English,2006,24363,"An ancient secret brotherhood. A devastating new weapon of destruction. When world-renowned Harvard symbologist Robert Langdon is summoned to a Swiss research facility to analyze a mysterious symbol -- seared into the chest of a murdered physicist -- he discovers evidence of the unimaginable: the resurgence of an ancient secret brotherhood known as the Illuminati...the most powerful underground organization ever to walk the earth. The Illuminati has now surfaced to carry out the final phase of its legendary vendetta against its most hated enemy -- the Catholic Church. Langdon's worst fears are confirmed on the eve of the Vatican's holy conclave, when a messenger of the Illuminati announces they have hidden an unstoppable time bomb at the very heart of Vatican City. With the countdown under way, Langdon jets to Rome to join forces with Vittoria Vetra, a beautiful and mysterious Italian scientist, to assist the Vatican in a desperate bid for survival. Embarking on a frantic hunt through sealed crypts, dangerous catacombs, deserted cathedrals, and even the most secretive vault on earth, Langdon and Vetra follow a 400-year-old trail of ancient symbols that snakes across Rome toward the long-forgotten Illuminati lair...a clandestine location that contains the only hope for Vatican salvation. An explosive international thriller, Angels & Demons careens from enlightening epiphanies to dark truths as the battle between science and religion turns to war."
53835,The Age of Innocence,16,3.97,199785,13685,293,English,2004,13661,"Winner of the 1921 Pulitzer Prize, The Age of Innocence is Edith Wharton’s masterful portrait of desire and betrayal during the sumptuous Golden Age of Old New York, a time when society people “dreaded scandal more than disease.” This is Newland Archer’s world as he prepares to marry the beautiful but conventional May Welland. But when the mysterious Countess Ellen Olenska returns to New York after a disastrous marriage, Archer falls deeply in love with her. Torn between duty and passion, Archer struggles to make a decision that will either courageously define his life—or mercilessly destroy it."
11012,Dubliners,5144,3.83,180789,12087,352,English,2001,18339,"'I regret to see that my book has turned out un fiasco solenne.' James Joyce's disillusion with the publication of Dubliners in 1914 was the result of ten years battling with publishers, resisting their demands to remove swear words, real place names and much else, including two entire stories. Although only 24 when he signed his first publishing contract for the book, Joyce already knew its worth: to alter it in any way would 'retard the course of civilisation in Ireland'. Joyce's aim was to tell the truth — to create a work of art that would reflect life in Ireland at the turn of the last century and by rejecting euphemism, reveal to the Irish the unromantic reality the recognition of which would lead to the spiritual liberation of the country. Each of the fifteen stories offers a glimpse of the lives of ordinary Dubliners — a death, an encounter, an opportunity not taken, a memory rekindled — and collectively they paint a portrait of a nation."
222910,"The Two Towers (The Lord of the Rings, #2)",656983,4.5,1151440,27846,447,English,1973,39087,"Alternate Cover Edition ISBN 0345296060 (ISBN13: 9780345296061) One Ring to rule them all, One Ring to find them, One Ring to bring them all and in the darkness bind them Frodo and his Companions of the Ring have been beset by danger during their quest to prevent the Ruling Ring from falling into the hands of the Dark Lord by destroying it in the Cracks of Doom. They have lost the wizard, Gandalf, in a battle in the Mines of Moria. And Boromir, seduced by the power of the Ring, tried to seize it by force. While Frodo and Sam made their escape, the rest of the company was attacked by Orcs. Now they continue the journey alone down the great River Anduin—alone, that is, save for the mysterious creeping figure that follows wherever they go."
30289,The Republic,879,3.97,229298,7529,416,English,2003,32038,"Presented in the form of a dialogue between Socrates and three different interlocutors, this classic text is an enquiry into the notion of a perfect community and the ideal individual within it. During the conversation, other questions are raised: what is goodness?; what is reality?; and what is knowledge? The Republic also addresses the purpose of education and the role of both women and men as guardians of the people. With remarkable lucidity and deft use of allegory, Plato arrives at a depiction of a state bound by harmony and ruled by philosopher kings."
34080,The Waste Land,18540,4.11,60070,2257,288,English,2001,1515,"The Waste Land, first published in 1922, is often regarded as T.S. Eliot's masterpiece, as well as one of the most important poems of the 20th century and a central work of modernist poetry. The work, divided in 5 sections, juxtaposes the legend of the Holy Grail and the Fisher King, with a snapshot of early twentieth-century British society. In contemporary times, it is often read published within The Waste Land and Other Poems and has come to be Eliot's most popular poem. T.S. Elliot was a poet, essayist, publisher, playwright, literary critic and editor. Born in 1888 in St. Louis (MO, USA), he is considered one of the 20th century's major poets, and a central figure in English-language Modernist poetry.""In ten years' time,"" wrote Edmund Wilson in Axel's Castle (1931), ""Elliot has left upon English poetry a mark more unmistakable than that of any other poet writing in English."" In 1948, Eliot was awarded the Nobel Price ""for his work as a trail-blazing pioneer of modern poetry."""
14935,Sense and Sensibility,1265,4.09,1314664,36445,409,English,2003,51671,"Alternate cover edition of ISBN 9780141439662 'The more I know of the world, the more am I convinced that I shall never see a man whom I can really love. I require so much!' Marianne Dashwood wears her heart on her sleeve, and when she falls in love with the dashing but unsuitable John Willoughby she ignores her sister Elinor's warning that her impulsive behaviour leaves her open to gossip and innuendo. Meanwhile Elinor, always sensitive to social convention, is struggling to conceal her own romantic disappointment, even from those closest to her. Through their parallel experience of love—and its threatened loss—the sisters learn that sense must mix with sensibility if they are to find personal happiness in a society where status and money govern the rules of love. This edition includes explanatory notes, textual variants between the first and second editions, and Tony Tanner's introduction to the original Penguin Classic edition."
3777732,"City of Glass (The Mortal Instruments, #3)",150038,4.27,1021860,38130,541,English,2009,12114,"Also see: Alternate Cover Editions for this ISBN [ACE] ACE #1 To save her mother's life, Clary must travel to the City of Glass, the ancestral home of the Shadowhunters - never mind that entering the city without permission is against the Law, and breaking the Law could mean death. To make things worse, she learns that Jace does not want her there, and Simon has been thrown in prison by the Shadowhunters, who are deeply suspicious of a vampire who can withstand sunlight. As Clary uncovers more about her family's past, she finds an ally in mysterious Shadowhunter Sebastian. With Valentine mustering the full force of his power to destroy all Shadowhunters forever, their only chance to defeat him is to fight alongside their eternal enemies. But can Downworlders and Shadowhunters put aside their hatred to work together? While Jace realizes exactly how much he's willing to risk for Clary, can she harness her newfound powers to help save the Glass City - whatever the cost? Love is a mortal sin and the secrets of the past prove deadly as Clary and Jace face down Valentine in the third installment of the New York Times bestselling series The Mortal Instruments."
690926,The Twilight Collection,941441,3.82,47519,1170,1690,English,2007,169,"Deeply romantic and extraordinarily suspenseful,Twilight,New Moon, andEclipsecapture the struggle between defying our instincts and satisfying our desires. This stunning set includes three hardcover books, two full-color posters and exclusive tattoos, and makes the perfect gift for fans of this bestselling vampire love story."
10987,"Voyager (Outlander, #3)",3617,4.39,334061,13914,870,English,2001,16085,"From the author of the breathtaking bestsellers Outlander and Dragonfly in Amber, the extraordinary saga continues.Their passionate encounter happened long ago by whatever measurement Claire Randall took. Two decades before, she had traveled back in time and into the arms of a gallant eighteenth-century Scot named Jamie Fraser. Then she returned to her own century to bear his child, believing him dead in the tragic battle of Culloden. Yet his memory has never lessened its hold on her... and her body still cries out for him in her dreams. Then Claire discovers that Jamie survived. Torn between returning to him and staying with their daughter in her own era, Claire must choose her destiny. And as time and space come full circle, she must find the courage to face the passion and pain awaiting her...the deadly intrigues raging in a divided Scotland... and the daring voyage into the dark unknown that can reunite or forever doom her timeless love."
17332218,"Words of Radiance (The Stormlight Archive, #2)",38550,4.76,508527,35516,1088,English,2014,26686,"From #1 New York Times bestselling author Brandon Sanderson, Words of Radiance, Book Two of the Stormlight Archive, continues the immersive fantasy epic that The Way of Kings began. Expected by his enemies to die the miserable death of a military slave, Kaladin survived to be given command of the royal bodyguards, a controversial first for a low-status ""darkeyes."" Now he must protect the king and Dalinar from every common peril as well as the distinctly uncommon threat of the Assassin, all while secretly struggling to master remarkable new powers that are somehow linked to his honorspren, Syl. The Assassin, Szeth, is active again, murdering rulers all over the world of Roshar, using his baffling powers to thwart every bodyguard and elude all pursuers. Among his prime targets is Highprince Dalinar, widely considered the power behind the Alethi throne. His leading role in the war would seem reason enough, but the Assassin's master has much deeper motives. Brilliant but troubled Shallan strives along a parallel path. Despite being broken in ways she refuses to acknowledge, she bears a terrible burden: to somehow prevent the return of the legendary Voidbringers and the civilization-ending Desolation that will follow. The secrets she needs can be found at the Shattered Plains, but just arriving there proves more difficult than she could have imagined. Meanwhile, at the heart of the Shattered Plains, the Parshendi are making an epochal decision. Hard pressed by years of Alethi attacks, their numbers ever shrinking, they are convinced by their war leader, Eshonai, to risk everything on a desperate gamble with the very supernatural forces they once fled. The possible consequences for Parshendi and humans alike, indeed, for Roshar itself, are as dangerous as they are incalculable."
16248068,"The Elite (The Selection, #2)",2987125,3.94,883518,52312,336,English,2013,16138,"The Selection began with thirty-five girls. Now with the group narrowed down to the six Elite, the competition to win Prince Maxon's heart is fiercer than ever—and America is still struggling to decide where her heart truly lies. Is it with Maxon, who could make her life a fairy tale? Or with her first love, Aspen? America is desperate for more time. But the rest of the Elite know exactly what they want—and America's chance to choose is about to slip away."
41681,The Jungle,23510,3.78,156199,8449,335,English,2003,7080,"For nearly a century, the original version of Upton Sinclair's classic novel has remained almost entirely unknown. When it was published in serial form in 1905, it was a full third longer than the censored, commercial edition published in book form the following year. That expurgated commercial edition edited out much of the ethnic flavor of the original, as well as some of the goriest descriptions of the meat-packing industry and much of Sinclair's most pointed social and political commentary. The text of this new edition is as it appeared in the original uncensored edition of 1905. It contains the full 36 chapters as originally published, rather than the 31 of the expurgated edition. A new foreword describes the discovery in the 1980s of the original edition and its subsequent suppression, and a new introduction places the novel in historical context by explaining the pattern of censorship in the shorter commercial edition."
4137,Me Talk Pretty One Day,2849,4.01,724822,21544,272,English,2001,9921,"Anyone that has read NAKED and BARREL FEVER, or heard David Sedaris speaking live or on the radio will tell you that a new collection from him is cause for jubilation. His recent move to Paris from New York inspired these hilarious new pieces, including 'Me Talk Pretty One Day', about his attempts to learn French from a sadistic teacher who declares that 'every day spent with you is like having a caesarean section'. His family is another inspiration. 'You Can't Kill the Rooster' is a portrait of his brother, who talks incessant hip-hop slang to his bewildered father. And no one hones a finer fury in response to such modern annoyances as restaurant meals presented in ludicrous towers of food and cashiers with six-inch fingernails."
13104080,"Unravel Me (Shatter Me, #2)",4637539,4.1,786705,71918,480,English,2013,26347,"It should have taken Juliette a single touch to kill Warner. But his mysterious immunity to her deadly power has left her shaken, wondering why her ultimate defense mechanism failed against the person she most needs protection from. She and Adam were able to escape Warner’s clutches and join up with a group of rebels, many of whom have powers of their own. Juliette will finally be able to actively fight against The Reestablishment and try to fix her broken world. And perhaps these new allies can help her shed light on the secret behind Adam’s—and Warner’s—immunity to her killer skin."
137791,Divine Secrets of the Ya-Ya Sisterhood,3489,3.86,570151,5059,383,English,2004,1972,"When Siddalee Walker, oldest daughter of Vivi Abbott Walker, Ya-Ya extraordinaire, is interviewed in the New York Times about a hit play she's directed, her mother gets described as a ""tap-dancing child abuser."" Enraged, Vivi disowns Sidda. Devastated, Sidda begs forgiveness, and postpones her upcoming wedding. All looks bleak until the Ya-Yas step in and convince Vivi to send Sidda a scrapbook of their girlhood mementos, called ""Divine Secrets of the Ya-Ya Sisterhood."" As Sidda struggles to analyze her mother, she comes face to face with the tangled beauty of imperfect love, and the fact that forgiveness, more than understanding, is often what the heart longs for."
8852,Macbeth,947,3.89,1037745,27216,249,English,2013,18536,"One night on the heath, the brave and respected general Macbeth encounters three witches who foretell that he will become king of Scotland. At first sceptical, he’s urged on by the ruthless, single-minded ambitions of Lady Macbeth, who suffers none of her husband’s doubt. But seeing the prophecy through to the bloody end leads them both spiralling into paranoia, tyranny, madness, and murder. This shocking tragedy - a violent caution to those seeking power for its own sake - is, to this day, one of Shakespeare’s most popular and influential masterpieces."
35068705,"The Poppy War (The Poppy War, #1)",16820001,4.16,515010,80494,545,English,2018,58534,"An epic historical military fantasy, inspired by the bloody history of China’s twentieth century and filled with treachery and magic. When Rin aced the Keju—the Empire-wide test to find the most talented youth to learn at the Academies—it was a shock to everyone: to the test officials, who couldn’t believe a war orphan from Rooster Province could pass without cheating; to Rin’s guardians, who believed they’d finally be able to marry her off and further their criminal enterprise; and to Rin herself, who realized she was finally free of the servitude and despair that had made up her daily existence. That she got into Sinegard—the most elite military school in Nikan—was even more surprising. But surprises aren’t always good. Because being a dark-skinned peasant girl from the south is not an easy thing at Sinegard. Targeted from the outset by rival classmates for her color, poverty, and gender, Rin discovers she possesses a lethal, unearthly power—an aptitude for the nearly-mythical art of shamanism. Exploring the depths of her gift with the help of a seemingly insane teacher and psychoactive substances, Rin learns that gods long thought dead are very much alive—and that mastering control over those powers could mean more than just surviving school. For while the Nikara Empire is at peace, the Federation of Mugen still lurks across a narrow sea. The militarily advanced Federation occupied Nikan for decades after the First Poppy War, and only barely lost the continent in the Second. And while most of the people are complacent to go about their lives, a few are aware that a Third Poppy War is just a spark away . . . Rin’s shamanic powers may be the only way to save her people. But as she finds out more about the god that has chosen her, the vengeful Phoenix, she fears that winning the war may cost her humanity . . . and that it may already be too late."
84369,"The Last Battle (Chronicles of Narnia, #7)",1069006,4.01,310320,13451,288,English,2005,2797,"NARNIA... where dwarfs are loyal and tough and strong—or are they? ...where you must say goodbye... and where the adventure begins again. The unicorn says that humans are brought to Narnia when Narnia is stirred and upset. And Narnia is in trouble now: A false Aslan roams the land. Narnia's only hope is that Eustace and Jill, old friends to Narnia, will be able to find the true Aslan and restore peace to the land. Their task is a difficult one because, as the Centaur says, ""The stars never lie, but Men and Beasts do."" Who is the real Aslan and who is the imposter?"
676924,"Betrayed (House of Night, #2)",17015,3.92,281093,6625,310,English,2007,3031,"Also see: Alternate Cover Editions for this ISBN [ACE] ACE #1 Zoey, High Priestess in training, has managed to settle in at the House of Night and come to terms with the vast powers the Vampyre Goddess Nyx has given her. Just as she finally feels she belongs, the unthinkable happens: human teenagers are being killed, and all evidence points to the House of Night. While danger stalks the humans from Zoey’s old life, she begins to realize that the very powers that make her so unique might also threaten those she loves."
11901,"The Witching Hour (Lives of the Mayfair Witches, #1)",7577,4.1,125871,5755,1216,English,2004,9013,"From the author of the extraordinary Vampire Chronicles comes a huge, hypnotic novel of witchcraft and the occult through four centuries. Demonstrating, once again, her gift for spellbinding storytelling and the creation of legend, Anne Rice makes real for us a great dynasty of witches—a family given to poetry and to incest, to murder and to philosophy; a family that, over the ages, is itself haunted by a powerful, dangerous, and seductive being. On the veranda of a great New Orleans house, now faded, a mute and fragile woman sits rocking... and The Witching Hour begins. It begins in our time with a rescue at sea. Rowan Mayfair, a beautiful woman, a brilliant practitioner of neurosurgery—aware that she has special powers but unaware that she comes from an ancient line of witches—finds the drowned body of a man off the coast of California and brings him to life. He is Michael Curry, who was born in New Orleans and orphaned in childhood by fire on Christmas Eve, who pulled himself up from poverty, and who now, in his brief interval of death, has acquired a sensory power that mystifies and frightens him. As these two, fiercely drawn to each other, fall in love and—in passionate alliance—set out to solve the mystery of her past and his unwelcome gift, the novel moves backward and forward in time from today's New Orleans and San Francisco to long-ago Amsterdam and a château in the France of Louis XIV. An intricate tale of evil unfolds—an evil unleashed in seventeenth-century Scotland, where the first ""witch,"" Suzanne of the Mayfair, conjures up the spirit she names Lasher... a creation that spells her own destruction and torments each of her descendants in turn. From the coffee plantations of Port au Prince, where the great Mayfair fortune is made and the legacy of their dark power is almost destroyed, to Civil War New Orleans, as Julien—the clan's only male to be endowed with occult powers—provides for the dynasty its foothold in America, the dark, luminous story encompasses dramas of seduction and death, episodes of tenderness and healing. And always—through peril and escape, tension and release—there swirl around us the echoes of eternal war: innocence versus the corruption of the spirit, sanity against madness, life against death. With a dreamlike power, the novel draws us, through circuitous, twilight paths, to the present and Rowan's increasingly inspired and risky moves in the merciless game that binds her to her heritage. And in New Orleans, on Christmas Eve, this strangest of family sagas is brought to its startling climax."
5308,The Pearl,585,3.58,279137,17112,96,English,2002,4553,"Like his father and grandfather before him, Kino is a poor diver, gathering pearls from the gulf beds that once brought great wealth to the kings of Spain and now provide Kino, Juana, and their infant son with meager subsistence. Then, on a day like any other, Kino emerges from the sea with a pearl as large as a sea gull’s egg, as “perfect as the moon.” With the pearl comes hope, the promise of comfort and of security… A story of classic simplicity, based on a Mexican folk tale, The Pearl explores the secrets of man’s nature, greed, the darkest depths of evil, and the luminous possibilities of love."
77142,Snow Falling on Cedars,1873,3.86,195691,6679,460,English,1995,3630,"Gripping, tragic, and densely atmospheric—a masterpiece of suspense San Piedro Island, north of Puget Sound, is a place so isolated that no one who lives there can afford to make enemies. But in 1954 a local fisherman is found suspiciously drowned, and a Japanese American named Kabuo Miyamoto is charged with his murder. In the course of the ensuing trial, it becomes clear that what is at stake is more than a man's guilt. For on San Pedro, memories of a charmed love affair between a white boy and the Japanese girl who grew up to become Kabuo's wife; memories of land desired, paid for, and lost. Above all, San Piedro is haunted by the memory of what happened to its Japanese residents during World War II, when an entire community was sent into exile while its neighbors watched."
53138095,"A ​Court of Silver Flames (A Court of Thorns and Roses, #5)",3433047,4.45,2180017,179027,757,English,2021,97535,"Sarah J. Maas's sexy, richly imagined series continues with the journey of Feyre's fiery sister, Nesta. Nesta Archeron has always been prickly-proud, swift to anger, and slow to forgive. And ever since being forced into the Cauldron and becoming High Fae against her will, she's struggled to find a place for herself within the strange, deadly world she inhabits. Worse, she can't seem to move past the horrors of the war with Hybern and all she lost in it. The one person who ignites her temper more than any other is Cassian, the battle-scarred warrior whose position in Rhysand and Feyre's Night Court keeps him constantly in Nesta's orbit. But her temper isn't the only thing Cassian ignites. The fire between them is undeniable, and only burns hotter as they are forced into close quarters with each other. Meanwhile, the treacherous human queens who returned to the Continent during the last war have forged a dangerous new alliance, threatening the fragile peace that has settled over the realms. And the key to halting them might very well rely on Cassian and Nesta facing their haunting pasts. Against the sweeping backdrop of a world seared by war and plagued with uncertainty, Nesta and Cassian battle monsters from within and without as they search for acceptance-and healing-in each other's arms."
42900,"Lover Awakened (Black Dagger Brotherhood, #3)",20248,4.43,190179,8568,434,English,2006,2993,"In the shadows of the night in Caldwell, New York, there’s a deadly war raging between vampires and their slayers. And there exists a secret band of brothers like no other - six vampire warriors, defenders of their race. Of these, Zsadist is the most terrifying member of the Black Dagger Brotherhood. A former blood slave, the vampire Zsadist still bears the scars from a past filled with suffering and humiliation. Renowned for his unquenchable fury and sinister deeds, he is a savage feared by humans and vampires alike. Anger is his only companion, and terror is his only passion—until he rescues a beautiful aristocrat from the evil Lessening Society. Bella is instantly entranced by the seething power Zsadist possesses. But even as their desire for one another begins to overtake them both, Zsadist’s thirst for vengeance against Bella’s tormentors drives him to the brink of madness. Now, Bella must help her lover overcome the wounds of his tortured past, and find a future with her…"
179780,"The Exorcist (The Exorcist, #1)",104728,4.21,276454,13261,385,English,1994,8884,"Originally published in 1971, The Exorcist, one of the most controversial novels ever written, went on to become a literary phenomenon: It spent fifty-seven weeks on the New York Times bestseller list, seventeen consecutively at number one. Inspired by a true story of a child's demonic possession in the 1940s, William Peter Blatty created an iconic novel that focuses on Regan, the eleven-year-old daughter of a movie actress residing in Washington, D.C. A small group of overwhelmed yet determined individuals must rescue Regan from her unspeakable fate, and the drama that ensues is gripping and unfailingly terrifying. Two years after its publication, The Exorcist was, of course, turned into a wildly popular motion picture, garnering ten Academy Award nominations. On opening day of the film, lines of the novel's fans stretched around city blocks. In Chicago, frustrated moviegoers used a battering ram to gain entry through the double side doors of a theater. In Kansas City, police used tear gas to disperse an impatient crowd who tried to force their way into a cinema. The three major television networks carried footage of these events; CBS's Walter Cronkite devoted almost ten minutes to the story. The Exorcist was, and is, more than just a novel and a film: it is a literary landmark. Purposefully raw and profane, The Exorcist still has the extraordinary ability to disturb readers and cause them to forget that it is ""just a story."" Newly polished and added to by it author and published here in this beautiful fortieth anniversary edition, it remains an unforgettable reading experience and will continue to shock and frighten a new generation of readers."
2866718,"Untamed (House of Night, #4)",17015,3.94,245971,4273,338,English,2009,1624,"Zoey Redbird's adventures at vampyre finishing school take a wild and dangerous turn as loyalties are tested and shocking true intentions come to light, in this spellbinding fourth novel in the House of Night series."
256566,Everything is Illuminated,2617,3.89,184506,9134,276,English,2003,4280,"With only a yellowing photograph in hand, a young man -- also named Jonathan Safran Foer -- sets out to find the woman who may or may not have saved his grandfather from the Nazis. Accompanied by an old man haunted by memories of the war; an amorous dog named Sammy Davis, Junior, Junior; and the unforgettable Alex, a young Ukrainian translator who speaks in a sublimely butchered English, Jonathan is led on a quixotic journey over a devastated landscape and into an unexpected past."
52578297,"The Midnight Library (The Midnight World, #1)",76360,3.97,2552409,254987,288,English,2020,119628,"Between life and death there is a library. When Nora Seed finds herself in the Midnight Library, she has a chance to make things right. Up until now, her life has been full of misery and regret. She feels she has let everyone down, including herself. But things are about to change. The books in the Midnight Library enable Nora to live as if she had done things differently. With the help of an old friend, she can now undo every one of her regrets as she tries to work out her perfect life. But things aren't always what she imagined they'd be, and soon her choices place the library and herself in extreme danger. Before time runs out, she must answer the ultimate question: what is the best way to live?"
18765,"I, Claudius (Claudius, #1)",3012988,4.24,74099,4210,469,English,1989,4429,"A modern classic of historical fiction written in the form of Claudius's autobiography. Tiberius Claudius Drusus Nero Germanicus lived from 10 B.C. to 54 A.D. Despised as a weakling and dismissed as an idiot because of his physical infirmities, Claudius survived the intrigues and poisonings that marked the reigns of Augustus, Tiberius, and the mad Caligula to become emperor of Rome in 41 A.D. The first part of Robert Graves’s two-part account of the life of Tiberius Claudius, I, Claudius stands as a landmark historical novel of the 20th century from one of its great writers."
8908,World War Z: An Oral History of the Zombie War,5791,4.02,573401,32716,342,English,2006,17388,"The Zombie War came unthinkably close to eradicating humanity. Max Brooks, driven by the urgency of preserving the acid-etched first-hand experiences of the survivors from those apocalyptic years, traveled across the United States of America and throughout the world, from decimated cities that once teemed with upwards of thirty million souls to the most remote and inhospitable areas of the planet. He recorded the testimony of men, women, and sometimes children who came face-to-face with the living, or at least the undead, hell of that dreadful time. World War Z is the result. Never before have we had access to a document that so powerfully conveys the depth of fear and horror, and also the ineradicable spirit of resistance, that gripped human society through the plague years. Ranging from the now infamous village of New Dachang in the United Federation of China, where the epidemiological trail began with the twelve-year-old Patient Zero, to the unnamed northern forests where untold numbers sought a terrible and temporary refuge in the cold, to the United States of Southern Africa, where the Redeker Plan provided hope for humanity at an unspeakable price, to the west-of-the-Rockies redoubt where the North American tide finally started to turn, this invaluable chronicle reflects the full scope and duration of the Zombie War. Most of all, the book captures with haunting immediacy the human dimension of this epochal event. Facing the often raw and vivid nature of these personal accounts requires a degree of courage on the part of the reader, but the effort is invaluable because, as Mr. Brooks says in his introduction, ""By excluding the human factor, aren't we risking the kind of personal detachment from history that may, heaven forbid, lead us one day to repeat it? And in the end, isn't the human factor the only true difference between us and the enemy we now refer to as 'the living dead'?"" Note: Some of the numerical and factual material contained in this edition was previously published under the auspices of the United Nations Postwar Commission."
75513900,"Powerless (The Powerless Trilogy, #1)",21728475,4.15,1021596,133600,526,English,2023,79054,"She is the very thing he’s spent his whole life hunting. He is the very thing she’s spent her whole life pretending to be. Only the extraordinary belong in the kingdom of Ilya—the exceptional, the empowered, the Elites. The powers these Elites have possessed for decades were graciously gifted to them by the Plague, though not all were fortunate enough to both survive the sickness and reap the reward. Those born Ordinary are just that—ordinary. And when the king decreed that all Ordinaries be banished in order to preserve his Elite society, lacking an ability suddenly became a crime—making Paedyn Gray a felon by fate and a thief by necessity. Surviving in the slums as an Ordinary is no simple task, and Paedyn knows this better than most. Having been trained by her father to be overly observant since she was a child, Paedyn poses as a Psychic in the crowded city, blending in with the Elites as best she can in order to stay alive and out of trouble. Easier said than done. When Paeydn unsuspectingly saves one of Ilyas princes, she finds herself thrown into the Purging Trials. The brutal competition exists to showcase the Elites’ powers—the very thing Paedyn lacks. If the Trials and the opponents within them don’t kill her, the prince she’s fighting feelings for certainly will if he discovers what she is—completely Ordinary."
3087,A Room with a View,86404,3.89,204562,11313,119,English,2005,9718,"""But you do,"" he went on, not waiting for contradiction. ""You love the boy body and soul, plainly, directly, as he loves you, and no other word expresses it ..."" Lucy has her rigid, middle-class life mapped out for her, until she visits Florence with her uptight cousin Charlotte, and finds her neatly ordered existence thrown off balance. Her eyes are opened by the unconventional characters she meets at the Pension Bertolini: flamboyant romantic novelist Eleanor Lavish, the Cockney Signora, curious Mr Emerson and, most of all, his passionate son George. Lucy finds herself torn between the intensity of life in Italy and the repressed morals of Edwardian England, personified in her terminally dull fiancé Cecil Vyse. Will she ever learn to follow her own heart?"
8909,The War of the Worlds,880695,3.83,355154,15997,192,English,2002,18790,"'Death!' I shouted. 'Death is coming! Death!' A cylinder from space lands in south-west London, and naïve locals approach it armed with a white flag - only to be instantly incinerated by an all-destroying heat-ray, as tentacled Martians emerge. Soon the whole of humanity is under threat, as the invaders build gigantic killing machines that chase and feast on human prey. H. G. Well's 1898 novel was a pioneering work of alien invasion fiction. Greeted with acclaim and alarm on its publication, The War of the Worlds's factual, journalistic style contrasts shockingly with its fantastical and often disturbing story of humanity under siege."
27883214,"Caraval (Caraval, #1)",14137787,3.97,924021,115032,407,English,2017,41879,"Welcome, welcome to CARAVAL, Stephanie Garber’s enchanting, NEW YORK TIMES bestselling fantasy debut about two sisters swept up in a mysterious competition filled with magic, heartbreak, and danger THE MILLION-COPY BESTSELLER! Scarlett has never left the tiny island where she and her beloved sister, Tella, live with their powerful and cruel father. Now Scarlett’s father has arranged a marriage for her, and Scarlett thinks her dreams of seeing Caraval, the far-away, once-a-year performance where the audience participates in the show, are over. But this year, Scarlett's long-dreamt-of invitation finally arrives. With the help of a mysterious sailor, Tella whisks Scarlett away to attend. Only, as soon as they arrive, Tella is kidnapped by Caraval’s mastermind organizer, Legend. It turns out that this season's Caraval revolves around Tella, and whoever finds her first is the winner. Scarlett has been told that everything that happens during Caraval is only an elaborate performance. But whether Caraval is real or not, she must find Tella before the five nights of the game are over, and her sister disappears forever. Continue the adventure in Legendary, Finale, and Spectacular―out now! Also by Stephanie Garber: The Once Upon a Broken Heart Series: - Once Upon a Broken Heart - The Ballad of Never After - A Curse for True Love - The Mirror of Infinite Endings Alchemy of Secrets"
16101128,"The 5th Wave (The 5th Wave, #1)",3377941,4.0,482459,32735,457,English,2013,15253,"After the 1st wave, only darkness remains. After the 2nd, only the lucky escape. And after the 3rd, only the unlucky survive. After the 4th wave, only one rule applies: trust no one. Now, it's the dawn of the 5th wave, and on a lonely stretch of highway, Cassie runs from Them. The beings who only look human, who roam the countryside killing anyone they see. Who have scattered Earth's last survivors. To stay alone is to stay alive, Cassie believes, until she meets Evan Walker. Beguiling and mysterious, Evan Walker may be Cassie's only hope for rescuing her brother—or even saving herself. But Cassie must choose: between trust and despair, between defiance and surrender, between life and death. To give up or to get up."
31242,Bleak House,239579,4.02,115519,6381,1017,English,2006,9815,"The complex story of a notorious law-suit in which love and inheritance are set against the classic urban background of 19th-century London, where fog on the river, seeping into the very bones of the characters, symbolizes the corruption of the legal system and the society which supports it. “Jarndyce and Jarndyce” is an infamous lawsuit that has been in process for generations. Nobody can remember exactly how the case started but many different individuals have found their fortunes caught up in it. Esther Summerson watches as her friends and neighbours are consumed by their hopes and disappointments with the proceedings. But while the intricate puzzles of the lawsuit are being debated by lawyers, other more dramatic mysteries are unfolding that involve heartbreak, lost children, blackmail and murder. The fog and cold that permeate Bleak House mirror a Victorian England mired in spiritual insolvency. Dickens brought all his passion, brilliance, and narrative verve to this huge novel of lives entangled in a multi-generational lawsuit—and through it, he achieved, at age 41, a stature almost Shakespearean."
10194157,"Shadow and Bone (Shadow and Bone, #1)",4575289,3.91,1127706,94899,358,English,2012,36729,"Alternative Cover Edition #1 Surrounded by enemies, the once-great nation of Ravka has been torn in two by the Shadow Fold, a swath of near impenetrable darkness crawling with monsters who feast on human flesh. Now its fate may rest on the shoulders of one lonely refugee. Alina Starkov has never been good at anything. But when her regiment is attacked on the Fold and her best friend is brutally injured, Alina reveals a dormant power that saves his life—a power that could be the key to setting her war-ravaged country free. Wrenched from everything she knows, Alina is whisked away to the royal court to be trained as a member of the Grisha, the magical elite led by the mysterious Darkling. Yet nothing in this lavish world is what it seems. With darkness looming and an entire kingdom depending on her untamed power, Alina will have to confront the secrets of the Grisha . . . and the secrets of her heart."
55710822,"Better Than the Movies (Better Than the Movies, #1)",19322026,4.25,827544,119933,356,English,2021,33033,"In this rom-com about rom-coms, in the spirit of Kasie West and Jenn Bennett, a hopeless romantic teen attempts to secure a happily-ever-after moment with her forever crush, but finds herself reluctantly drawn to the boy next door. Perpetual daydreamer Liz Buxbaum gave her heart to Michael a long time ago. But her cool, aloof forever crush never really saw her before he moved away. Now that he’s back in town, Liz will do whatever it takes to get on his radar - and maybe snag him as a prom date - even befriend Wes Bennet. The annoyingly attractive next-door neighbor might seem like a prime candidate for romantic-comedy fantasies, but Wes has only been a pain in Liz’s butt since they were kids. Pranks involving frogs and decapitated lawn gnomes do not a potential boyfriend make. Yet, somehow, Wes and Michael are hitting it off, which means Wes is Liz’s in. But as Liz and Wes scheme to get Liz noticed by Michael so she can have her magical prom moment, she’s shocked to discover that she likes being around Wes. And as they continue to grow closer, she must reexamine everything she thought she knew about love - and rethink her own ideas of what happily ever after should look like."
764347,"Unwind (Unwind, #1)",19564,4.17,252171,25153,337,English,2007,7685,"Connor, Risa, and Lev are running for their lives. The Second Civil War was fought over reproductive rights. The chilling resolution: Life is inviolable from the moment of conception until age thirteen. Between the ages of thirteen and eighteen, however, parents can have their child ""unwound,"" whereby all of the child's organs are transplanted into different donors, so life doesn't technically end. Connor is too difficult for his parents to control. Risa, a ward of the state, is not enough to be kept alive. And Lev is a tithe, a child conceived and raised to be unwound. Together, they may have a chance to escape and to survive."
1326258,"Chosen (House of Night, #3)",17015,3.91,256605,5278,307,English,2008,1896,"Dark forces are at work at the House of Night and Zoey Redbird’s adventures at the school take a mysterious turn. Her best friend, Stevie Rae, is undead and struggling to maintain a grip on her humanity. Zoey finds herself in the very unexpected and rare situation of having three boyfriends. Mix a little bloodlust into the equation and the situation has the potential to spell social disaster. Just when it seems things couldn’t get any tougher, vampyres start turning up dead. Really dead. It looks like the People of Faith are tired of living side-by-side with vampyres. But, as Zoey and her friends so often find out, how things appear rarely affects the truth…"
5890,The Woman in White,4012,4.02,168457,11628,672,English,2003,14008,"Librarian note: Alternate covers can be found here and here. 'In one moment, every drop of blood in my body was brought to a stop... There, as if it had that moment sprung out of the earth, stood the figure of a solitary Woman, dressed from head to foot in white' The Woman in White famously opens with Walter Hartright's eerie encounter on a moonlit London road. Engaged as a drawing master to the beautiful Laura Fairlie, Walter becomes embroiled in the sinister intrigues of Sir Percival Glyde and his 'charming' friend Count Fosco, who has a taste for white mice, vanilla bonbons, and poison. Pursuing questions of identity and insanity along the paths and corridors of English country houses and the madhouse, The Woman in White is the first and most influential of the Victorian genre that combined Gothic horror with psychological realism. Matthew Sweet's introduction explores the phenomenon of Victorian 'sensation' fiction, and discusses Wilkie Collins's biographical and societal influences. Included in this edition are appendices on theatrical adaptations of the novel and its serialisation history."
17788401,Ugly Love,5430144,3.99,2356547,146513,330,English,2014,50452,"When Tate Collins meets airline pilot Miles Archer, she knows it isn’t love at first sight. They wouldn’t even go so far as to consider themselves friends. The only thing Tate and Miles have in common is an undeniable mutual attraction. Once their desires are out in the open, they realize they have the perfect set-up. He doesn’t want love, she doesn’t have time for love, so that just leaves the sex. Their arrangement could be surprisingly seamless, as long as Tate can stick to the only two rules Miles has for her. Never ask about the past. Don’t expect a future. They think they can handle it, but realize almost immediately they can’t handle it at all. Hearts get infiltrated. Promises get broken. Rules get shattered. Love gets ugly."
156538,North and South,1413437,4.15,186226,12293,521,English,1994,10177,"When her father leaves the Church in a crisis of conscience, Margaret Hale is uprooted from her comfortable home in Hampshire to move with her family to the north of England. Initially repulsed by the ugliness of her new surroundings in the industrial town of Milton, Margaret becomes aware of the poverty and suffering of the local mill workers and develops a passionate sense of social justice. This is intensified by her tempestuous relationship with the mill-owner and self-made man, John Thornton, as their fierce opposition over his treatment of his employees masks a deeper attraction. In North and South, Elizabeth Gaskell skillfully fuses individual feeling with social concern, and in Margaret Hale creates one of the most original heroines of Victorian literature."
28260587,"Empire of Storms (Throne of Glass, #5)",3433047,4.63,1306510,105521,689,English,2016,90342,"Kingdoms will collide. The long path to the throne has only just begun for Aelin Galathynius as war looms on the horizon. Loyalties have been broken and bought, friends have been lost and gained, and those who possess magic find themselves at odds with those who don't. With her heart sworn to the warrior-prince by her side, and her fealty pledged to the people she is determined to save, Aelin will delve into the depths of her power to protect those she loves. But as monsters emerge from the horrors of the past, and dark forces become poised to claim her world, the only chance for salvation will lie in a desperate quest that may mark the end of everything Aelin holds dear. In this breathtaking fifth installment of the New York Times bestselling Throne of Glass series, Aelin will have to choose what—and who—to sacrifice if she's to keep the world of Erilea from breaking apart."
30933,Brideshead Revisited,11315,4.0,128586,8951,351,English,1999,7029,"The most nostalgic and reflective of Evelyn Waugh's novels, Brideshead Revisited looks back to the golden age before the Second World War. It tells the story of Charles Ryder's infatuation with the Marchmains and the rapidly-disappearing world of privilege they inhabit. Enchanted first by Sebastian at Oxford, then by his doomed Catholic family, in particular his remote sister, Julia, Charles comes finally to recognize only his spiritual and social distance from them."
40597810,Daisy Jones &amp; The Six,6572605,4.19,1899226,219766,368,English,2019,62546,"Everyone knows DAISY JONES & THE SIX, but nobody knows the reason behind their split at the absolute height of their popularity . . . until now. Daisy is a girl coming of age in L.A. in the late sixties, sneaking into clubs on the Sunset Strip, sleeping with rock stars, and dreaming of singing at the Whisky a Go Go. The sex and drugs are thrilling, but it’s the rock ’n’ roll she loves most. By the time she’s twenty, her voice is getting noticed, and she has the kind of heedless beauty that makes people do crazy things. Also getting noticed is The Six, a band led by the brooding Billy Dunne. On the eve of their first tour, his girlfriend Camila finds out she’s pregnant, and with the pressure of impending fatherhood and fame, Billy goes a little wild on the road. Daisy and Billy cross paths when a producer realizes that the key to supercharged success is to put the two together. What happens next will become the stuff of legend. The making of that legend is chronicled in this riveting and unforgettable novel, written as an oral history of one of the biggest bands of the seventies. Taylor Jenkins Reid is a talented writer who takes her work to a new level with Daisy Jones & The Six, brilliantly capturing a place and time in an utterly distinctive voice."
112204,The Complete Poems of Emily Dickinson,7440,4.29,107154,1927,716,English,1976,5330,"THE ONLY ONE-VOLUME EDITION CONTAINING ALL 1,775 OF EMILY DICKINSON’S POEMS Only eleven of Emily Dickinson’s poems were published prior to her death in 1886; the startling originality of her work doomed it to obscurity in her lifetime. Early posthumously published collections-some of them featuring liberally “edited” versions of the poems-did not fully and accurately represent Dickinson’s bold experiments in prosody, her tragic vision, and the range of her intellectual and emotional explorations. Not until the 1955 publication of The Complete Poems of Emily Dickinson, a three-volume critical edition compiled by Thomas H. Johnson, were readers able for the first time to assess, understand, and appreciate the whole of Dickinson’s extraordinary poetic genius. This book, a distillation of the three-volume Complete Poems, brings together the original texts of all 1,775 poems that Emily Dickinson wrote."
56732449,The Love Hypothesis,21098177,4.09,1978339,204048,400,English,2021,49868,"When a fake relationship between scientists meets the irresistible force of attraction, it throws one woman's carefully calculated theories on love into chaos As a third-year Ph.D. candidate, Olive Smith doesn't believe in lasting romantic relationships—but her best friend does, and that's what got her into this situation. Convincing Anh that Olive is dating and well on her way to a happily ever after was always going to take more than hand-wavy Jedi mind tricks: Scientists require proof. So, like any self-respecting biologist, Olive panics and kisses the first man she sees. That man is none other than Adam Carlsen, a young hotshot professor—and well-known ass. Which is why Olive is positively floored when Stanford's reigning lab tyrant agrees to keep her charade a secret and be her fake boyfriend. And when a big science conference goes haywire, putting Olive's career on the Bunsen burner, Adam surprises her again with his unyielding support and even more unyielding. . . six-pack abs. Suddenly their little experiment feels dangerously close to combustion. And Olive discovers that the only thing more complicated than a hypothesis on love is putting her own heart under the microscope."
36336078,"Call Me By Your Name (Call Me By Your Name, #1)",2922229,4.1,609392,57235,248,English,2017,33191,"Call Me by Your Name is the story of a sudden and powerful romance that blossoms between an adolescent boy and a summer guest at his parents' cliff-side mansion on the Italian Riviera. Unprepared for the consequences of their attraction, at first each feigns indifference. But during the restless summer weeks that follow, unrelenting buried currents of obsession and fear, fascination and desire, intensify their passion as they test the charged ground between them. What grows from the depths of their spirits is a romance of scarcely six weeks' duration and an experience that marks them for a lifetime. For what the two discover on the Riviera and during a sultry evening in Rome is the one thing both already fear they may never truly find again: total intimacy. The psychological maneuvers that accompany attraction have seldom been more shrewdly captured than in André Aciman's frank, unsentimental, heartrending elegy to human passion. Call Me by Your Name is clear-eyed, bare-knuckled, and ultimately unforgettable."
30528535,انتحار فاشل,15342319,4.54,3337,535,175,Arabic,2016,134,"كتاب ""انتحار فاشل"" عبارة عن مجموعة قصصية متنوعة تجمع ما بين القصة الساخرة، الاجتماعية، الرعب، وحتى القصص المبنية على أحداث حقيقية، يلعب ""أحمد رمضان"" فى هذه المجموعة ببراعة شديدة على وتر الأفكار المختلفة والنهايات المفاجئة، حتى فى القصص التى تبدو أفكارها مألوفة تأتى المعالجة شديدة التميز والنهاية مخالفة تماماً للتوقعات تضيف أبعاداً أكثر عمقاً للعمل."
59344312,Verity,5430144,4.29,3961966,311771,336,English,2021,120969,"Lowen Ashleigh is a struggling writer on the brink of financial ruin when she accepts the job offer of a lifetime. Jeremy Crawford, husband of bestselling author Verity Crawford, has hired Lowen to complete the remaining books in a successful series his injured wife is unable to finish. Lowen arrives at the Crawford home, ready to sort through years of Verity's notes and outlines, hoping to find enough material to get her started. What Lowen doesn't expect to uncover in the chaotic office is an unfinished autobiography Verity never intended for anyone to read. Page after page of bone-chilling admissions, including Verity's recollection of what really happened the day her daughter died. Lowen decides to keep the manuscript hidden from Jeremy, knowing its contents would devastate the already grieving father. But as Lowen's feelings for Jeremy begin to intensify, she recognizes all the ways she could benefit if he were to read his wife's words. After all, no matter how devoted Jeremy is to his injured wife, a truth this horrifying would make it impossible for him to continue to love her."
54493401,Project Hail Mary,6540057,4.51,1557639,220629,476,English,2021,160858,"Ryland Grace is the sole survivor on a desperate, last-chance mission—and if he fails, humanity and the earth itself will perish. Except that right now, he doesn’t know that. He can’t even remember his own name, let alone the nature of his assignment or how to complete it. All he knows is that he’s been asleep for a very, very long time. And he’s just been awakened to find himself millions of miles from home, with nothing but two corpses for company. His crewmates dead, his memories fuzzily returning, Ryland realizes that an impossible task now confronts him. Hurtling through space on this tiny ship, it’s up to him to puzzle out an impossible scientific mystery—and conquer an extinction-level threat to our species. And with the clock ticking down and the nearest human being light-years away, he’s got to do it all alone. Or does he?"
14743,The God Delusion,1194,3.9,285655,10303,374,English,2006,17615,"A preeminent scientist - and the world's most prominent atheist - asserts the irrationality of belief in God, and the grievous harm religion has inflicted on society, from the Crusades to 9/11. With rigor and wit, Dawkins examines God in all his forms, from the sex-obsessed tyrant of the Old Testament, to the more benign (but still illogical) Celestial Watchmaker favored by some Enlightenment thinkers. He eviscerates the major arguments for religion, and demonstrates the supreme improbability of a supreme being. He shows how religion fuels war, foments bigotry, and abuses children, buttressing his points with historical and contemporary evidence. The God Delusion makes a compelling case that belief in God is not just wrong, but potentially deadly. It also offers exhilarating insight into the advantages of atheism to the individual and society, not the least of which is a clearer, truer appreciation of the universe's wonders than any faith could ever muster."
70535,"2001: A Space Odyssey (Space Odyssey, #1)",7779,4.18,339910,10387,297,English,2000,4766,"Le vaisseau Explorateur 1 fait route vers Saturne. À son bord, deux astronautes et le plus puissant ordinateur jamais conçu. Cinq ans plus tôt, un étrange monolithe noir a été découvert sur la Lune. La première preuve d'une existence extraterrestre. Et bien longtemps avant, à l'aube de l'humanité, un objet similaire s'était posé sur Terre et avait parlé aux premiers hommes. On détecte un nouveau signe de cette présence aux abords de Saturne. Que sont ces mystérieuses sentinelles ? Quel message doivent-elles délivrer ? Nous sommes en 2001, l'humanité a rendez-vous avec son destin."
51335759,"Good Girl, Bad Blood (A Good Girl's Guide to Murder, #2)",18229614,4.25,807874,81656,413,English,2020,33150,"Pip is not a detective anymore. With the help of Ravi Singh, she released a true-crime podcast about the murder case they solved together last year. The podcast has gone viral, yet Pip insists her investigating days are behind her. But she will have to break that promise when someone she knows goes missing. Jamie Reynolds has disappeared, on the very same night the town hosted a memorial for the sixth-year anniversary of the deaths of Andie Bell and Sal Singh. The police won't do anything about it. And if they won't look for Jamie then Pip will, uncovering more of her town's dark secrets along the way... and this time everyone is listening. But will she find him before it's too late?"
31548,Of Human Bondage,4176632,4.16,62314,4706,684,English,2007,7640,"From a tormented orphan with a clubfoot, Philip Carey grows into an impressionable young man with a voracious appetite for adventure and knowledge. His cravings take him to Paris at age eighteen to try his hand at art, then back to London to study medicine. But even so, nothing can sate his nagging hunger for experience. Then he falls obsessively in love, embarking on a disastrous relationship that will change his life forever.… Marked by countless similarities to Maugham’s own life, his masterpiece is “not an autobiography,” as the author himself once contended, “but an autobiographical novel; fact and fiction are inexorably mingled; the emotions are my own.”"
30528544,العصبي,15342319,4.59,2901,472,165,Arabic,2016,58,كان الجميع يعلم أنه عصبى .. هذه ليست المشكلة، المشكلة أنه كان يعترف بهذا، كان يعترف أنه عصبى، سريع الاستثارة، ومندفع؛ لكنه لم يحاول تغيير ذلك أبداً، كان ينتابه الغضب ويندفع فى السباب كالسيل العارم لأتفه الأسباب، وأحيانا بدون أسباب تذكر، يفقد أعصابه بسهولة فيثور دون أن يبالى بالعواقب، برميل من البارود قابل للاشتعال فى أى لحظة كما يحلو للبعض أن يصفه، تلك كانت طبيعته المميزة، وهكذا مضت حياته، مشاكل له .. ومأساة للآخرين ممن أوقعهم حظهم العاثر فى دائرة التعامل معه... جيرانه يخشون الاقتراب منه بعد أن علمتهم التجارب أن الاحتكاك به ينتهى دوما بنتائج وخيمة، زملاءه فى العمل يواصلون الشكوى منه ، وأصدقاءه يتناقصون تدريجياً.. فماذا سيفعل فى حياته؟ وما هى المشاكل التى ستواجهه؟ وماذا سيواجه؟ .
40495957,"Heartstopper: Volume One (Heartstopper, #1)",7789423,4.41,903352,82789,288,English,2018,6669,"Charlie, a highly-strung, openly gay over-thinker, and Nick, a cheerful, soft-hearted rugby player, meet at a British all-boys grammar school. Friendship blooms quickly, but could there be something more...? Charlie Spring is in Year 10 at Truham Grammar School for Boys. The past year hasn't been too great, but at least he's not being bullied anymore. Nick Nelson is in Year 11 and on the school rugby team. He's heard a little about Charlie - the kid who was outed last year and bullied for a few months - but he's never had the opportunity to talk to him. They quickly become friends, and soon Charlie is falling hard for Nick, even though he doesn't think he has a chance. But love works in surprising ways, and sometimes good things are waiting just around the corner..."
18423,The Left Hand of Darkness,874602,4.1,228437,22043,304,English,2000,18017,"A groundbreaking work of science fiction, The Left Hand of Darkness tells the story of a lone human emissary to Winter, an alien world whose inhabitants spend most of their time without a gender. His goal is to facilitate Winter's inclusion in a growing intergalactic civilization. But to do so he must bridge the gulf between his own views and those of the completely dissimilar culture that he encounters. Embracing the aspects of psychology, society, and human emotion on an alien world, The Left Hand of Darkness stands as a landmark achievement in the annals of intellectual science fiction."
41057294,Normal People,15860970,3.81,1926368,196498,273,English,2019,74919,"At school Connell and Marianne pretend not to know each other. He’s popular and well-adjusted, star of the school soccer team while she is lonely, proud, and intensely private. But when Connell comes to pick his mother up from her housekeeping job at Marianne’s house, a strange and indelible connection grows between the two teenagers - one they are determined to conceal. A year later, they’re both studying at Trinity College in Dublin. Marianne has found her feet in a new social world while Connell hangs at the sidelines, shy and uncertain. Throughout their years in college, Marianne and Connell circle one another, straying toward other people and possibilities but always magnetically, irresistibly drawn back together. Then, as she veers into self-destruction and he begins to search for meaning elsewhere, each must confront how far they are willing to go to save the other. Sally Rooney brings her brilliant psychological acuity and perfectly spare prose to a story that explores the subtleties of class, the electricity of first love, and the complex entanglements of family and friendship."
5797,Vanity Fair,3953,3.81,133937,5154,867,English,2003,7520,"A novel that chronicles the lives of two women who could not be more different: Becky Sharp, an orphan whose only resources are her vast ambitions, her native wit, and her loose morals; and her schoolmate Amelia Sedley, a typically naive Victorian heroine, the pampered daughter of a wealthy family."
18774964,A Man Called Ove,6485178,4.38,1244638,131301,337,English,2014,51765,"Meet Ove. He's a curmudgeon, the kind of man who points at people he dislikes as if they were burglars caught outside his bedroom window. He has staunch principles, strict routines, and a short fuse. People call him the bitter neighbor from hell, but must Ove be bitter just because he doesn't walk around with a smile plastered to his face all the time? Behind the cranky exterior there is a story and a sadness. So when one November morning a chatty young couple with two chatty young daughters move in next door and accidentally flatten Ove's mailbox, it is the lead-in to a comical and heartwarming tale of unkempt cats, unexpected friendship, and the ancient art of backing up a U-Haul. All of which will change one cranky old man and a local residents' association to their very foundations."
8709527,"Bloodlines (Bloodlines, #1)",137902,4.2,191670,9222,432,English,2011,2360,"I wasn't free of my past, not yet. Sydney's blood is special. That's because she's an alchemist - one of a group of humans who dabble in magic and serve to bridge the worlds of humans and vampires. They protect vampire secrets - and human lives. But the last encounter Sydney had with vampires got her in deep trouble with the other alchemists. And now with her allegiances in question, her future is on the line. When Sydney is torn from her bed in the middle of the night, at first she thinks she's still being punished for her complicated alliance with dhampir Rose Hathaway. But what unfolds is far worse. Jill Dragomir - the sister of Moroi Queen Lissa Dragomir - is in mortal danger, and the Moroi must send her into hiding. To avoid a civil war, Sydney is called upon to act as Jill's guardian and protector, posing as her roommate in the unlikeliest of places: a human boarding school in Palm Springs, California. The last thing Sydney wants is to be accused of sympathizing with vampires. And now she has to live with one. The Moroi court believe Jill and Sydney will be safe at Amberwood Prep, but threats, distractions, and forbidden romance lurk both outside - and within - the school grounds. Now that they're in hiding, the drama is only just beginning."
6644117,"The Iron King (The Iron Fey, #1)",2995873,3.87,219002,13928,363,English,2010,4149,"Meghan Chase has a secret destiny; one she could never have imagined. Something has always felt slightly off in Meghan's life, ever since her father disappeared before her eyes when she was six. She has never quite fit in at school or at home. When a dark stranger begins watching her from afar, and her prankster best friend becomes strangely protective of her, Meghan senses that everything she's known is about to change. But she could never have guessed the truth - that she is the daughter of a mythical faery king and is a pawn in a deadly war. Now Meghan will learn just how far she'll go to save someone she cares about, to stop a mysterious evil, no faery creature dare face; and to find love with a young prince who might rather see her dead than let her touch his icy heart."
15839976,"Red Rising (Red Rising Saga, #1)",6474348,4.27,865803,95960,382,English,2014,84654,"Darrow is a Red, a member of the lowest caste in the color-coded society of the future. Like his fellow Reds, he works all day, believing that he and his people are making the surface of Mars livable for future generations. Yet he toils willingly, trusting that his blood and sweat will one day result in a better world for his children. But Darrow and his kind have been betrayed. Soon he discovers that humanity reached the surface generations ago. Vast cities and lush wilds spread across the planet. Darrow—and Reds like him—are nothing more than slaves to a decadent ruling class. Inspired by a longing for justice, and driven by the memory of lost love, Darrow sacrifices everything to infiltrate the legendary Institute, a proving ground for the dominant Gold caste, where the next generation of humanity’s overlords struggle for power. He will be forced to compete for his life and the very future of civilization against the best and most brutal of Society’s ruling class. There, he will stop at nothing to bring down his enemies . . . even if it means he has to become one of them to do so."
12957,Much Ado About Nothing,947,4.06,260925,7787,249,English,2004,3756,"In Much Ado About Nothing, Shakespeare includes two quite different stories of romantic love. Hero and Claudio fall in love almost at first sight, but an outsider, Don John, strikes out at their happiness. Beatrice and Benedick are kept apart by pride and mutual antagonism until others decide to play Cupid."
62984900,Those Empty Eyes,13922088,4.14,104275,8292,368,English,2023,16271,"The bestselling author of Twenty Years Later and master of modern suspense is back with a brilliantly twisting, skillfully plotted thriller perfect for fans of Jeneva Rose and Colleen Hoover’s Verity. Alex Armstrong has changed everything about herself—her name, her appearance, her backstory. She’s no longer the terrified teenager a rapt audience saw on television, emerging in handcuffs from the quiet suburban home the night her family was massacred. That girl, Alexandra Quinlan, nicknamed Empty Eyes by the media, was accused of the killings, fought to clear her name, and later took the stand during her highly publicized defamation lawsuit that captured the attention of the nation. It’s been ten years since, and Alex hasn’t stopped searching for answers about the night her family was killed, even as she continues to hide her real identity from true crime fanatics and grasping reporters still desperate to locate her. As a legal investigator, she works tirelessly to secure justice for others, too. People like Matthew Claymore, who’s under suspicion in the disappearance of his girlfriend, a student journalist named Laura McAllister. Laura was about to break a major story about rape and cover-ups on her college campus. Alex believes Matthew is innocent, and unearths stunning revelations about the university’s faculty, fraternity members, and powerful parents willing to do anything to protect their children. Most shocking of all—as Alex digs into Laura’s disappearance, she realizes there are unexpected connections to the murder of her own family. For as different as the crimes may seem, they each hinge on one sinister truth: no one is quite who they seem to be . . ."
31463,Far From the Madding Crowd,15905,3.97,168409,10010,433,English,2003,9260,"This is an alternate cover edition for ISBN 9780141439655 Independent and spirited Bathsheba Everdene has come to Weatherbury to take up her position as a farmer on the largest estate in the area. Her bold presence draws three very different suitors: the gentleman-farmer Boldwood, soldier-seducer Sergeant Troy and the devoted shepherd Gabriel Oak. Each, in contrasting ways, unsettles her decisions and complicates her life, and tragedy ensues, threatening the stability of the whole community. The first of his works set in the fictional county of Wessex, Hardy's novel of swift passion and slow courtship is imbued with his evocative descriptions of rural life and landscapes, and with unflinching honesty about sexual relationships."
40651883,Snow Crash,545,4.01,300399,13931,559,English,1992,15794,"In reality, Hiro Protagonist delivers pizza for Uncle Enzo's CosoNostra Pizza Inc., but in the Metaverse he's a warrior prince. Plunging headlong into the enigma of a new computer virus that's striking down hackers everywhere, he races along the neon-lit streets on a search-and-destroy mission for the shadowy virtual villain threatening to bring about infocalypse. Snow Crash is a mind-altering romp through a future America so bizarre, so outrageous… you'll recognize it immediately."
33385229,"They Both Die at the End (They Both Die at the End, #1)",7577278,3.75,887462,100978,389,English,2017,44086,"On September 5, a little after midnight, Death-Cast calls Mateo Torrez and Rufus Emeterio to give them some bad news: They’re going to die today. Mateo and Rufus are total strangers, but, for different reasons, they’re both looking to make a new friend on their End Day. The good news: There’s an app for that. It’s called the Last Friend, and through it, Rufus and Mateo are about to meet up for one last great adventure—to live a lifetime in a single day. Adam Silvera reminds us that there’s no life without death and no love without loss in this devastating yet uplifting story about two people whose lives change over the course of one unforgettable day."
25480342,A Monster Calls,370361,4.34,293350,45518,237,English,2015,5490,"The bestselling novel about love, loss and hope from the twice Carnegie Medal-winning Patrick Ness. Conor has the same dream every night, ever since his mother first fell ill, ever since she started the treatments that don't quite seem to be working. But tonight is different. Tonight, when he wakes, there's a visitor at his window. It's ancient, elemental, a force of nature. And it wants the most dangerous thing of all from Conor. It wants the truth. Patrick Ness takes the final idea of the late, award-winning writer Siobhan Dowd and weaves an extraordinary and heartbreaking tale of mischief, healing and above all, the courage it takes to survive."
43889,"Wizard's First Rule (Sword of Truth, #1)",3441,4.12,254563,7967,836,English,2003,7661,"In the aftermath of the brutal murder of his father, a mysterious woman, Kahlan Amnell, appears in Richard Cypher's forest sanctuary seeking help . . . and more. His world, his very beliefs, are shattered when ancient debts come due with thundering violence. In a dark age it takes courage to live, and more than mere courage to challenge those who hold dominion, Richard and Kahlan must take up that challenge or become the next victims. Beyond awaits a bewitching land where even the best of their hearts could betray them. Yet, Richard fears nothing so much as what secrets his sword might reveal about his own soul. Falling in love would destroy them—for reasons Richard can't imagine and Kahlan dare not say. In their darkest hour, hunted relentlessly, tormented by treachery and loss, Kahlan calls upon Richard to reach beyond his sword—to invoke within himself something more noble. Neither knows that the rules of battle have just changed . . . or that their time has run out. This is the beginning. One book. One Rule. Witness the birth of a legend."
77566,"Hyperion (Hyperion Cantos, #1)",2687,4.28,307497,17561,500,English,1990,23661,"On the world called Hyperion, beyond the law of the Hegemony of Man, there waits the creature called the Shrike. There are those who worship it. There are those who fear it. And there are those who have vowed to destroy it. In the Valley of the Time Tombs, where huge, brooding structures move backward through time, the Shrike waits for them all. On the eve of Armageddon, with the entire galaxy at war, seven pilgrims set forth on a final voyage to Hyperion seeking the answers to the unsolved riddles of their lives. Each carries a desperate hope—and a terrible secret. And one may hold the fate of humanity in his hands."
7090447,"The Red Pyramid (The Kane Chronicles, #1)",15872,4.1,430093,17613,528,English,2010,17652,"Since his mother's death six years ago, Carter Kane has been living out of a suitcase, traveling the globe with his father, the brilliant Egyptologist, Dr. Julius Kane. But while Carter's been homeschooled, his younger sister, Sadie, has been living with their grandparents in London. Sadie has just what Carter wants—school friends and a chance at a ""normal"" life. But Carter has just what Sadie longs for—time with their father. After six years of living apart, the siblings have almost nothing in common. Until now. On Christmas Eve, Sadie and Carter are reunited when their father brings them to the British Museum, with a promise that he's going to ""make things right."" But all does not go according to plan: Carter and Sadie watch as Julius summons a mysterious figure, who quickly banishes their father and causes a fiery explosion. Soon Carter and Sadie discover that the gods of Ancient Egypt are waking, and the worst of them—Set—has a frightening scheme. To save their father, they must embark on a dangerous journey—a quest that brings them ever closer to the truth about their family and its links to the House of Life, a secret order that has existed since the time of the pharaohs."
77390,"Anne of Avonlea (Anne of Green Gables, #2)",5350,4.23,230382,12526,276,English,1992,8132,"An alternative cover edition for this ISBN can be found here When twelve-year-old Anne Shirley came to Avonlea, she quickly won everyone’s heart. Now, she’s five years older, almost a woman, and about to embark on a new adventure: becoming the teacher in her old Avonlea school. It’s an exciting year as Anne struggles to win over all her students, welcomes two new members to her family, and feels the first stirrings of love."
13206828,"Cress (The Lunar Chronicles, #3)",4684322,4.4,409196,37195,552,English,2014,8199,"In this third book in the Lunar Chronicles, Cinder and Captain Thorne are fugitives on the run, now with Scarlet and Wolf in tow. Together, they're plotting to overthrow Queen Levana and her army. Their best hope lies with Cress, a girl imprisoned on a satellite since childhood who's only ever had her netscreens as company. All that screen time has made Cress an excellent hacker. Unfortunately, she's just received orders from Levana to track down Cinder and her handsome accomplice. When a daring rescue of Cress goes awry, the group is separated. Cress finally has her freedom, but it comes at a higher price. Meanwhile, Queen Levana will let nothing prevent her marriage to Emperor Kai. Cress, Scarlet, and Cinder may not have signed up to save the world, but they may be the only hope the world has."
208430658,Blood Over Bright Haven,15735471,4.32,153096,31895,428,English,2024,11783,"Magic has made the city of Tiran an industrial utopia, but magic has a cost—and the collectors have come calling. An orphan since the age of four, Sciona has always had more to prove than her fellow students. For twenty years, she has devoted every waking moment to the study of magic, fueled by a mad desire to achieve the impossible: to be the first woman ever admitted to the High Magistry. When she finally claws her way up the ranks to become a highmage, however, she finds that her challenges have just begun. Her new colleagues will stop at nothing to let her know she is unwelcome, beginning with giving her a janitor instead of a qualified lab assistant. What neither Sciona nor her peers realize is that her taciturn assistant was once more than a janitor; before he mopped floors for the mages, Thomil was a nomadic hunter from beyond Tiran’s magical barrier. Ten years have passed since he survived the perilous crossing that killed his family. But working for a highmage, he sees the opportunity to finally understand the forces that decimated his tribe, drove him from his homeland, and keep the Tiranish in power. Through their fractious relationship, mage and outsider uncover an ancient secret that could change the course of magic forever—if it doesn’t get them killed first. Sciona has defined her life by the pursuit of truth, but how much is one truth worth with the fate of civilization in the balance? A standalone dark academia brimming with mystery, tragedy, and the damning echoes of the past. For fans of Leigh Bardugo, V. E. Schwab, and Fullmetal Alchemist. (Content warnings for gore, sexual assault, and suicidal ideation)"
51606,Johnny Got His Gun,29068,4.21,49729,4041,309,English,1998,1905,"This was no ordinary war. This was a war to make the world safe for democracy. And if democracy was made safe, then nothing else mattered - not the millions of dead bodies, nor the thousands of ruined lives... This is no ordinary novel. This is a novel that never takes the easy way out: it is shocking, violent, terrifying, horrible, uncompromising, brutal, remorseless and gruesome... but so is war. Winner of the National Book Award."
23692271,Sapiens: A Brief History of Humankind,395812,4.33,1292457,63196,512,English,2015,202399,"From a renowned historian comes a groundbreaking narrative of humanity’s creation and evolution—a #1 international bestseller—that explores the ways in which biology and history have defined us and enhanced our understanding of what it means to be “human.” One hundred thousand years ago, at least six different species of humans inhabited Earth. Yet today there is only one—homo sapiens. What happened to the others? And what may happen to us? Most books about the history of humanity pursue either a historical or a biological approach, but Dr. Yuval Noah Harari breaks the mold with this highly original book that begins about 70,000 years ago with the appearance of modern cognition. From examining the role evolving humans have played in the global ecosystem to charting the rise of empires, Sapiens integrates history and science to reconsider accepted narratives, connect past developments with contemporary concerns, and examine specific events within the context of larger ideas. Dr. Harari also compels us to look ahead, because over the last few decades humans have begun to bend laws of natural selection that have governed life for the past four billion years. We are acquiring the ability to design not only the world around us, but also ourselves. Where is this leading us, and what do we want to become? Featuring 27 photographs, 6 maps, and 25 illustrations/diagrams, this provocative and insightful work is sure to spark debate and is essential reading for aficionados of Jared Diamond, James Gleick, Matt Ridley, Robert Wright, and Sharon Moalem."
3591262,Cutting for Stone,93353,4.34,432858,32900,560,English,2009,22445,"A sweeping, emotionally riveting first novel—an enthralling family saga of Africa and America, doctors and patients, exile and home. Marion and Shiva Stone are twin brothers born of a secret union between a beautiful Indian nun and a brash British surgeon at a mission hospital in Addis Ababa. Orphaned by their mother's death in childbirth and their father's disappearance, bound together by a preternatural connection and a shared fascination with medicine, the twins come of age as Ethiopia hovers on the brink of revolution. Yet it will be love, not politics—their passion for the same woman—that will tear them apart and force Marion, fresh out of medical school, to flee his homeland. He makes his way to America, finding refuge in his work as an intern at an underfunded, overcrowded New York City hospital. When the past catches up to him—nearly destroying him—Marion must entrust his life to the two men he thought he trusted least in the world: the surgeon father who abandoned him and the brother who betrayed him. An unforgettable journey into one man's remarkable life, and an epic story about the power, intimacy, and curious beauty of the work of healing others."
4799,"Cannery Row (Cannery Row, #1)",585,4.06,157665,9805,181,English,2002,4990,"Cannery Row is a book without much of a plot. Rather, it is an attempt to capture the feeling and people of a place, the cannery district of Monterey, California, which is populated by a mix of those down on their luck and those who choose for other reasons not to live ""up the hill"" in the more respectable area of town. The flow of the main plot is frequently interrupted by short vignettes that introduce us to various denizens of the Row, most of whom are not directly connected with the central story. These vignettes are often characterized by direct or indirect reference to extreme violence: suicides, corpses, and the cruelty of the natural world. The ""story"" of Cannery Row follows the adventures of Mack and the boys, a group of unemployed yet resourceful men who inhabit a converted fish-meal shack on the edge of a vacant lot down on the Row. Sweet Thursday is the sequel to Cannery Row."
13206760,"Scarlet (The Lunar Chronicles, #2)",4684322,4.23,466312,43139,454,English,2013,10578,"Cinder is back and trying to break out of prison―even though she'll be the Commonwealth's most wanted fugitive if she does―in this second installment from Marissa Meyer. Halfway around the world, Scarlet Benoit's grandmother is missing. It turns out there are many things Scarlet doesn't know about her grandmother, or the grave danger she has lived in her whole life. When Scarlet encounters Wolf, a street fighter who may have information as to her grandmother's whereabouts, she is loath to trust this stranger, but is inexplicably drawn to him, and he to her. As Scarlet and Wolf unravel one mystery, they encounter another when they meet Cinder. Now, all of them must stay one step ahead of the vicious Lunar Queen Levana. The adventure continues in this fresh fairytale retelling that combines elements of Cinderella and Little Red Riding Hood."
77767,"Little House on the Prairie (Little House, #3)",5300,4.21,303796,6428,335,English,1994,3827,"Meet Laura Ingalls, the little girl who would grow up to write the Little House books. Pa Ingalls decides to sell the little log house, and the family sets out for Indian country! They travel from Wisconsin to Kansas, and there, finally, Pa builds their little house on the prairie. Sometimes farm life is difficult, even dangerous, but Laura and her family are kept busy and are happy with the promise of their new life on the prairie. LITTLE HOUSE ON THE PRAIRIE is the second book in the Laura Years series. --back cover"
20820994,I'll Give You the Sun,2982266,4.15,360130,34540,371,English,2014,9922,"At first, Jude and her twin brother Noah, are inseparable. Noah draws constantly and is falling in love with the charismatic boy next door, while daredevil Jude wears red-red lipstick, cliff-dives, and does all the talking for both of them. Years later, they are barely speaking. Something has happened to change the twins in different yet equally devastating ways... but then Jude meets an intriguing, irresistible boy and a mysterious new mentor. The early years are Noah's to tell; the later years are Jude's. But they each have only half the story, and if they can only find their way back to one another, they'll have a chance to remake their world. This radiant, award-winning novel from the acclaimed author of The Sky Is Everywhere will leave you breathless and teary and laughing—often all at once. Printz Award Winner Stonewall Honor Book."
197084,Are You My Mother?,13898,4.22,253755,2977,64,English,,1344,"ARE YOU MY MOTHER? tells a very simple story for children who have just started to read. their younger brothers or sisters will also want to follow the baby bird's quest as he asks everyone and everything he meets, ""Are You My Mother?"". Back in 1957, Theodor Geisel responded to an article in Life magazine that lamented the use of boring reading primers in schools. Using the pseudonym of ""Dr. Seuss"" (Seuss was Geisel's middle name) and only two hundred twenty-three words, Geisel created a replacement for those dull primers: ""The Cat in the Hat."" The instant success of the book prompted Geisel and his wife to found Beginner Books, and Geisel wrote many popular books in this series, including ""Hop on Pop,"" ""Fox in Socks,"" and ""Green Eggs and Ham."" Other favorite titles in this series are ""Go, Dog, Go!"" and ""Are You My Mother?"" by P. D. Eastman, ""A Fly Went By,"" by Mike McClintock, and ""Put Me in the Zoo,"" by Robert Lopshire. These affordable hardcover books combine large print, easy vocabulary, and large, bright illustrations in stories kids will want to read again and again. Grades 1 - Grades 2."
6150,"Cry, the Beloved Country",3527,3.93,80282,5469,316,English,2003,1837,"Cry, the Beloved Country, the most famous and important novel in South Africa’s history, was an immediate worldwide bestseller in 1948. Alan Paton’s impassioned novel about a black man’s country under white man’s law is a work of searing beauty. Cry, the beloved country, for the unborn child that is the inheritor of our fear. Let him not love the earth too deeply. Let him not laugh too gladly when the water runs through his fingers, nor stand too silent when the setting sun makes red the veld with fire. Let him not be too moved when the birds of his land are singing, nor give too much of his heart to a mountain or valley. For fear will rob him of all if he gives too much. The eminent literary critic Lewis Gannett wrote, “We have had many novels from statesmen and reformers, almost all bad; many novels from poets, almost all thin. In Alan Paton’s Cry, the Beloved Country the statesman, the poet and the novelist meet in a unique harmony.” Cry, the Beloved Country is the deeply moving story of the Zulu pastor Stephen Kumalo and his son, Absalom, set against the background of a land and a people riven by racial injustice. Remarkable for its lyricism, unforgettable for character and incident, Cry, the Beloved Country is a classic work of love and hope, courage and endurance, born of the dignity of man."
4268157,"Perfect Chemistry (Perfect Chemistry, #1)",274533,4.04,263865,11889,368,English,2008,4109,"A fresh, urban twist on the classic tale of star-crossed lovers. When Brittany Ellis walks into chemistry class on the first day of senior year, she has no clue that her carefully created ""perfect"" life is about to unravel before her eyes. She's forced to be lab partners with Alex Fuentes, a gang member from the other side of town, and he is about to threaten everything she's worked so hard for―her flawless reputation, her relationship with her boyfriend, and the secret that her home life is anything but perfect. Alex is a bad boy and he knows it. So when he makes a bet with his friends to lure Brittany into his life, he thinks nothing of it. But soon Alex realizes Brittany is a real person with real problems, and suddenly the bet he made in arrogance turns into something much more. In a passionate story about looking beneath the surface, Simone Elkeles breaks through the stereotypes and barriers that threaten to keep Brittany and Alex apart."
20448515,"Bared to You (Crossfire, #1)",19823,4.13,553738,22902,352,English,2012,15382,"From #1 New York Times bestselling author Sylvia Day comes the provocative masterstroke of abandon and obsession that redefined the meaning of desire and became a global phenomenon... Gideon Cross came into my life like lightning in the darkness. He was beautiful and brilliant, jagged and white-hot. I was drawn to him as I'd never been to anything or anyone in my life. I craved his touch like a drug, even knowing it would weaken me. I was flawed and damaged, and he opened those cracks in me so easily. Gideon knew. He had demons of his own. And we would become the mirrors that reflected each other's most private wounds and desires. The bonds of his love transformed me, even as I prayed that the torment of our pasts didn't tear us apart"
420282,The Polar Express,9685,4.32,249441,4426,32,English,2000,666,"“Seeing is believing, but sometimes the most real things in the world are the things we can't see.” Late one Christmas Eve after the town has gone to sleep, the boy boards the mysterious train that waits for him: the Polar Express bound for the North Pole. When he arrives, Santa offers the boy any gift he desires. The boy modestly asks for one bell from the harness of the reindeer. The gift is granted. On the way home the bell is lost. On Christmas morning, the boy finds the bell under the tree. The mother of the boy admires the bell, but laments that it is broken—for you see, only believers can hear the sound of the bell. In strange and moving shades of full color art, Chris Van Allsburg creates an otherwordly classic of the Christmas season. 'The Polar Express' evokes the same sense of mystery as his previous imaginative books 'The Garden of Abdul Gasazi' (1979), 'Jumanji' (1981), and 'The Wreck of the Zephyr' (1983). Awarded the prestigious Caldecott Medal in 1986, 'The Polar Express 'has sold more than 7 million copies, become a classic holiday movie, and been translated into stage productions that take place across the United States during the holiday season."
3682,"A Great and Terrible Beauty (Gemma Doyle, #1)",2526,3.8,225962,10808,403,English,2003,2374,"In this debut gothic novel mysterious visions, dark family secrets and a long-lost diary thrust Gemma and her classmates back into the horrors that followed her from India. (Ages 12+) It's 1895, and after the suicide of her mother, 16-year-old Gemma Doyle is shipped off from the life she knows in India to Spence, a proper boarding school in England. Lonely, guilt-ridden, and prone to visions of the future that have an uncomfortable habit of coming true, Gemma's reception there is a chilly one. To make things worse, she's been followed by a mysterious young Indian man, a man sent to watch her. But why? What is her destiny? And what will her entanglement with Spence's most powerful girls—and their foray into the spiritual world—lead to?"
8337,"Little House in the Big Woods (Little House, #1)",5300,4.21,288331,9406,224,English,2007,5927,"Based on the real-life adventures of Laura Ingalls Wilder, Little House in the Big Woods is the first book in the award-winning Little House series, which has captivated generations of readers. This edition features the classic black-and-white artwork from Garth Williams. Little House in the Big Woods takes place in 1871 and introduces us to four-year-old Laura, who lives in a log cabin on the edge of the Big Woods of Wisconsin. She shares the cabin with her Pa, her Ma, her sisters Mary and Carrie, and their lovable dog, Jack. Pioneer life isn’t easy for the Ingalls family, since they must grow or catch all their own food as they get ready for the cold winter. But they make the best of every tough situation. They celebrate Christmas with homemade toys and treats, do their spring planting, bring in the harvest in the fall, and make their first trip into town. And every night, safe and warm in their little house, the sound of Pa’s fiddle lulls Laura and her sisters into sleep. The nine books in the timeless Little House series tell the story of Laura’s real childhood as an American pioneer, and are cherished by readers of all generations. They offer a unique glimpse into life on the American frontier, and tell the heartwarming, unforgettable story of a loving family."
1898,Into Thin Air: A Personal Account of the Mt. Everest Disaster,1235,4.26,578319,24252,368,English,1999,11345,"When Jon Krakauer reached the summit of Mt. Everest in the early afternoon of May 10, 1996, he hadn't slept in fifty-seven hours and was reeling from the brain-altering effects of oxygen depletion. As he turned to begin his long, dangerous descent from 29,028 feet, twenty other climbers were still pushing doggedly toward the top. No one had noticed that the sky had begun to fill with clouds. Six hours later and 3,000 feet lower, in 70-knot winds and blinding snow, Krakauer collapsed in his tent, freezing, hallucinating from exhaustion and hypoxia, but safe. The following morning, he learned that six of his fellow climbers hadn't made it back to their camp and were desperately struggling for their lives. When the storm finally passed, five of them would be dead, and the sixth so horribly frostbitten that his right hand would have to be amputated. Into Thin Air is the definitive account of the deadliest season in the history of Everest by the acclaimed journalist and author of the bestseller Into the Wild. On assignment for Outside Magazine to report on the growing commercialization of the mountain, Krakauer, an accomplished climber, went to the Himalayas as a client of Rob Hall, the most respected high-altitude guide in the world. A rangy, thirty-five-year-old New Zealander, Hall had summited Everest four times between 1990 and 1995 and had led thirty-nine climbers to the top. Ascending the mountain in close proximity to Hall's team was a guided expedition led by Scott Fischer, a forty-year-old American with legendary strength and drive who had climbed the peak without supplemental oxygen in 1994. But neither Hall nor Fischer survived the rogue storm that struck in May 1996. Krakauer examines what it is about Everest that has compelled so many people -- including himself -- to throw caution to the wind, ignore the concerns of loved ones, and willingly subject themselves to such risk, hardship, and expense. Written with emotional clarity and supported by his unimpeachable reporting, Krakauer's eyewitness account of what happened on the roof of the world is a singular achievement."
7740152,"Torment (Fallen, #2)",2905297,3.84,246137,8901,452,English,2010,5113,"Hell on earth. That’s what it’s like for Luce to be apart from her fallen angel boyfriend, Daniel. It took them an eternity to find one another, but now he has told her he must go away. Just long enough to hunt down the Outcasts—immortals who want to kill Luce. Daniel hides Luce at Shoreline, a school on the rocky California coast with unusually gifted students: Nephilim, the offspring of fallen angels and humans. At Shoreline, Luce learns what the Shadows are, and how she can use them as windows to her previous lives. Yet the more Luce learns, the more she suspects that Daniel hasn’t told her everything. He’s hiding something—something dangerous. What if Daniel’s version of the past isn’t actually true? What if Luce is really meant to be with someone else?"
556602,Sarah's Key,305400,4.18,498521,32484,294,English,2007,5883,"Paris, July 1942: Ten-year-old Sarah is brutally arrested with her family in the Vel' d'Hiv' roundup, the most notorious act of French collaboration with the Nazis. but before the police come to take them, Sarah locks her younger brother, Michel, in their favorite hiding place, a cupboard in the family's apartment. She keeps the key, thinking that she will be back within a few hours. Paris, May 2002: On Vel' d'Hiv's sixtieth anniversary, Julia Jarmond, an American journalist, is asked by her Paris-based American magazine to write an article about this black day in France's past. Julia has lived in Paris for nearly twenty-five years, married a Frenchman, and she is shocked both by her ignorance about the event and the silence that still surrounds it. In the course of her investigation, she stumbles onto a trail of long-hidden family secrets that connects her to Sarah. Julia finds herself compelled to retrace the girl's ordeal, from the terrible days spent shut in at the Vel' d'Hiv' to the camps and beyond. As she probes into Sarah's past, she begins to question her own place in France and to reevaluate her marriage and her life. Writing about the fate of her country with a pitiless clarity, Tatiana de Rosnay offers us a brilliantly subtle, compelling portrait of France under occupation and reveals the taboos and denial surrounding this painful episode in French history. (front flap)"
10576365,"The Darkest Minds (The Darkest Minds, #1)",2973783,4.15,208883,20483,488,English,2012,12001,"When Ruby woke up on her tenth birthday, something about her had changed. Something alarming enough to make her parents lock her in the garage and call the police. Something that gets her sent to Thurmond, a brutal government “rehabilitation camp.” She might have survived the mysterious disease that’s killed most of America’s children, but she and the others have emerged with something far worse: frightening abilities they cannot control. Now sixteen, Ruby is one of the dangerous ones. When the truth comes out, Ruby barely escapes Thurmond with her life. Now she’s on the run, desperate to find the one safe haven left for kids like her—East River. She joins a group of kids who escaped their own camp. Liam, their brave leader, is falling hard for Ruby. But no matter how much she aches for him, Ruby can’t risk getting close. Not after what happened to her parents. When they arrive at East River, nothing is as it seems, least of all its mysterious leader. But there are other forces at work, people who will stop at nothing to use Ruby in their fight against the government. Ruby will be faced with a terrible choice, one that may mean giving up her only chance at a life worth living."
944073,"The Blade Itself (The First Law, #1)",276660,4.22,323151,22332,515,English,2007,22444,"Logen Ninefingers, infamous barbarian, has finally run out of luck. Caught in one feud too many, he’s on the verge of becoming a dead barbarian – leaving nothing behind him but bad songs, dead friends, and a lot of happy enemies. Nobleman Captain Jezal dan Luthar, dashing officer, and paragon of selfishness, has nothing more dangerous in mind than fleecing his friends at cards and dreaming of glory in the fencing circle. But war is brewing, and on the battlefields of the frozen North they fight by altogether bloodier rules. Inquisitor Glokta, cripple turned torturer, would like nothing better than to see Jezal come home in a box. But then Glokta hates everyone: cutting treason out of the Union one confession at a time leaves little room for friendship. His latest trail of corpses may lead him right to the rotten heart of government, if he can stay alive long enough to follow it. Enter the wizard, Bayaz. A bald old man with a terrible temper and a pathetic assistant, he could be the First of the Magi, he could be a spectacular fraud, but whatever he is, he's about to make the lives of Logen, Jezal, and Glokta a whole lot more difficult. Murderous conspiracies rise to the surface, old scores are ready to be settled, and the line between hero and villain is sharp enough to draw blood."
15863832,"Angelfall (Penryn &amp; the End of Days, #1)",4890182,4.1,199853,18471,288,English,2012,4506,"It’s been six weeks since angels of the apocalypse descended to demolish the modern world. Street gangs rule the day while fear and superstition rule the night. When warrior angels fly away with a helpless little girl, her seventeen-year-old sister Penryn will do anything to get her back. Anything, including making a deal with Raffe, an injured enemy angel. Traveling through a dark and twisted Northern California, they journey toward the angels’ stronghold in San Francisco, where Penryn will risk everything to rescue her sister and Raffe will put himself at the mercy of his greatest enemies for the chance to be made whole again."
6485421,"The Mortal Instruments Boxed Set: City of Bones; City of Ashes; City of Glass (The Mortal Instruments, #1-3)",150038,4.55,69057,1153,1520,English,2009,747,"In City of Bones, fifteen-year-old Clary Fray is introduced to the world of the Shadowhunters, a secret cadre of warriors dedicated to driving demons out of our world. And she's introduced with a vengeance, when Clary's mother disappears and Clary herself is almost killed by a grotesque monster sent by the evil and powerful Shadowhunter, Valentine. How could a mere human survive such an attack. In the second novel, City of Ashes , Clary just wants her life to go back to normal--but that turns out to be impossible. For one thing, her mother is still in the hospital, in a mysterious coma. For another, she and her newfound brother Jace have fallen under a cloud of suspicion now that the Shadowhunter world knows that Valentine is still alive--and that Jace and Clary are his son and daughter. Then Clary's best friend Simon is turned into a vampire and kidnapped by Valentine, who intends to sacrifice him as part of a bloody ritual that will make the Mortal Instruments Valentine's forever. In book three, City of Glass , Clary has to use all her ingenuity and newfound magical skills to get herself to the Glass City in Idris, the secretive Shadowhunters' home country, where she is forbidden to go--for it is only there that she can find the cure to the enchanted sleeping sickness to which her mother has succumbed. When Valentine attacks the city and destroys the demon towers, Clary and her allies are all that stand between him and the total annihilation of all Shadowhunters. Love is a mortal sin and the past tangles inextricably with the present as Clary and Jace face down their father in the final installment of the Mortal Instruments series."
12497,No Country for Old Men,4178,4.17,258083,17439,309,English,2005,8050,"Alternate Cover Edition for ISBN 9780375706677 In his blistering new novel, Cormac McCarthy returns to the Texas-Mexico border, the setting of his famed Border Trilogy. The time is our own, when rustlers have given way to drug-runners and small towns have become free-fire zones. One day, Llewellyn Moss finds a pickup truck surrounded by a bodyguard of dead men. A load of heroin and two million dollars in cash are still in the back. When Moss takes the money, he sets off a chain reaction of catastrophic violence that not even the law–in the person of aging, disillusioned Sheriff Bell–can contain. As Moss tries to evade his pursuers–in particular a mysterious mastermind who flips coins for human lives–McCarthy simultaneously strips down the American crime novel and broadens its concerns to encompass themes as ancient as the Bible and as bloodily contemporary as this morning’s headlines. No Country for Old Men is a triumph."
10534,The Art of War,1771,3.94,583698,24423,170,English,2005,85559,"Twenty-Five Hundred years ago, Sun Tzu wrote this classic book of military strategy based on Chinese warfare and military thought. Since that time, all levels of military have used the teaching on Sun Tzu to warfare and civilization have adapted these teachings for use in politics, business and everyday life. The Art of War is a book which should be used to gain advantage of opponents in the boardroom and battlefield alike."
84119,"The Horse and His Boy (Chronicles of Narnia, #5)",1069006,3.91,398524,15838,224,English,1995,7291,"The Horse and his Boy is a stirring and dramatic fantasy story that finds a young boy named Shasta on the run from his homeland with the talking horse, Bree. When the pair discover a deadly plot by the Calormen people to conquer the land of Narnia, the race is on to warn the inhabitants of the impending danger and to rescue them all from certain death."
47401,"Chocolat (Chocolat, #1)",9432,3.96,132283,5667,306,English,2000,1959,"A timeless novel of a straitlaced village's awakening to joy and sensuality - every page offers a description of chocolate to melt in the mouths of chocoholics, francophiles, armchair gourmets, cookbook readers, and lovers of passion everywhere. Illuminating Peter Mayle's South of France with a touch of Laura Esquivel's magic realism, Chocolat is a timeless novel of a straitlaced village's awakening to joy and sensuality. In tiny Lansquenet, where nothing much has changed in a hundred years, beautiful newcomer Vianne Rocher and her exquisite chocolate shop arrive and instantly begin to play havoc with Lenten vows. Each box of luscious bonbons comes with a free gift: Vianne's uncanny perception of its buyer's private discontents and a clever, caring cure for them. Is she a witch? Soon the parish no longer cares, as it abandons itself to temptation, happiness, and a dramatic face-off between Easter solemnity and the pagan gaiety of a chocolate festival. Chocolat's every page offers a description of chocolate to melt in the mouths of chocoholics, francophiles, armchair gourmets, cookbook readers, and lovers of passion everywhere. It's a must for anyone who craves an escapist read, and is a bewitching gift for any holiday."
33590260,"Kingdom of Ash (Throne of Glass, #7)",3433047,4.71,1159994,123315,980,English,2018,56453,"Aelin Galathynius has vowed to save her people ― but at a tremendous cost. Locked within an iron coffin by the Queen of the Fae, Aelin must draw upon her fiery will as she endures months of torture. The knowledge that yielding to Maeve will doom those she loves keeps her from breaking, but her resolve is unraveling with each passing day… With Aelin captured, friends and allies are scattered to different fates. Some bonds will grow even deeper, while others will be severed forever. As destinies weave together at last, all must fight if Erilea is to have any hope of salvation. Years in the making, Sarah J. Maas's New York Times bestselling Throne of Glass series draws to an explosive conclusion as Aelin fights to save herself―and the promise of a better world."
7747374,"I Am Number Four (Lorien Legacies, #1)",3380908,3.93,353417,17595,440,English,2010,7146,"Nine of us came here. We look like you. We talk like you. We live among you. But we are not you. We can do things you dream of doing. We have powers you dream of having. We are stronger and faster than anything you have ever seen. We are the superheroes you worship in movies and comic books--but we are real. Our plan was to grow, and train, and become strong, and become one, and fight them. But they found us and started hunting us first. Now all of us are running. Spending our lives in shadows, in places where no one would look, blending in. We have lived among you without you knowing. But they know. They caught Number One in Malaysia. Number Two in England. And Number Three in Kenya. They killed them all. I am Number Four. I am next."
40611510,The Last Lecture,287960,4.26,366145,21496,217,English,2008,8316,"A lot of professors give talks titled 'The Last Lecture'. Professors are asked to consider their demise and to ruminate on what matters most to them: What wisdom would we impart to the world if we knew it was our last chance? If we had to vanish tomorrow, what would we want as our legacy? When Randy Pausch, a computer science professor at Carnegie Mellon, was asked to give such a lecture, he didn't have to imagine it as his last, since he had recently been diagnosed with terminal cancer. But the lecture he gave, 'Really Achieving Your Childhood Dreams', wasn't about dying. It was about the importance of overcoming obstacles, of enabling the dreams of others, of seizing every moment (because time is all you have and you may find one day that you have less than you think). It was a summation of everything Randy had come to believe. It was about living. In this book, Randy Pausch has combined the humour, inspiration, and intelligence that made his lecture such a phenomenon and given it an indelible form. It is a book that will be shared for generations to come."
518848,"Sabriel (Abhorsen, #1)",8347,4.16,219903,11089,491,English,1996,5732,"Sent to a boarding school in Ancelstierre as a young child, Sabriel has had little experience with the random power of Free Magic or the Dead who refuse to stay dead in the Old Kingdom. But during her final semester, her father, the Abhorsen, goes missing, and Sabriel knows she must enter the Old Kingdom to find him. With Sabriel, the first installment in the Abhorsen series, Garth Nix exploded onto the fantasy scene as a rising star, in a novel that takes readers to a world where the line between the living and the dead isn't always clear—and sometimes disappears altogether."
12749,"Swann’s Way (In Search of Lost Time, #1)",233619,4.16,69754,6919,468,English,2004,16638,"Marcel Proust’s In Search of Lost Time is one of the most entertaining reading experiences in any language and arguably the finest novel of the twentieth century. But since its original prewar translation there has been no completely new version in English. Now, Penguin Classics brings Proust’s masterpiece to new audiences throughout the world, beginning with Lydia Davis’s internationally acclaimed translation of the first volume, Swann’s Way."
2800905,The Summoning (Darkest Powers #1),7581,4.02,177119,6914,390,English,2008,1563,"Chloe Saunders used to have a relatively normal life. But now she finds herself in the middle of some really strange situations because: ~She suddenly starts seeing dead people. ~She gets locked up in a group home for unstable teens. ~The group home isn't what it seems. My name is Chloe Saunders and my life will never be the same again. All I wanted was to make friends, meet boys, and keep on being ordinary. I don't even know what that means anymore. It all started on the day that I saw my first ghost—and the ghost saw me. Now there are ghosts everywhere and they won't leave me alone. To top it all off, I somehow got myself locked up in Lyle House, a ""special home"" for troubled teens. Yet the home isn't what it seems. Don't tell anyone, but I think there might be more to my housemates than meets the eye. The question is, whose side are they on? It's up to me to figure out the dangerous secrets behind Lyle House... before its skeletons come back to haunt me."
902,The Westing Game,10074,3.99,238101,16785,182,English,2004,6523,"As Samuel G. Westing's 16 heirs gather for the reading of his will, they are elated to find that one of them stands to inherit a cool $200 million. In order to collect it, all he or she has to do is expose Mr. Westing's murderer, who also happens to be one of the heirs. As they are paired up and furnished with a set of clues, each scrambles to unravel the murder mystery. In a contest where nothing is as it seems, someone could wind up very rich—or very dead. Ellen Raskin's imaginative use of subterfuge, illusion, and word games will fascinate anyone who loves a clever challenge. Jeff Woodman's smooth narration guides listeners through a maze of bombings, thefts, and strange clues as they play along with the characters. Readers are guaranteed a good time as they attempt to solve the mystery before the characters do. An unabridged production on 6 CDs (6 hours, 30 minutes)."
60784373,What Lies in the Woods,17294875,3.94,209292,22155,336,English,2023,7902,"Naomi Shaw used to believe in magic. Twenty-two years ago, she and her two best friends, Cassidy and Olivia, spent the summer roaming the woods, imagining a world of ceremony and wonder. They called it the Goddess Game. The summer ended suddenly when Naomi was attacked. Miraculously, she survived her seventeen stab wounds and lived to identify the man who had hurt her. The girls’ testimony put away a serial killer, wanted for murdering six women. They were heroes. For decades afterward, the friends have kept a secret worth killing for. But now Olivia wants to tell, and Naomi sets out to find out what really happened in the woods―no matter how dangerous the truth turns out to be."
11408650,"The Unbecoming of Mara Dyer (Mara Dyer, #1)",4126827,4.01,191598,20380,456,English,2011,3348,"Mara Dyer believes life can’t get any stranger than waking up in a hospital with no memory of how she got there. It can. She believes there must be more to the accident she can’t remember that killed her friends and left her strangely unharmed. There is. She doesn’t believe that after everything she’s been through, she can fall in love. She’s wrong."
50659467,"A Court of Thorns and Roses (A Court of Thorns and Roses, #1)",3433047,4.15,4385409,326879,419,English,2020,207342,"When nineteen-year-old huntress Feyre kills a wolf in the woods, a terrifying creature arrives to demand retribution. Dragged to a treacherous magical land she knows about only from legends, Feyre discovers that her captor is not truly a beast, but one of the lethal, immortal faeries who once ruled her world. At least, he’s not a beast all the time. As she adapts to her new home, her feelings for the faerie, Tamlin, transform from icy hostility into a fiery passion that burns through every lie she’s been told about the beautiful, dangerous world of the Fae. But something is not right in the faerie lands. An ancient, wicked shadow is growing, and Feyre must find a way to stop it, or doom Tamlin—and his world—forever. From bestselling author Sarah J. Maas comes a seductive, breathtaking book that blends romance, adventure, and faerie lore into an unforgettable read."
1625,Twelfth Night,947,3.96,196609,7484,222,English,2004,3734,"Named for the twelfth night after Christmas, the end of the Christmas season, Twelfth Night plays with love and power. The Countess Olivia, a woman with her own household, attracts Duke (or Count) Orsino. Two other would-be suitors are her pretentious steward, Malvolio, and Sir Andrew Aguecheek. Onto this scene arrive the twins Viola and Sebastian; caught in a shipwreck, each thinks the other has drowned. Viola disguises herself as a male page and enters Orsino’s service. Orsino sends her as his envoy to Olivia—only to have Olivia fall in love with the messenger. The play complicates, then wonderfully untangles, these relationships. Background information about Shakespeare, Elizabethan theater, and the text accompany his play about unrequited love and mistaken identity."
51738,Just Listen,2987,4.05,250935,9217,371,English,2006,2315,"Last year, Annabel was ""the girl who has everything""—at least that's the part she played in the television commercial for Kopf's Department Store. This year, she's the girl who has nothing: no best friend because mean-but-exciting Sophie dropped her, no peace at home since her older sister became anorexic, and no one to sit with at lunch. Until she meets Owen Armstrong. Tall, dark, and music-obsessed, Owen is a reformed bad boy with a commitment to truth-telling. With Owen's help, maybe Annabel can face what happened the night she and Sophie stopped being friends."
179064,"The Goose Girl (The Books of Bayern, #1)",49177,4.15,149156,11629,383,English,2005,1552,"She was born with her eyes closed and a word on her tongue, a word she could not taste. Her name was Anidori-Kiladra Talianna Isilee, Crown Princess of Kildenree, and she spent the first years of her life listening to her aunt’s stories and learning the language of the birds, especially the swans. And when she was older, she watched as a colt was born, and she heard the first word on his tongue, his name, Falada. From the Grimm’s fairy tale of the princess who became a goose girl before she could become queen, Shannon Hale has woven an incredible, original, and magical tale of a girl who must find her own unusual talents before she can lead the people she has made her own."
10637766,"Silence (Hush, Hush, #3)",2876763,4.07,296909,9662,440,English,2011,3039,"Nora Grey can't remember the past five months of her life. After the initial shock of waking up in a cemetery and being told that she has been missing for weeks - with no one knowing where she was or who she was with - she tried to get her life back on track. Go to school, hang out with her best friend, Vee, and dodge mom's creepy new boyfriend. But there is this voice in the back of her head, an idea that she can almost reach out and touch. Visions of angel wings and unearthly creatures that have nothing to do with the life she knows. And this unshakable feeling that a part of her is missing. Then Nora crosses paths with a sexy stranger, whom she feels a mesmerizing connection to. He seems to hold all the answers...and her heart. Every minute she spends with him grows more and more intense until she realizes she could be falling in love. Again."
1421990,"Halfway to the Grave (Night Huntress, #1)",669810,4.13,165779,9234,374,English,2007,3650,"Flirting With The Grave… Half-vampire Catherine Crawfield is going after the undead with a vengeance, hoping that one of these deadbeats is her father – the one responsible for ruining her mother’s life. Then she’s captured by Bones, a vampire bounty hunter, and is forced into an unlikely partnership. In exchange for help finding her father, Cat agrees to train with the sexy night stalker until her battle reflexes are as sharp as his fangs. She’s amazed she doesn’t end up as his dinner – are there actually good vampires? Pretty soon Bones will have her convinced that being half-dead doesn’t have to be all bad. But before she can enjoy her status as kick-ass demon hunter, Cat and Bones are pursued by a group of killers. Now Cat will have to choose a side … and Bones is turning out to be as tempting as any man with a heartbeat."
32049,Lady Chatterley’s Lover,17623,3.5,139985,9735,376,English,1983,12733,"Lawrence's frank portrayal of an extramarital affair and the explicit sexual explorations of its central characters caused this controversial book, now considered a masterpiece, to be banned as pornography until 1960."
49436,Three Cups of Tea: One Man's Mission to Promote Peace ... One School at a Time,27837,3.66,359077,24092,349,English,2007,5705,"The astonishing, uplifting story of a real-life Indiana Jones and his humanitarian campaign to use education to combat terrorism in the Taliban’s backyard Anyone who despairs of the individual’s power to change lives has to read the story of Greg Mortenson, a homeless mountaineer who, following a 1993 climb of Pakistan’s treacherous K2, was inspired by a chance encounter with impoverished mountain villagers and promised to build them a school. Over the next decade he built fifty-five schools—especially for girls—that offer a balanced education in one of the most isolated and dangerous regions on earth. As it chronicles Mortenson’s quest, which has brought him into conflict with both enraged Islamists and uncomprehending Americans, Three Cups of Tea combines adventure with a celebration of the humanitarian spirit."
7967,"Speaker for the Dead (Ender's Saga, #2)",589,4.11,274907,10186,382,English,1994,5416,"In this second book in the saga set 3,000 years after the terrible war, Ender Wiggin is reviled by history as the Xenocide--the destroyer of the alien Buggers. Now, Ender tells the true story of the war and seeks to stop history from repeating itself. ... In the aftermath of his terrible war, Ender Wiggin disappeared, and a powerful voice arose: The Speaker for the Dead, who told the true story of the Bugger War. Now, long years later, a second alien race has been discovered, but again the aliens' ways are strange and frightening...again, humans die. And it is only the Speaker for the Dead, who is also Ender Wiggin the Xenocide, who has the courage to confront the mystery...and the truth. Speaker for the Dead, the second novel in Orson Scott Card's Ender Quintet, is the winner of the 1986 Nebula Award for Best Novel and the 1987 Hugo Award for Best Novel."
135836,"Trainspotting (Mark Renton, #2)",5687,4.12,182995,5160,431,Scots,1993,3840,"''The best book ever written by man or woman . . . Deserves to sell more copies than the Bible"" —Rebel Inc THE BESTSELLING NOVEL THAT INSPIRED DANNY BOYLE’S CULT FILM Described by The Sunday Times as ""the voice of punk, grown up, grown wiser and grown eloquent,"" Trainspotting follows the lives of a group of Scottish junkies. Its bleak depiction of drug addiction is vivid and brutal, and has lost none of its power to shock. Choose the book that outraged the critics. Choose the literary phenomenon that defined a generation. Choose Trainspotting by Irvine Welsh."
50202953,Piranesi,8842,4.21,516680,82726,245,English,2020,25978,"Piranesi’s house is no ordinary building: its rooms are infinite, its corridors endless, its walls are lined with thousands upon thousands of statues, each one different from all the others. Within the labyrinth of halls an ocean is imprisoned; waves thunder up staircases, rooms are flooded in an instant. But Piranesi is not afraid; he understands the tides as he understands the pattern of the labyrinth itself. He lives to explore the house. There is one other person in the house—a man called The Other, who visits Piranesi twice a week and asks for help with research into A Great and Secret Knowledge. But as Piranesi explores, evidence emerges of another person, and a terrible truth begins to unravel, revealing a world beyond the one Piranesi has always known."
1923820,The Holy Bible: King James Version,5158478,4.45,323120,9992,1590,English,2008,68081,"The King James Version is an Early Modern English translation of the Christian Bible for the Church of England, which was commissioned in 1604 and published in 1611. The 80 books of the King James Version include 39 books of the Old Testament, 14 books of Apocrypha, and the 27 books of the New Testament."
7445,The Glass Castle,3275,4.33,1384396,73535,288,English,2006,24391,"THE #1 NEW YORK TIMES BESTSELLER The Glass Castle is a remarkable memoir of resilience and redemption, and a revelatory look into a family at once deeply dysfunctional and uniquely vibrant. When sober, Jeannette's brilliant and charismatic father captured his children's imagination, teaching them physics, geology, and how to embrace life fearlessly. But when he drank, he was dishonest and destructive. Her mother was a free spirit who abhorred the idea of domesticity and didn't want the responsibility of raising a family. The Walls children learned to take care of themselves. They fed, clothed, and protected one another, and eventually found their way to New York. Their parents followed them, choosing to be homeless even as their children prospered. The Glass Castle is truly astonishing--a memoir permeated by the intense love of a peculiar but loyal family."
51737,The Truth About Forever,2987,4.12,226654,9302,374,English,2004,2612,"That's what Macy has to look forward to while her boyfriend, Jason, is away at Brain Camp. Days will be spent at a boring job in the library, evenings will be filled with vocabulary drills for the SATs, and spare time will be passed with her mother, the two of them sharing a silent grief at the traumatic loss of Macy's father. But sometimes, unexpected things can happen—things such as the catering job at Wish, with its fun-loving, chaotic crew. Or her sister's project of renovating the neglected beach house, awakening long-buried memories. Things such as meeting Wes, a boy with a past, a taste for Truth-telling, and an amazing artistic talent, the kind of boy who could turn any girl's world upside down. As Macy ventures out of her shell, she begins to question her sheltered life."
29127,"The Last Unicorn (The Last Unicorn, #1)",1067608,4.16,124834,8490,294,English,2008,4362,"Alternate cover edition of ISBN 9780451450524 She was magical, beautiful beyond belief—and completely alone... The unicorn had lived since before memory in a forest where death could touch nothing. Maidens who caught a glimpse of her glory were blessed by enchantment they would never forget. But outside her wondrous realm, dark whispers and rumours carried a message she could not ignore: ""Unicorns are gone from the world."" Aided by a bumbling magician and an indomitable spinster, she set out to learn the truth. but she feared even her immortal wisdom meant nothing in a world where a mad king's curse and terror incarnate lived only to stalk the last unicorn to her doom..."
13642,"A Wizard of Earthsea (Earthsea Cycle, #1)",874602,4.01,368189,21122,183,English,2004,17535,"Ged, the greatest sorcerer in all Earthsea, was called Sparrowhawk in his reckless youth. Hungry for power and knowledge, Sparrowhawk tampered with long-held secrets and loosed a terrible shadow upon the world. This is the tale of his testing, how he mastered the mighty words of power, tamed an ancient dragon, and crossed death's threshold to restore the balance."
4009,Nine Stories,819789,4.18,149262,6504,302,English,2001,3918,"DeDaumier-Smith's Blue Period, Teddy, and A Perfect Day for Bananafish are among the nine works in a collection of Salinger's perceptive and realistic short stories"
40611328,"Ishmael (Ishmael, #1)",10330,4.01,105447,7427,338,English,2009,4762,"An Adventure of the Mind and Spirit The narrator of this extraordinary tale is a man in search for truth. He answers an ad in a local newspaper from a teacher looking for serious pupils, only to find himself alone in an abandoned office with a full-grown gorilla who is nibbling delicately on a slender branch. ""You are the teacher?"" he asks incredulously. ""I am the teacher,"" the gorilla replies. Ishmael is a creature of immense wisdom and he has a story to tell, one that no other human being has ever heard. It is a story that extends backward and forward over the lifespan of the earth from the birth of time to a future there is still time save. Like all great teachers, Ishmael refuses to make the lesson easy; he demands the final illumination to come from within ourselves. Is it man's destiny to rule the world? Or is it a higher destiny possible for him-- one more wonderful than he has ever imagined?"
31122,I Capture the Castle,6208,3.98,116952,12311,408,English,1998,3749,"Through six turbulent months of 1934, 17-year-old Cassandra Mortmain keeps a journal, filling three notebooks with sharply funny yet poignant entries about her home, a ruined Suffolk castle, and her eccentric and penniless family. By the time the last diary shuts, there have been great changes in the Mortmain household, not the least of which is that Cassandra is deeply, hopelessly, in love."
140077,"Dead to the World (Sookie Stackhouse, #4)",17061,4.12,268073,6626,291,English,2005,1780,"Sookie Stackhouse is a cocktail waitress in Bon Temps, Louisiana. She has only a few close friends, because not everyone appreciates Sookie’s gift: she can read minds. That’s not exactly every man’s idea of date bait – unless they’re undead; vampires and the like can be tough to read. And that’s just the kind of guy Sookie’s been looking for. Maybe that’s why, when she comes across a naked vampire, she doesn’t just drive on by. He hasn’t got a clue who he is, but Sookie has: Eric looks just as scary and sexy – and dead – as ever. But now he has amnesia, he’s sweet, vulnerable, and in need of Sookie’s help – because whoever took his memory now wants his life."
101265124,The Polymorph,14887946,4.28,21801,62,0,English,2023,31,"Arbitrator, Jim Brown is returning to Earth after completing a successful mission to put down a revolution on and also thwarting an invasion of the planet Pirrus, an Earth colony. While there he found out that he is part alien and this secret had been hidden from him since birth. Brown finds that an alien species has successfully assimilated themselves with the humans on Earth and is ruling over them covertly. When an attempt is made to kidnap him, he realises he has become a target in a hidden game where different groups are vying for power, complicated by the introduction of artificial humans and super androids to boost Earth’s population and armies. Some ruling factions are preparing for war against the planet Levita and re-conquest of a group of planets, former colonies in the Delta Quadrant, who have declared their independence from Earth. Brown realises that he is also running the gauntlet of former enemies who are out to get him. He is desperate to thwart the prospects of war against Levita, where he has a son he has never met and is also against re-colonisation after his recent experiences on Pirrus. Aboard The Space Adventurer, the cruise ship on which he is returning, he meets two beautiful women. Marika, who has been sent as his minder, by the EPA, Earth Policy Administration, to keep an eye on Brown as they don’t fully trust him and Leela, the daughter of Earth’s biggest industrialist, who is secretly building the super androids on a space hub, where the ship makes a stop. He soon realises that he is in a desperate battle for survival, before he can even reach Earth and the big bash the EPA is throwing for him, for successfully completing his mission on Pirrus."
56905097,"As Good As Dead (A Good Girl's Guide to Murder, #3)",18229614,4.19,591885,79297,459,English,2021,25932,"The finale to A Good Girl's Guide to Murder series. By the end of this mystery series, you'll never think of good girls the same way again... Pip is about to head to college, but she is still haunted by the way her last investigation ended. She’s used to online death threats in the wake of her viral true-crime podcast, but she can’t help noticing an anonymous person who keeps asking her: Who will look for you when you’re the one who disappears? Soon the threats escalate and Pip realizes that someone is following her in real life. When she starts to find connections between her stalker and a local serial killer caught six years ago, she wonders if maybe the wrong man is behind bars. Police refuse to act, so Pip has only one choice: find the suspect herself—or be the next victim. As the deadly game plays out, Pip discovers that everything in her small town is coming full circle... and if she doesn’t find the answers, this time she will be the one who disappears..."
83144,"The Bronze Horseman (The Bronze Horseman, #1)",47499,4.29,97738,10238,637,English,2001,8161,"Librarian note: alternate covers for this edition can be found here and here and here. During the summer of 1941 the Metanov family are living a hard life in Leningrad. As the German armies advance their future looks bleak. For Tatiana, love arrives in the guise of Alexander, who harbours a deadly and extraordinary secret."
24861,Demian: Die Geschichte von Emil Sinclairs Jugend,1113469,4.14,139421,10966,193,German,1974,7157,"Emil Sinclair ist ein Junge, der in einem als ""Scheinwelt"" beschrieben bürgerlichen Elternhaus aufgewachsen ist. Dies ist die dramatische Geschichte seiner Abstieg - gesteuert durch sein frühreifen Schulkamerad Max Demian - in eine geheime und gefährliche Welt der Kleinkriminalität und Revolte gegen Konvention und seiner Erwachen zu Selbstheit."
13006,Julius Caesar,947,3.71,222522,8464,175,English,2002,5380,"The Oxford School Shakespeare has become the preferred introduction to the literary legacy of the greatest playwright in the English language. This exclusive collection of the Bard's best works has been designed specifically for readers new to Shakespeare's rich literary legacy. Each play is presented complete and unabridged, in large print. Every book is well illustrated, and starts with a commentary and character summary. Scene synopses and character summaries clarify confusing plots, while incisive essays explore the historical context and Shakespeare's sources. Each book ends with a complete list of Shakespeare's plays and a brief chronology of the Bard's life. The detailed explanatory notes are written clearly and positioned right next to the text--no more squinting at microscopic footnotes or flipping pages back and forth in search of endnotes! The new edition of the series features new covers and new illustrations, including both new drawings and photos from recent productions of Shakespeare's plays around the globe. In addition, the notes and the introductory material have been completely revised in line with new research and in order to make them clearer and more accessible. Finally, the entire text has been redesigned and reset to enhance readability. The new edition achieves the feat of unprecedented clarity of presentation without any cuts to the original text or the detailed explanations."
154462576,The Warm Hands of Ghosts,13922215,3.96,32584,6244,325,English,2024,1884,"During the Great War, a combat nurse searches for her brother, believed dead in the trenches despite eerie signs that suggest otherwise, in this hauntingly beautiful historical novel with a speculative twist from the New York Times bestselling author of The Bear and the Nightingale January 1918. Laura Iven was a revered field nurse until she was wounded and discharged from the medical corps, leaving behind a brother still fighting in Flanders. Now home in Halifax, Canada, she receives word of Freddie’s death in combat, along with his personal effects—but something doesn’t make sense. Determined to uncover the truth, Laura returns to Belgium as a volunteer at a private hospital. Soon after arriving, she hears whispers about haunted trenches, and a strange hotelier whose wine gives soldiers the gift of oblivion. Could Freddie have escaped the battlefield, only to fall prey to something—or someone—else? November 1917. Freddie Iven awakens after an explosion to find himself trapped in an overturned pillbox with a wounded enemy soldier, a German by the name of Hans Winter. Against all odds, the two men form an alliance and succeed in clawing their way out. Unable to bear the thought of returning to the killing fields, especially on opposite sides, they take refuge with a mysterious man who seems to have the power to make the hellscape of the trenches disappear. As shells rain down on Flanders, and ghosts move among those yet living, Laura’s and Freddie’s deepest traumas are reawakened. Now they must decide whether their world is worth salvaging—or better left behind entirely."
5064,"World Without End (Kingsbridge, #2)",3447,4.33,279951,14723,1237,English,2007,14154,"Librarian's note: An alternate cover edition can be found here World Without End takes place in the same town of Kingsbridge, two centuries after the townspeople finished building the exquisite Gothic cathedral that was at the heart of The Pillars of the Earth. The cathedral and the priory are again at the center of a web of love and hate, greed and pride, ambition and revenge, but this sequel stands on its own. This time the men and women of an extraordinary cast of characters find themselves at a crossroads of new ideas—about medicine, commerce, architecture, and justice. In a world where proponents of the old ways fiercely battle those with progressive minds, the intrigue and tension quickly reach a boiling point against the devastating backdrop of the greatest natural disaster ever to strike the human race—the Black Death."
15638,Cyrano de Bergerac,670859,4.06,91892,3837,240,English,2003,1807,"This is Edmond Rostand's immortal play in which chivalry and wit, bravery and love are forever captured in the timeless spirit of romance. Set in Louis XIII's reign, it is the moving and exciting drama of one of the finest swordsmen in France, gallant soldier, brilliant wit, tragic poet-lover with the face of a clown. Rostand's extraordinary lyric powers gave birth to a universal hero--Cyrano De Bergerac--and ensured his own reputation as author of one of the best-loved plays in the literature of the stage. This translation, by the American poet Brian Hooker, is nearly as famous as the original play itself, and is generally considered to be one of the finest English verse translations ever written."
30333938,"Slammed (Slammed, #1)",5430144,4.14,456633,28734,354,English,2016,16547,"Following the unexpected death of her father, 18-year-old Layken is forced to be the rock for both her mother and younger brother. Outwardly, she appears resilient and tenacious, but inwardly, she's losing hope. Enter Will Cooper: The attractive, 21-year-old new neighbor with an intriguing passion for slam poetry and a unique sense of humor. Within days of their introduction, Will and Layken form an intense emotional connection, leaving Layken with a renewed sense of hope. Not long after an intense, heart-stopping first date, they are slammed to the core when a shocking revelation forces their new relationship to a sudden halt. Daily interactions become impossibly painful as they struggle to find a balance between the feelings that pull them together, and the secret that keeps them apart."
15749186,"To All the Boys I've Loved Before (To All the Boys I've Loved Before, #1)",151371,4.04,1079251,55675,384,English,2014,22141,"To All the Boys I’ve Loved Before is the story of Lara Jean, who has never openly admitted her crushes, but instead wrote each boy a letter about how she felt, sealed it, and hid it in a box under her bed. But one day Lara Jean discovers that somehow her secret box of letters has been mailed, causing all her crushes from her past to confront her about the letters: her first kiss, the boy from summer camp, even her sister's ex-boyfriend, Josh. As she learns to deal with her past loves face to face, Lara Jean discovers that something good may come out of these letters after all."
11899,The Hours,1432,3.96,149860,7490,230,English,2002,2928,"The Hours is a daring and deeply affecting novel inspired by the life and work of Virginia Woolf. A passionate, profound and haunting story of love and inheritance, hope and despair . Exiled in Richmond in the 1920s, taken from her beloved Bloomsbury and lovingly watched over by her husband Leonard, Virginia Woolf struggles to tame her rebellious mind and make a start on her new novel. In the brooding heat of 1940s Los Angeles, a young wife and mother yearns to escape the claustrophobia of suburban domesticity and read her precious copy of Mrs Dalloway. And in New York in the 1990s, Clarissa Vaughan steps out of her smart Greenwich Village apartment and goes shopping for flowers for the party she is giving in honour of her life-long friend Richard, an award-winning poet whose mind and body are being ravaged by AIDS. These are the characters in Michael Cunningham's exquisite and deeply moving novel, which takes Woolf's life and work as inspiration for a meditation on artistic behaviour, failure, love and madness. Moving effortlessy across the decades and between England and America, Cunningham's elegant, haunting prose explores the pain and trauma of creativity and the immutable relationship between writer and reader."
56728,"You Are Special (Wemmicksville, #1)",2737,4.46,53909,1600,32,English,2004,219,T Eres Especial Edicin de Regalo( You Are Special Gift Edition) <> Hardcover <> MaxLucado <> EditorialUnilit
35133922,Educated,16121977,4.46,1911952,136535,352,English,2018,95608,"#1 NEW YORK TIMES, WALL STREET JOURNAL, AND BOSTON GLOBE BESTSELLER • One of the most acclaimed books of our time: an unforgettable memoir about a young woman who, kept out of school, leaves her survivalist family and goes on to earn a PhD from Cambridge University “Extraordinary . . . an act of courage and self-invention.”—The New York Times NAMED ONE OF THE TEN BEST BOOKS OF THE YEAR BY THE NEW YORK TIMES BOOK REVIEW • ONE OF BARACK OBAMA’S FAVORITE BOOKS OF THE YEAR • A KIRKUS REVIEWS BEST NONFICTION BOOK OF THE CENTURY • FINALIST: National Book Critics Circle’s Award In Autobiography and John Leonard Prize For Best First Book • PEN/Jean Stein Book Award • Los Angeles Times Book Prize Born to survivalists in the mountains of Idaho, Tara Westover was seventeen the first time she set foot in a classroom. Her family was so isolated from mainstream society that there was no one to ensure the children received an education, and no one to intervene when one of Tara’s older brothers became violent. When another brother got himself into college, Tara decided to try a new kind of life. Her quest for knowledge transformed her, taking her over oceans and across continents, to Harvard and to Cambridge University. Only then would she wonder if she’d traveled too far, if there was still a way home. “Beautiful and propulsive . . . Despite the singularity of [Westover’s] childhood, the questions her book poses are universal: How much of ourselves should we give to those we love? And how much must we betray them to grow up?”—Vogue ONE OF THE BEST BOOKS OF THE YEAR: The Washington Post, O: The Oprah Magazine, Time, NPR, Good Morning America, San Francisco Chronicle, The Guardian, The Economist, Financial Times, Newsday, New York Post, theSkimm, Refinery29, Bloomberg, Self, Real Simple, Town & Country, Bustle, Paste, Publishers Weekly, Library Journal, LibraryReads, Book Riot, Pamela Paul, KQED, New York Public Library"
93101,The Arabian Nights,5158478,4.02,82468,2847,1049,English,2004,17293,"This volume reproduces the 1932 Modern Library edition, for which Bennett A. Cerf chose the most famous and representative stories from Sir Richard F. Burton's multivolume translation, and includes Burton's extensive and acclaimed explanatory notes. The tales told by Shahrazad over a thousand and one nights to delay her execution by the vengeful King Shahriyar have become among the most popular in both Eastern and Western literature, as recounted by Sir Francis Burton. From the epic adventures of ""Aladdin and the Enchanted Lamp"" to the farcical ""Young Woman and her Five Lovers"" and the social criticism of ""The Tale of the Hunchback"", the stories depict a fabulous world of all-powerful sorcerers, jinns imprisoned in bottles and enchanting princesses. But despite their imaginative extravagance, the Tales are anchored to everyday life by their realism, providing a full and intimate record of medieval Islam.'"
40909452,"Drums of Autumn (Outlander, #4)",3617,4.36,271828,10479,928,English,2018,15418,"In this breathtaking novel, rich in history and adventure, #1 New York Times bestselling author Diana Gabaldon continues the story of Claire Randall and Jamie Fraser that started with the now-classic novel Outlander and continued in Dragonfly in Amber and Voyager. Once again spanning continents and centuries, Gabaldon has created a work of sheer brilliance. What if you knew someone you loved was going to die? What if you thought you could save them? How much would you risk to try? Claire Randall has gone to find Jamie Fraser, the man she loved more than life, and has left half her heart behind with their daughter, Brianna. Claire gave up Jamie to save Brianna, and now Bree has sent her mother back to the Scottish warrior who was willing to give his life to save them both. But a chilling discovery in the pages of history suggests that Jamie and Claire's story doesn't have a happy ending. Brianna dares a terrifying leap into the unknown in search of her mother and the father she has never met, risking her own future to try to change history . . . and to save their lives. But as Brianna plunges into an uncharted wilderness, a heartbreaking encounter may strand her forever in the past . . . or root her in the place she should be, where her heart and soul belong."
2299110,"Acheron (Dark-Hunter, #14)",4430,4.56,61862,4012,723,English,2008,1001,"Eleven thousand years ago a god was born. Cursed into the body of a human, Acheron endured a lifetime of hatred. His human death unleashed an unspeakable horror that almost destroyed the earth. Brought back against his will, he became the sole defender of mankind. Only it was never that simple… For centuries, he has fought for our survival and hidden a past he never wants revealed. Now his survival, and ours, hinges on the very woman who threatens him. Old enemies reawaken and unite to kill them both. War has never been deadlier… or more fun."
34186576,"Being a Witch, and Other Things I Didn't Ask For",6066772,4.28,27086,182,380,English,2017,114,"Raya’s burgeoning psychic and time-travel powers could freak anybody out. But they're downright scary when you're afraid you're coming down with the mental illness that stole your mother and put you in care. Emotionally wounded, she’s spikey and keeps people at bay. Her unbridled emotions accidentally fling her to 1645 England amidst their deadliest witch trials, along with an equally smart-aleck talking cat. Her modern clothes and inexplicable sudden appearance bring her under suspicion of the historic ""Witch-Finder General"", Matthew Hopkins. Despite people trying to help her come home, she sticks her fingers in it again and transports to 1645 Istanbul, where life is leaps and bounds ahead of England's. There she meets extraordinary historical figures as well as ordinary people. She starts to let family-type love in. Only through mending her heart does she have a chance of coming home. “Raya’s bittersweet memories of her mother are absolutely heartbreaking and serve as an important touchstone for readers who may have experienced similar trauma. The author’s talent for balancing real-world issues with adrenaline-pumping exploits through time (including a perilous sojourn to 17th-century Istanbul) is impressive, as are her richly detailed descriptions of various people and places.” Kirkus Starred Review – Verdict: Get it."
92517,The Glass Menagerie,7751,3.74,144492,4544,104,English,1999,1027,"No play in the modern theater has so captured the imagination and heart of the American public as Tennessee Williams's The Glass Menagerie. As Williams's first popular success, it launched the brilliant, if somewhat controversial, career, of our pre-eminent lyric playwright. Since its premiere in Chicago in 1944, with the legendary Laurette Taylor in the role of Amanda, Menagaerie has been the bravura piece for great actresses from Jessica Tandy to Joanne Woodward, and is studied and performed in classrooms and theatres around the world. The Glass Menagerie (in the reading text the author preferred) is now available only in its New Directions Paperbook edition. A new introduction by the editor of The Tennessee Williams Annual Review, Robert Bray, reappraises the play more than half a century after it won the New York Drama Critics Circle Award. This edition of The Glass Menagerie also includes Williams's essay on the impact of sudden fame on a struggling writer, ""The Catastrophe of Success,"" as well as a short section of Williams's own ""Production Notes."" (back cover)"
32768522,"Carry On (Simon Snow, #1)",4208569,4.16,336346,39005,528,English,2017,8047,"Simon Snow is the worst Chosen One who's ever been chosen. That's what his roommate, Baz, says. And Baz might be evil and a vampire and a complete git, but he's probably right. Half the time, Simon can't even make his wand work, and the other half, he starts something on fire. His mentor's avoiding him, his girlfriend broke up with him, and there's a magic-eating monster running around, wearing Simon's face. Baz would be having a field day with all this, if he were here — it's their last year at the Watford School of Magicks, and Simon's infuriating nemesis didn't even bother to show up. Carry On - The Rise and Fall of Simon Snow is a ghost story, a love story and a mystery. It has just as much kissing and talking as you'd expect from a Rainbow Rowell story - but far, far more monsters."
10357575,"1Q84 (1Q84, #1-3)",3354,3.95,343997,27351,944,English,2011,35724,"The year is 1984 and the city is Tokyo. A young woman named Aomame follows a taxi driver’s enigmatic suggestion and begins to notice puzzling discrepancies in the world around her. She has entered, she realizes, a parallel existence, which she calls 1Q84 —“Q is for ‘question mark.’ A world that bears a question.” Meanwhile, an aspiring writer named Tengo takes on a suspect ghostwriting project. He becomes so wrapped up with the work and its unusual author that, soon, his previously placid life begins to come unraveled. As Aomame’s and Tengo’s narratives converge over the course of this single year, we learn of the profound and tangled connections that bind them ever closer: a beautiful, dyslexic teenage girl with a unique vision; a mysterious religious cult that instigated a shoot-out with the metropolitan police; a reclusive, wealthy dowager who runs a shelter for abused women; a hideously ugly private investigator; a mild-mannered yet ruthlessly efficient bodyguard; and a peculiarly insistent television-fee collector. A love story, a mystery, a fantasy, a novel of self-discovery, a dystopia to rival George Orwell’s — 1Q84 is Haruki Murakami’s most ambitious undertaking yet: an instant best seller in his native Japan, and a tremendous feat of imagination from one of our most revered contemporary writers."
24800,House of Leaves,13974,4.09,206186,23318,709,English,2000,36501,"A young family moves into a small home on Ash Tree Lane where they discover something is terribly wrong: their house is bigger on the inside than it is on the outside. Of course, neither Pulitzer Prize-winning photojournalist Will Navidson nor his companion Karen Green was prepared to face the consequences of that impossibility, until the day their two little children wandered off and their voices eerily began to return another story—of creature darkness, of an ever-growing abyss behind a closet door, and of that unholy growl which soon enough would tear through their walls and consume all their dreams."
20758104,"The Knife of Never Letting Go (Chaos Walking, #1)",370361,3.98,205530,21907,528,English,2014,8094,"Todd Hewitt is the only boy in a town of men. Ever since the settlers were infected with the Noise germ, Todd can hear everything the men think, and they hear everything he thinks. Todd is just a month away from becoming a man, but in the midst of the cacophony, he knows that the town is hiding something from him -- something so awful Todd is forced to flee with only his dog, whose simple, loyal voice he hears too. With hostile men from the town in pursuit, the two stumble upon a strange and eerily silent creature: a girl. Who is she? Why wasn't she killed by the germ like all the females on New World? Propelled by Todd's gritty narration, readers are in for a white-knuckle journey in which a boy on the cusp of manhood must unlearn everything he knows in order to figure out who he truly is."
55987278,"Once Upon a Broken Heart (Once Upon a Broken Heart, #1)",14137787,4.06,711271,89799,408,English,2021,32286,"The IRRESISTIBLE first novel in the #1 NEW YORK TIMES BESTSELLING Once Upon a Broken Heart series, about love, curses, and the lengths that people will go to for happily ever after For as long as she can remember, Evangeline Fox has believed in true love and happy endings . . . until she learns that the love of her life will marry another. Desperate to stop the wedding and to heal her wounded heart, Evangeline strikes a deal with the charismatic, but wicked, Prince of Hearts. In exchange for his help, he asks for three kisses, to be given at the time and place of his choosing. But after Evangeline’s first promised kiss, she learns that bargaining with an immortal is a dangerous game ― and that the Prince of Hearts wants far more from her than she’d pledged. He has plans for Evangeline, plans that will either end in the greatest happily ever after, or the most exquisite tragedy. Continue the adventure in The Ballad of Never After, A Curse for True Love, and The Mirror of Infinite Endings! Also by Stephanie Garber: The Caraval Series - Caraval - Legendary - Finale - Spectacular Alchemy of Secrets"
6482837,Before I Fall,2936493,3.88,347403,22515,470,English,2010,6696,"With this stunning debut novel, New York Times bestselling author Lauren Oliver emerged as one of today's foremost authors of young adult fiction. Like Jay Asher's Thirteen Reasons Why and Gayle Forman's If I Stay, Before I Fall raises thought-provoking questions about love, death, and how one person's life can affect so many others. For popular high school senior Samantha Kingston, February 12—""Cupid Day""—should be one big party, a day of valentines and roses and the privileges that come with being at the top of the social pyramid. And it is…until she dies in a terrible accident that night. However, she still wakes up the next morning. In fact, Sam lives the last day of her life seven times, until she realizes that by making even the slightest changes, she may hold more power than she ever imagined. Named to numerous state reading lists, this novel was also recognized as a Best Book of the Year by Amazon.com, Barnes & Noble, The Daily Beast, NPR, and Publishers Weekly. It has been optioned for film by Fox 2000 Pictures. Supports the Common Core State Standards."
153008,"Kushiel's Dart (Phèdre's Trilogy, #1)",9237,4.02,85291,5661,1040,English,2003,4964,"The land of Terre d'Ange is a place of unsurpassing beauty and grace. It is said that angels found the land and saw it was good... and the ensuing race that rose from the seed of angels and men live by one simple rule: Love as thou wilt. Phèdre nó Delaunay is a young woman who was born with a scarlet mote in her left eye. Sold into indentured servitude as a child, her bond is purchased by Anafiel Delaunay, a nobleman with very a special mission... and the first one to recognize who and what she is: one pricked by Kushiel's Dart, chosen to forever experience pain and pleasure as one. Phèdre is trained equally in the courtly arts and the talents of the bedchamber, but, above all, the ability to observe, remember, and analyze. Almost as talented a spy as she is courtesan, Phèdre stumbles upon a plot that threatens the very foundations of her homeland. Treachery sets her on her path; love and honor goad her further. And in the doing, it will take her to the edge of despair... and beyond. Hateful friend, loving enemy, beloved assassin; they can all wear the same glittering mask in this world, and Phèdre will get but one chance to save all that she holds dear. Set in a world of cunning poets, deadly courtiers, heroic traitors, and a truly Machiavellian villainess, this is a novel of grandeur, luxuriance, sacrifice, betrayal, and deeply laid conspiracies. Not since Dune has there been an epic on the scale of Kushiel's Dart-a massive tale about the violent death of an old age, and the birth of a new."
62986809,Pericles and Aspasia: A Story of Ancient Greece,746237,4.28,15823,97,557,English,2022,117,"STEP ASIDE, ANTONY AND PERICLES AND ASPASIA —THE LOVE STORY THAT SHAPED HISTORY Two lovers crest the wave of the golden age of Pericles, statesman and general, and Aspasia, his courtesan, a philosopher's daughter, and a brilliant woman in her own right. In a world of hierarchies, he is at the top when she arrives as little more than flotsam cast up on Athenian shores. Their love transcends social sanctions, enduring and deepening despite the grave threat it presents to Pericles' reputation as a leader of the Athenian democracy. The novel unfolds against the background of the arts and history of the Golden Age, seen through the eyes of two individuals who lent their particular brilliance to make it ""golden"": Pericles, the great orator and visionary of democracy, and its most influential woman, Aspasia. Their story takes them from the Agora-Athens' marketplace to the Acropolis, from the raunchy Athenian Port Piraeus mercantile across the Aegean Sea to East Greece. Pericles and Aspasia—together and apart—navigate treacherous paths from venal calculations to impassioned philosophical inquiry, from high-stakes sea battles to the passions of family life. Pericles and Aspasia engages issues that are vital today—the paradoxes of democracy, the tensions of hierarchy, the ironies of gender, and others—but this novel is immersed in classical Athens: the city, its sunshine, its physical presence, its people, and their struggles and aspirations."
45047384,"The House in the Cerulean Sea (Cerulean Chronicles, #1)",5073330,4.35,1036408,154392,393,English,2020,57634,"A magical island. A dangerous task. A burning secret. Linus Baker leads a quiet, solitary life. At forty, he lives in a tiny house with a devious cat and his old records. As a Case Worker at the Department in Charge Of Magical Youth, he spends his days overseeing the well-being of children in government-sanctioned orphanages. When Linus is unexpectedly summoned by Extremely Upper Management he's given a curious and highly classified assignment: travel to Marsyas Island Orphanage, where six dangerous children reside: a gnome, a sprite, a wyvern, an unidentifiable green blob, a were-Pomeranian, and the Antichrist. Linus must set aside his fears and determine whether or not they’re likely to bring about the end of days. But the children aren’t the only secret the island keeps. Their caretaker is the charming and enigmatic Arthur Parnassus, who will do anything to keep his wards safe. As Arthur and Linus grow closer, long-held secrets are exposed, and Linus must make a choice: destroy a home or watch the world burn. An enchanting story, masterfully told, The House in the Cerulean Sea is about the profound experience of discovering an unlikely family in an unexpected place—and realizing that family is yours."
4134071,"Hunted (House of Night, #5)",17015,3.93,192060,4061,336,English,2009,1835,"What if the hottest guy in the world was hiding a nameless evil, and all he wanted was you? At the start of this heart-pounding new installment of the bestselling House of Night series, Zoey’s friends have her back again and Stevie Rae and the red fledglings aren’t Neferet’s secrets any longer. But an unexpected danger has emerged. Neferet guards her powerful new consort, Kalona, and no one at the House of Night seems to understand the threat he poses. Kalona looks gorgeous, and he has the House of Night under his spell. A past life holds the key to breaking his rapidly spreading influence, but what if this past life shows Zoey secrets she doesn’t want to hear and truths she can’t face?"
80660,We Need to Talk About Kevin,45922,4.08,218343,19385,400,English,2006,9373,"The gripping international bestseller about motherhood gone awry. Eva never really wanted to be a mother - and certainly not the mother of the unlovable boy who murdered seven of his fellow high school students, a cafeteria worker, and a much-adored teacher who tried to befriend him, all two days before his sixteenth birthday. Now, two years later, it is time for her to come to terms with marriage, career, family, parenthood, and Kevin's horrific rampage in a series of startlingly direct correspondences with her estranged husband, Franklin. Uneasy with the sacrifices and social demotion of motherhood from the start, Eva fears that her alarming dislike for her own son may be responsible for driving him so nihilistically off the rails."
7664041,"Inheritance (The Inheritance Cycle, #4)",8349,4.17,315758,13511,849,English,2011,8659,"It began with Eragon... It ends with Inheritance. Not so very long ago, Eragon — Shadeslayer, Dragon Rider — was nothing more than a poor farm boy, and his dragon, Saphira, only a blue stone in the forest. Now the fate of an entire civilization rests on their shoulders. Long months of training and battle have brought victories and hope, but they have also brought heartbreaking loss. And still, the real battle lies ahead: they must confront Galbatorix. When they do, they will have to be strong enough to defeat him. And if they cannot, no one can. There will be no second chance. The Rider and his dragon have come further than anyone dared to hope. But can they topple the evil king and restore justice to Alagaësia? And if so, at what cost? This is the spellbinding conclusion to Christopher Paolini's worldwide bestselling Inheritance cycle."
7631105,"The Scorch Trials (The Maze Runner, #2)",348878,3.9,658159,33736,362,English,2010,16784,Solving the Maze was supposed to be the end. Thomas was sure that escape from the Maze would mean freedom for him and the Gladers. But WICKED isn’t done yet. Phase Two has just begun. The Scorch. There are no rules. There is no help. You either make it or you die. The Gladers have two weeks to cross through the Scorch—the most burned-out section of the world. And WICKED has made sure to adjust the variables and stack the odds against them. Friendships will be tested. Loyalties will be broken. All bets are off. There are others now. Their survival depends on the Gladers’ destruction—and they’re determined to survive.
24128,The Merchant of Venice,947,3.77,205043,7043,249,English,2011,5454,"In this lively comedy of love and money in sixteenth-century Venice, Bassanio wants to impress the wealthy heiress Portia but lacks the necessary funds. He turns to his merchant friend, Antonio, who is forced to borrow from Shylock, a Jewish moneylender. When Antonio's business falters, repayment becomes impossible--and by the terms of the loan agreement, Shylock is able to demand a pound of Antonio's flesh. Portia cleverly intervenes, and all ends well (except of course for Shylock)."
18705209,"The Blood of Olympus (The Heroes of Olympus, #5)",15872,4.43,399285,27040,516,English,2014,11246,"Nico had warned them. Going through the House of Hades would stir the demigods' worst memories. Their ghosts would become restless. Nico may actually become a ghost if he has to shadow-travel with Reyna and Coach Hedge one more time. But that might be better than the alternative: allowing someone else to die, as Hades foretold. Jason's ghost is his mother, who abandoned him when he was little. He may not know how he is going to prove himself as a leader, but he does know that he will not break promises like she did. He will complete his line of the prophecy: To storm or fire the world must fall. Reyna fears the ghosts of her ancestors, who radiate anger. But she can't allow them to distract her from getting the Athena Parthenos to Camp Half-Blood before war breaks out between the Romans and Greeks. Will she have enough strength to succeed, especially with a deadly hunter on her trail? Leo fears that his plan won't work, that his friends might interfere. But there is no other way. All of them know that one of the Seven has to die in order to defeat Gaea, the Earth Mother. Piper must learn to give herself over to fear. Only then will she be able to do her part at the end: utter a single word. Heroes, gods, and monsters all have a role to play in the climactic fulfillment of the prophecy in The Blood of Olympus, the electrifying finale of the best-selling Heroes of Olympus series."
7723542,"A Dog's Purpose (A Dog's Purpose, #1)",327737,4.36,140970,15284,319,English,2010,7230,"This is the remarkable story of one endearing dog's search for his purpose over the course of several lives. More than just another charming dog story, this touches on the universal quest for an answer to life's most basic question: Why are we here? Surprised to find himself reborn as a rambunctious golden haired puppy after a tragically short life as a stray mutt, Bailey's search for his new life's meaning leads him into the loving arms of 8 year old Ethan. During their countless adventures Bailey joyously discovers how to be a good dog. But this life as a beloved family pet is not the end of Bailey's journey. Reborn as a puppy yet again, Bailey wonders, will he ever find his purpose? Heartwarming, insightful, and often laugh out loud funny, this book is not only the emotional and hilarious story of a dog's many lives, but also a dog's eye commentary on human relationships and the unbreakable bonds between man and man's best friend. This story teaches us that love never dies, that our true friends are always with us, and that every creature on earth is born with a purpose."
65641,"The Silver Chair (Chronicles of Narnia, #4)",1069006,3.96,335831,11458,243,English,2008,4467,"Jill and Eustace must rescue the Prince from the evil Witch. NARNIA...where owls are wise, where some of the giants like to snack on humans, where a prince is put under an evil spell...and where the adventure begins. Eustace and Jill escape from the bullies at school through a strange door in the wall, which, for once, is unlocked. It leads to the open moor...or does it? Once again Aslan has a task for the children, and Narnia needs them. Through dangers untold and caverns deep and dark, they pursue the quest that brings them face to face with the evil Witch. She must be defeated if Prince Rillian is to be saved."
216505858,The Pythagorean,,,0,0,,,,0,
11337,The Bluest Eye,3534,4.13,310644,24970,216,English,2005,15842,"The Bluest Eye is Toni Morrison's first novel, a book heralded for its richness of language and boldness of vision. Set in the author's girlhood hometown of Lorain, Ohio, it tells the story of black, eleven-year-old Pecola Breedlove. Pecola prays for her eyes to turn blue so that she will be as beautiful and beloved as all the blond, blue-eyed children in America. In the autumn of 1941, the year the marigolds in the Breedloves' garden do not bloom. Pecola's life does change—in painful, devastating ways. With its vivid evocation of the fear and loneliness at the heart of a child's yearning, and the tragedy of its fulfillment. The Bluest Eye remains one of Toni Morrison's most powerful, unforgettable novels- and a significant work of American fiction."
30868,"The Bean Trees (Greer Family, #1)",3541,4.02,177711,9443,232,English,1989,6900,"Clear-eyed and spirited, Taylor Greer grew up poor in rural Kentucky with the goals of avoiding pregnancy and getting away. But when she heads west with high hopes and a barely functional car, she meets the human condition head-on. By the time Taylor arrives in Tucson, Arizona, she has acquired a completely unexpected child, a three-year-old American Indian girl named Turtle, and must somehow come to terms with both motherhood and the necessity for putting down roots. Hers is a story about love and friendship, abandonment and belonging, and the discovery of surprising resources in apparently empty places."
121749,"Prince Caspian (Chronicles of Narnia, #2)",1069006,3.98,492205,15603,240,English,2005,6877,"Illustrations in this ebook appear in vibrant full color on a full color ebook device, and in rich black and white on all other devices. Narnia . . . where animals talk . . . where trees walk . . . where a battle is about to begin. A prince denied his rightful throne gathers an army in a desperate attempt to rid his land of a false king. But in the end, it is a battle of honor between two men alone that will decide the fate of an entire world. Prince Caspian is the fourth book in C.S. Lewis’s The Chronicles of Narnia, a series that has become part of the canon of classic literature, drawing readers of all ages into a magical land with unforgettable characters for over fifty years. This is a stand-alone novel, but if you would like to see more of Lucy and Edmund’s adventures, read The Voyage of the Dawn Treader, the fifth book in The Chronicles of Narnia."
17212231,"Inferno (Robert Langdon, #4)",630,3.91,602086,40998,463,English,2013,25420,". ‘Seek and ye shall find.’ With these words echoing in his head, eminent Harvard symbologist Robert Langdon awakes in a hospital bed with no recollection of where he is or how he got there. Nor can he explain the origin of the macabre object that is found hidden in his belongings. A threat to his life will propel him and a young doctor, Sienna Brooks, into a breakneck chase across the city of Florence. Only Langdon’s knowledge of hidden passageways and ancient secrets that lie behind its historic facade can save them from the clutches of their unknown pursuers. With only a few lines from Dante’s dark and epic masterpiece, The Inferno, to guide them, they must decipher a sequence of codes buried deep within some of the most celebrated artefacts of the Renaissance – sculptures, paintings, buildings – to find the answers to a puzzle which may, or may not, help them save the world from a terrifying threat… Set against an extraordinary landscape inspired by one of history’s most ominous literary classics, Inferno is Dan Brown’s most compelling and thought-provoking novel yet, a breathless race-against-time thriller that will grab you from page one and not let you go until you close the book."
366522,"P.S. I Love You (P.S. I Love You, #1)",7116,4.04,399790,10405,501,English,2004,5233,"A novel about holding on, letting go, and learning to love again. Now in paperback, the endearing novel that captured readers' hearts and introduced a fresh new voice in women's fiction Cecelia Ahern. Holly couldn't live without her husband Gerry, until the day she had to. They were the kind of young couple who could finish each other's sentences. When Gerry succumbs to a terminal illness and dies, 30-year-old Holly is set adrift, unable to pick up the pieces. But with the help of a series of letters her husband left her before he died and a little nudging from an eccentric assortment of family and friends, she learns to laugh, overcome her fears, and discover a world she never knew existed. The kind of enchanting novel with cross-generational appeal that comes along once in a great while, PS, I Love You is a captivating love letter to the world!"
12513614,"Captive in the Dark (The Dark Duet, #1)",5174152,3.93,75271,6626,276,English,2011,3245,"Caleb is a man with a singular interest in revenge. Kidnapped as a young boy and sold into slavery by a power-hungry mobster, he has thought of nothing but vengeance. For twelve years he has immersed himself in the world of pleasure slaves searching for the one man he holds ultimately responsible. Finally, the architect of his suffering has emerged with a new identity, but not a new nature. If Caleb is to get close enough to strike, he must become the very thing he abhors and kidnap a beautiful girl to train her to be all that he once was. Eighteen-year-old Olivia Ruiz has just woken up in a strange place. Blindfolded and bound, there is only a calm male voice to welcome her. His name is Caleb, though he demands to be called Master. Olivia is young, beautiful, naïve and willful to a fault. She has a dark sensuality that cannot be hidden or denied, though she tries to accomplish both. Although she is frightened by the strong, sadistic, and arrogant man who holds her prisoner, what keeps Olivia awake in the dark is her unwelcome attraction to him. This book contains very disturbing situations, dubious consent, strong language, and graphic violence."
305234,"Wicked Lovely (Wicked Lovely, #1)",175855,3.7,166636,7697,328,English,2007,1890,"Rule #3: Don't stare at invisible faeries. Aislinn has always seen faeries. Powerful and dangerous, they walk hidden in the mortal world. Aislinn fears their cruelty - especially if they learn of her Sight - and wishes she were as blind to their presence as other teens. Rule #2: Don't speak to invisible faeries. Now faeries are stalking her. One of them, Keenan, who is equal parts terrifying and alluring, is trying to talk to her, asking questions Aislinn is afraid to answer. Rule #1: Don't ever attract their attention. But it's too late. Keenan is the Summer King, who has sought his queen for nine centuries. Without her, summer itself will perish. He is determined that Aislinn will become the Summer Queen at any cost — regardless of her plans or desires. Suddenly none of the rules that have kept Aislinn safe are working anymore, and everything is on the line: her freedom; her best friend, Seth; her life; everything. Faery intrigue, mortal love, and the clash of ancient rules and modern expectations swirl together in Melissa Marr's stunning twenty-first-century faery tale."
5439,Interpreter of Maladies,3670,4.18,208395,15973,198,English,2000,9203,"Librarian's note: An alternate cover edition can be found here Navigating between the Indian traditions they've inherited and the baffling new world, the characters in Jhumpa Lahiri's elegant, touching stories seek love beyond the barriers of culture and generations. In ""A Temporary Matter,"" published in The New Yorker, a young Indian-American couple faces the heartbreak of a stillborn birth while their Boston neighborhood copes with a nightly blackout. In the title story, an interpreter guides an American family through the India of their ancestors and hears an astonishing confession. Lahiri writes with deft cultural insight reminiscent of Anita Desai and a nuanced depth that recalls Mavis Gallant."
59808071,"The Ballad of Never After (Once Upon a Broken Heart, #2)",14137787,4.49,513181,76133,416,English,2022,12330,"The jaw-dropping, #1 NEW YORK TIMES BESTSELLING sequel to ONCE UPON A BROKEN HEART, starring Evangeline Fox and the Prince of Hearts on a new journey of magic, mystery, and heartbreak Not every love is meant to be. After Jacks, the Prince of Hearts, betrays her, Evangeline Fox swears she'll never trust him again. Now that she’s discovered her own magic, Evangeline believes she can use it to restore the chance at happily ever after that Jacks stole away. But when a new terrifying curse is revealed, Evangeline finds herself entering into a tenuous partnership with the Prince of Hearts again. Only this time, the rules have changed. Jacks isn’t the only force Evangeline needs to be wary of. In fact, he might be the only one she can trust, despite her desire to despise him. Instead of a love spell wreaking havoc on Evangeline’s life, a murderous spell has been cast. To break it, Evangeline and Jacks will have to do battle with old friends, new foes, and a magic that plays with heads and hearts. Evangeline has always trusted her heart, but this time she’s not sure she can. . . . Continue the adventure in A Curse for True Love and The Mirror of Infinite Endings! Also by Stephanie Garber: The Caraval Series: - Caraval - Legendary - Finale - Spectacular Alchemy of Secrets"
44778083,"House of Earth and Blood (Crescent City, #1)",3433047,4.45,1208048,117574,803,English,2020,101045,"Bryce Quinlan had the perfect life-working hard all day and partying all night-until a demon murdered her closest friends, leaving her bereft, wounded, and alone. When the accused is behind bars but the crimes start up again, Bryce finds herself at the heart of the investigation. She'll do whatever it takes to avenge their deaths. Hunt Athalar is a notorious Fallen angel, now enslaved to the Archangels he once attempted to overthrow. His brutal skills and incredible strength have been set to one purpose-to assassinate his boss's enemies, no questions asked. But with a demon wreaking havoc in the city, he's offered an irresistible deal: help Bryce find the murderer, and his freedom will be within reach. As Bryce and Hunt dig deep into Crescent City's underbelly, they discover a dark power that threatens everything and everyone they hold dear, and they find, in each other, a blazing passion-one that could set them both free, if they'd only let it. With unforgettable characters, sizzling romance, and page-turning suspense, this richly inventive new fantasy series delves into the heartache of loss, the price of freedom-and the power of love."
52529,"The Secret (The Secret, #1)",29655,3.74,540276,17518,199,English,2006,25101,"Alternate cover edition of ISBN 9781582701707. The worldwide bestselling phenomenon that has helped millions tap the power of the law that governs all our lives to create—intentionally and effortlessly—a joyful life. In 2006, a groundbreaking feature-length film revealed the great mystery of the universe—The Secret—and, later that year, Rhonda Byrne followed with a book that became a worldwide bestseller. Fragments of a Great Secret have been found in the oral traditions, in literature, in religions, and philosophies throughout the centuries. For the first time, all the pieces of The Secret come together in an incredible revelation that will be life-transforming for all who experience it. In this book, you’ll learn how to use The Secret in every aspect of your life—money, health, relationships, happiness, and in every interaction you have in the world. You’ll begin to understand the hidden, untapped power that’s within you, and this revelation can bring joy to every aspect of your life. The Secret contains wisdom from modern-day teachers—men and women who have used it to achieve health, wealth, and happiness. By applying the knowledge of The Secret, they bring to light compelling stories of eradicating disease, acquiring massive wealth, overcoming obstacles, and achieving what many would regard as impossible."
30319086,If We Were Villains,14954351,4.08,427297,78105,354,English,2017,28883,"Oliver Marks has just served ten years in jail - for a murder he may or may not have committed. On the day he's released, he's greeted by the man who put him in prison. Detective Colborne is retiring, but before he does, he wants to know what really happened a decade ago. As one of seven young actors studying Shakespeare at an elite arts college, Oliver and his friends play the same roles onstage and off: hero, villain, tyrant, temptress, ingenue, extra. But when the casting changes, and the secondary characters usurp the stars, the plays spill dangerously over into life, and one of them is found dead. The rest face their greatest acting challenge yet: convincing the police, and themselves, that they are blameless."
43758,"The Queen of the Damned (The Vampire Chronicles, #3)",7577,3.93,163417,4207,448,English,1997,3095,"Librarian's note: An alternate cover edition can be found here In 1976, a uniquely seductive world of vampires was unveiled in the now-classic Interview with the Vampire . . . in 1985, a wild and voluptous voice spoke to us, telling the story of The Vampire Lestat. In The Queen of the Damned, Anne Rice continues her extraordinary ""Vampire Chronicles"" in a feat of mesmeric storytelling, a chillingly hypnotic entertainment in which the oldest and most powerful forces of the night are unleashed on an unsuspecting world. Three brilliantly colored narrative threads intertwine as the story unfolds: - The rock star known as Vampire Lestat, worshipped by millions of spellbound fans, prepares for a concert in San Francisco. Among the audience--pilgrims in a blind swoon of adoration--are hundreds of vampires, creatures who see Lestat as a ""greedy fiend risking the secret prosperity of all his kind just to be loved and seen by mortals,"" fiends themselves who hate Lestat's power and who are determined to destroy him . . . - The sleep of certain men and women--vampires and mortals scattered around the world--is haunted by a vivid, mysterious dream: of twins with fiery red hair and piercing green eyes who suffer an unspeakable tragedy. It is a dream that slowly, tauntingly reveals its meaning to the dreamers as they make their way toward each other--some to be destroyed on the journey, some to face an even more terrifying fate at journey's end . . . - Akasha--Queen of the Damned, mother of all vampires, rises after a 6,000 year sleep and puts into motion a heinous plan to ""save"" mankind from itself and make ""all myths of the world real"" by elevating herself and her chosen son/lover to the level of the gods: ""I am the fulfillment and I shall from this moment be the cause"" . . . These narrative threads wind sinuously across a vast, richly detailed tapestry of the violent, sensual world of vampirism, taking us back 6,000 years to its beginnings. As the stories of the ""first brood"" of blood drinkers are revealed, we are swept across the ages, from Egypt to South America to the Himalayas to all the shrouded corners of the globe where vampires have left their mark. Vampires are created--mortals succumbing to the sensation of ""being emptied, of being devoured, of being nothing."" Vampires are destroyed. Dark rituals are performed--the rituals of ancient creatures prowling the modern world. And, finally, we are brought to a moment in the twentieth century when, in an astonishing climax, the fate of the living dead--and perhaps of the living, all the living--will be decided. From the Hardcover edition."
415,Gravity’s Rainbow,235,4.02,49217,5196,776,English,2006,10225,"Winner of the 1973 National Book Award, Gravity's Rainbow is a postmodern epic, a work as exhaustively significant to the second half of the 20th century as Joyce's Ulysses was to the first. Its sprawling, encyclopedic narrative, and penetrating analysis of the impact of technology on society make it an intellectual tour de force."
3869,A Brief History of Time,1401,4.21,485801,14277,226,English,1998,37547,"A landmark volume in science writing by one of the great minds of our time, Stephen Hawking’s book explores such profound questions as: How did the universe begin—and what made its start possible? Does time always flow forward? Is the universe unending—or are there boundaries? Are there other dimensions in space? What will happen when it all ends? Told in language we all can understand, A Brief History of Time plunges into the exotic realms of black holes and quarks, of antimatter and “arrows of time,” of the big bang and a bigger God—where the possibilities are wondrous and unexpected. With exciting images and profound imagination, Stephen Hawking brings us closer to the ultimate secrets at the very heart of creation."
44421460,"Before the Coffee Gets Cold (Before the Coffee Gets Cold, #1)",16836980,3.65,731253,100116,213,English,2019,70413,"What would you change if you could go back in time? In a small back alley in Tokyo, there is a café which has been serving carefully brewed coffee for more than one hundred years. But this coffee shop offers its customers a unique experience: the chance to travel back in time. In Before the Coffee Gets Cold, we meet four visitors, each of whom is hoping to make use of the café’s time-travelling offer, in order to: confront the man who left them, receive a letter from their husband whose memory has been taken by early onset Alzheimer's, to see their sister one last time, and to meet the daughter they never got the chance to know. But the journey into the past does not come without risks: customers must sit in a particular seat, they cannot leave the café, and finally, they must return to the present before the coffee gets cold . . . Toshikazu Kawaguchi’s beautiful, moving story explores the age-old question: what would you change if you could travel back in time? More importantly, who would you want to meet, maybe for one last time?"
47212,"Storm Front (The Dresden Files, #1)",10746,3.97,385043,23366,372,English,2000,11858,"As a professional wizard, Harry Dresden knows firsthand that the “everyday” world is actually full of strange and magical things—and most of them don’t play well with humans. And those that do enjoy playing with humans far too much. He also knows he’s the best at what he does. Technically, he’s the only at what he does. But even though Harry is the only game in town, business—to put it mildly—stinks. So when the Chicago P.D. bring him in to consult on a double homicide committed with black magic, Harry's seeing dollar signs. But where there's black magic, there's a black mage behind it. And now that mage knows Harry's name..."
1371,The Iliad,903,3.93,520646,17804,614,English,1999,45853,"Dating to the ninth century B.C., Homer’s timeless poem still vividly conveys the horror and heroism of men and gods wrestling with towering emotions and battling amidst devastation and destruction, as it moves inexorably to the wrenching, tragic conclusion of the Trojan War. Renowned classicist Bernard Knox observes in his superb introduction that although the violence of the Iliad is grim and relentless, it coexists with both images of civilized life and a poignant yearning for peace. Combining the skills of a poet and scholar, Robert Fagles, winner of the PEN/Ralph Manheim Medal for Translation and a 1996 Academy Award in Literature from the American Academy of Arts and Letters, brings the energy of contemporary language to this enduring heroic epic. He maintains the drive and metric music of Homer’s poetry, and evokes the impact and nuance of the Iliad’s mesmerizing repeated phrases in what Peter Levi calls “an astonishing performance.”"
37190,The Tale of Despereaux,13663,4.08,216478,13648,272,English,2008,4429,"A brave mouse, a covetous rat, a wishful serving girl, and a princess named Pea come together in Kate DiCamillo's Newbery Medal–winning tale. Welcome to the story of Despereaux Tilling, a mouse who is in love with music, stories, and a princess named Pea. It is also the story of a rat called Roscuro, who lives in the darkness and covets a world filled with light. And it is the story of Miggery Sow, a slow-witted serving girl who harbors a simple, impossible wish. These three characters are about to embark on a journey that will lead them down into a horrible dungeon, up into a glittering castle, and, ultimately, into each other's lives. What happens then? As Kate DiCamillo would say: Reader, it is your destiny to find out. With black-and-white illustrations and a refreshed cover by Timothy Basil Ering. Aimed at children aged 7 and over, this book is a funny, moving, old-fashioned fairy tale in three parts."
127305892,No One Can Know,17294875,3.64,86253,8639,325,English,2024,3290,"Fourteen years ago, the Palmer sisters―Emma, Juliette, and Daphne―left their home in Arden Hills and never returned. But when Emma discovers she’s pregnant and her husband loses his job, she has no option but to return to the house that she and her estranged sisters still own . . . and where their parents were murdered. Emma has never told anyone what she saw the night her parents died, even when she became the prime suspect. But her presence in the house threatens to uncover secrets that have stayed hidden for years, and the sisters are drawn together once again. As they face their memories of the past, rivalries restart, connections are forged, and, for the first time, Emma starts to ask questions about what really happened that night. The more Emma learns, the more riddles emerge. And Emma begins to wonder just what her siblings will do to keep the past buried, and whether she did the right thing staying quiet about what was whispered that night: “No one can know.”"
5527,All the King's Men,3736,4.09,67193,3743,439,English,1996,4147,"All the King's Men is a 1946 novel by Robert Penn Warren. Its title is drawn from the nursery rhyme ""Humpty Dumpty"". The novel tells the story of charismatic populist governor Willie Stark and his political machinations in the Depression-era Deep South. It is commonly thought to have been loosely inspired by the real-life story of U.S. Senator Huey P. Long, who was assassinated in 1935. Warren won the Pulitzer Prize for All the King's Men in 1947. The novel has received critical acclaim and remained perennially popular since its first publication. It was rated the 36th greatest novel of the 20th century by Modern Library, and it was chosen as one of Time magazine's 100 best novels since 1923. All the King's Men portrays the dramatic and theatrical political rise and governorship of Willie Stark, a cynical populist in the 1930s American South."
27003,"The Eyre Affair (Thursday Next, #1)",4432,3.88,138226,12204,374,English,2003,3143,"Great Britain circa 1985: time travel is routine, cloning is a reality (dodos are the resurrected pet of choice), and literature is taken very, very seriously. Baconians are trying to convince the world that Francis Bacon really wrote Shakespeare, there are riots between the Surrealists and Impressionists, and thousands of men are named John Milton, an homage to the real Milton and a very confusing situation for the police. Amidst all this, Acheron Hades, Third Most Wanted Man In the World, steals the original manuscript of Martin Chuzzlewit and kills a minor character, who then disappears from every volume of the novel ever printed! But that's just a prelude . . . Hades' real target is the beloved Jane Eyre, and it's not long before he plucks her from the pages of Bronte's novel. Enter Thursday Next. She's the Special Operative's renowned literary detective, and she drives a Porsche. With the help of her uncle Mycroft's Prose Portal, Thursday enters the novel to rescue Jane Eyre from this heinous act of literary homicide. It's tricky business, all these interlopers running about Thornfield, and deceptions run rampant as their paths cross with Jane, Rochester, and Miss Fairfax. Can Thursday save Jane Eyre and Bronte's masterpiece? And what of the Crimean War? Will it ever end? And what about those annoying black holes that pop up now and again, sucking things into time-space voids . . . Suspenseful and outlandish, absorbing and fun, The Eyre Affair is a caper unlike any other and an introduction to the imagination of a most distinctive writer and his singular fictional universe."
17125,One Day in the Life of Ivan Denisovich,19771050,3.98,126916,7298,182,English,2005,3671,"The only English translation authorized by Aleksandr Solzhenitsyn First published in the Soviet journal Novy Mir in 1962, One Day in the Life of Ivan Denisovich stands as a classic of contemporary literature. The story of labor-camp inmate Ivan Denisovich Shukhov, it graphically describes his struggle to maintain his dignity in the face of communist oppression. An unforgettable portrait of the entire world of Stalin's forced work camps, One Day in the Life of Ivan Denisovich is one of the most extraordinary literary documents to have emerged from the Soviet Union and confirms Solzhenitsyn's stature as ""a literary genius whose talent matches that of Dosotevsky, Turgenev, Tolstoy""--Harrison Salisbury This unexpurgated 1991 translation by H. T. Willetts is the only authorized edition available, and fully captures the power and beauty of the original Russian."
36236125,Invisible Monsters,2546,3.99,152860,8044,304,English,2018,3168,"She's a catwalk model who has everything: a boyfriend, a career, a loyal best friend. But when a sudden motor 'accident' leaves her disfigured and incapable of speech, she goes from being the beautiful centre of attention to being an invisible monster, so hideous that no one will acknowledge she exists. Enter Brandy Alexander, Queen Supreme, one operation away from being a real woman, who will teach her that reinventing yourself means erasing your past and making up something better, and that salvation hides in the last place you'll ever want to look. The narrator must exact revenge upon Evie, her best friend and fellow model; kidnap Manus, her two-timing ex-boyfriend; and hit the road with Brandy in search of a brand-new past, present and future."
58679358,"One of Us Is Lying (One of Us is Lying, #1)",15127507,3.91,1084679,81471,416,English,2021,37135,"Pay close attention and you might solve this. On Monday afternoon, five students at Bayview High walk into detention. Bronwyn, the brain, is Yale-bound and never breaks a rule. Addy, the beauty, is the picture-perfect homecoming princess. Nate, the criminal, is already on probation for dealing. Cooper, the athlete, is the all-star baseball pitcher. And Simon, the outcast, is the creator of Bayview High's notorious gossip app. Only, Simon never makes it out of that classroom. Before the end of detention Simon's dead. And according to investigators, his death wasn't an accident. On Monday, he died. But on Tuesday, he'd planned to post juicy reveals about all four of his high-profile classmates, which makes all four of them suspects in his murder. Or are they the perfect patsies for a killer who's still on the loose? Everyone has secrets, right? What really matters is how far you would go to protect them."
33507,Twenty Thousand Leagues Under the Sea,696805,3.89,280449,12302,269,English,2002,17688,"Vingt mille lieues sous les mers - Niveau 1/A1 - Lecture CLE en français facile - Livre + Audio téléchargeable Public : Grands adolescents 16-18 ans / Adultes Collection : Lectures CLE en français facile Auteur(s) : Brigitte Faucard-Martinez, Jules Verne. ""Vingt mille lieues sous les mers"": Un monstre marin parcourt toutes les mers du globe et terrifie les navigateurs. Le gouvernement américain décide d'en finir avec lui et offre au professeur Aronnax, un célèbre savant français, de participer à une expédition destinée à le poursuivre. Le professeur accepte. C'est alors que commence pour lui l'aventure la plus inimaginable."
205404157,"Viciously Yours (Fae Kings of Eden, #1)",21588967,3.59,46805,5639,258,English,2024,6006,"""I don't need a line to know what's considered good or bad, but if I did, there isn't a line I wouldn't cross for you."" When Rennick was thirteen, the gods bestowed upon him the name of his fated mate--a human girl. As the sole heir to the Mountain Kingdom, magic bound him to his kingdom until he ascended the throne on his twenty-fifth birthday, and as a human, she couldn't cross the magical barrier separating the humans from the fae. Heartsore and consumed with thoughts of her, he did the only thing he could and sent her anonymous letters and gifts… Until he crossed the barrier into her kingdom to claim her as his own. Six months after Amelia's thirteenth birthday, she received a strange letter from a fae boy claiming her as his mate. Humans weren't taught much about the fae, and one look at the horrifying doll meant to be her belated birthday gift solidified her suspicions that someone was playing a cruel joke. Except the letters and odd gifts kept coming. Against her better judgment, Amelia fell in love with her mysterious admirer throughout the years, certain they would never meet. But on her twenty-fifth birthday, her walk to work was interrupted by two familiar words she'd read a million times. ""Hello, love."" Viciously Yours is a new adult fantasy romance long novella/short novel of about 60k words/250 pages. It is fast-paced and focuses solely on the relationship between the two main characters. There is no overarching background plot. Example: Rebels attack the kingdoms, but there is no story as to why because it just is. The couple does have minor obstacles, but there is no miscommunication trope, no third act breakup, and no cheating. PLEASE NOTE: The male main character does a few morally black things to those he deems a threat to his relationship. There are no shades of grey. CONTENT WARNINGS: Orphaned heroine, gore, unethical kills and decisions by main characters, death of a parent, mature language, explicit sexual situations, graphic violence and death"
15783514,The Ocean at the End of the Lane,1221698,4.01,661696,63133,181,English,2013,14621,"Sussex, England. A middle-aged man returns to his childhood home to attend a funeral. Although the house he lived in is long gone, he is drawn to the farm at the end of the road, where, when he was seven, he encountered a most remarkable girl, Lettie Hempstock, and her mother and grandmother. He hasn't thought of Lettie in decades, and yet as he sits by the pond (a pond that she'd claimed was an ocean) behind the ramshackle old farmhouse, the unremembered past comes flooding back. And it is a past too strange, too frightening, too dangerous to have happened to anyone, let alone a small boy. Forty years earlier, a man committed suicide in a stolen car at this farm at the end of the road. Like a fuse on a firework, his death lit a touchpaper and resonated in unimaginable ways. The darkness was unleashed, something scary and thoroughly incomprehensible to a little boy. And Lettie—magical, comforting, wise beyond her years—promised to protect him, no matter what. A groundbreaking work from a master, The Ocean at the End of the Lane is told with a rare understanding of all that makes us human, and shows the power of stories to reveal and shelter us from the darkness inside and out. It is a stirring, terrifying, and elegiac fable as delicate as a butterfly's wing and as menacing as a knife in the dark."
1582996,"City of Ashes (The Mortal Instruments, #2)",150038,4.1,1002714,40831,453,English,2008,16825,"Also see: Alternate Cover Editions for this ISBN [ACE] ACE #1 Clary Fray just wishes that her life would go back to normal. But what's normal when you're a demon-slaying Shadowhunter, your mother is in a magically induced coma, and you can suddenly see Downworlders like werewolves, vampires, and faeries? If Clary left the world of the Shadowhunters behind, it would mean more time with her best friend, Simon, who's becoming more than a friend. But the Shadowhunting world isn't ready to let her go — especially her handsome, infuriating, newfound brother, Jace. And Clary's only chance to help her mother is to track down rogue Shadowhunter Valentine, who is probably insane, certainly evil — and also her father. To complicate matters, someone in New York City is murdering Downworlder children. Is Valentine behind the killings — and if he is, what is he trying to do? When the second of the Mortal Instruments, the Soul-Sword, is stolen, the terrifying Inquisitor arrives to investigate and zooms right in on Jace. How can Clary stop Valentine if Jace is willing to betray everything he believes in to help their father? In this breathtaking sequel to City of Bones, Cassandra Clare lures her readers back into the dark grip of New York City's Downworld, where love is never safe and power becomes the deadliest temptation."
60510,"Poison Study (Study, #1)",445303,4.08,177481,15161,427,English,2007,3240,"Choose: A quick death… or slow poison... About to be executed for murder, Yelena is offered an extraordinary reprieve. She'll eat the best meals, have rooms in the palace—and risk assassination by anyone trying to kill the Commander of Ixia. And so Yelena chooses to become a food taster. But the chief of security, leaving nothing to chance, deliberately feeds her Butterfly's Dust—and only by appearing for her daily antidote will she delay an agonizing death from the poison. As Yelena tries to escape her new dilemma, disasters keep mounting. Rebels plot to seize Ixia and Yelena develops magical powers she can't control. Her life is threatened again and choices must be made. But this time the outcomes aren't so clear..."
61608233,Taming Flame,22565447,4.28,16727,64,312,English,2022,24,"""His words had her melting like cheap ice cream on a sizzling summer day, but she had to clarify some things before they got to the kissing."" ""Just that she is all heart. She doesn't have an artificial bone in her body, and therefore, doesn't have the ruthlessness necessary to survive the royal court."" Flaminius's days of bouncing between beds are snatched away the instant he sets eyes on his perfect genetic match, Aurelia. Suddenly, the tedious task of claiming his rightful place on the throne of Arkhnuet doesn't seem as daunting with his whip-smart wife by his side. But it's not like Aurelia had a choice; Flaminius is the only soul she can reproduce with, and she's not about to play a role in her people's extinction. After a swift wedding and passionate honeymoon, an assassination attempt plummets the lovers back into the reality of ruling. Fueled by their indomitable matched hormones and fierce loyalty to each other, together they must evade his mother's Machiavellian schemes, hunt down the mysterious cause of death among the match-making Keys, and protect the people from a violent supremacist cult, the Oradagra. But it turns out that the greatest threat to their existence is something neither of them could have seen coming, and it's a race against time to save the entire Arkhnuetian planet."
17841,Foucault’s Pendulum,1730,3.91,75596,4624,623,English,2007,5939,"International bestselling and award-winning author Umberto Eco's Foucault's Pendulum is ""an intellectual adventure story, as sensational, thrilling, and packed with arcana as Raiders of the Lost Ark or The Count of Monte Cristo"" (The Washington Post Book World). Bored with their work, three Milanese editors cook up ""the Plan,"" a hoax that connects the medieval Knights Templar with other occult groups from ancient to modern times. This produces a map indicating the geographical point from which all the powers of the earth can be controlled — a point located in Paris, France, at Foucault’s Pendulum. But in a fateful turn the joke becomes all too real, and when occult groups, including Satanists, get wind of the Plan, they go so far as to kill one of the editors in their quest to gain control of the earth. Orchestrating these and other diverse characters into his multilayered semiotic adventure, Eco has created a superb cerebral entertainment."
35729,"Lover Eternal (Black Dagger Brotherhood, #2)",20248,4.32,203464,8328,441,English,2006,3551,"In the shadows of the night in Caldwell, New York, there’s a deadly war raging between vampires and their slayers. And there exists a secret band of brothers like no other - six vampire warriors, defenders of their race. Possessed by a deadly beast, Rhage is the most dangerous of the Black Dagger Brotherhood... Within the brotherhood, Rhage is the vampire with the strongest appetite. He's the best fighter, the quickest to act on his impulses, and the most voracious lover-for inside him burns a ferocious curse cast by the Scribe Virgin. Possessed by this dark side, Rhage fears the times when his inner dragon is unleashed, making him a danger to everyone around him. When Mary Luce is unwittingly thrown into the vampire world, she must rely on Rhage's protection. Knowing that Mary feels the same intense animal attraction, Rhage must make her his alone..."
10441,The Memory Keeper's Daughter,6876,3.7,613360,21376,401,English,2006,5800,"On a winter night in 1964, Dr. David Henry is forced by a blizzard to deliver his own twins. His son, born first, is perfectly healthy. Yet when his daughter is born, he sees immediately that she has Down's Syndrome. Rationalizing it as a need to protect Norah, his wife, he makes a split-second decision that will alter all of their lives forever. He asks his nurse to take the baby away to an institution and never to reveal the secret. But Caroline, the nurse, cannot leave the infant. Instead, she disappears into another city to raise the child herself. So begins this story that unfolds over a quarter of a century—in which these two families, ignorant of each other, are yet bound by the fateful decision made that long-ago winter night. Norah Henry, who knows only that her daughter died at birth, remains inconsolable; her grief weighs heavily on their marriage. And Paul, their son, raises himself as best he can, in a house grown cold with mourning. Meanwhile, Phoebe, the lost daughter, grows from a sunny child to a vibrant young woman whose mother loves her as fiercely as if she were her own."
19547856,"Simon vs. the Homo Sapiens Agenda (Simonverse, #1)",7579036,4.13,470210,39038,320,English,2015,6823,"Sixteen-year-old and not-so-openly gay Simon Spier prefers to save his drama for the school musical. But when an email falls into the wrong hands, his secret is at risk of being thrust into the spotlight. Now Simon is actually being blackmailed: if he doesn’t play wingman for class clown Martin, his sexual identity will become everyone’s business. Worse, the privacy of Blue, the pen name of the boy he’s been emailing, will be compromised. With some messy dynamics emerging in his once tight-knit group of friends, and his email correspondence with Blue growing more flirtatious every day, Simon’s junior year has suddenly gotten all kinds of complicated. Now, change-averse Simon has to find a way to step out of his comfort zone before he’s pushed out—without alienating his friends, compromising himself, or fumbling a shot at happiness with the most confusing, adorable guy he’s never met."
204787816,Gray After Dark,21646097,4.17,121397,10728,370,English,2024,16837,"A merciless wilderness. A harrowing attack. A desperate escape. When a tragic accident sidelines Miley's dreams of Olympic gold, she takes a summer job at a mountain guest lodge. The Frank Church Wilderness is remote, but it’s the perfect place to train and recover. Local lore about a staffer who died years ago doesn’t scare her. But it should. Miley’s plans take a terrifying detour when she’s abducted during a morning run. Held captive in a desolate off-grid cabin, she’ll have to use her athletic prowess, cunning mind, and courage to survive. But as the nightmare at the cabin escalates, Miley is forced to form an unlikely alliance and attempt a risky escape. Can she outwit her captors and survive the wilderness before it’s too late? Inspired by true events, Gray After Dark is a pulse-pounding psychological thriller with a finale that will leave you breathless."
7869,"The Bourne Identity (Jason Bourne, #1)",5293,4.05,442709,5908,566,English,2005,5995,"Alternate cover for this ISBN can be found here Who is Jason Bourne? Is he an assassin, a terrorist, a thief? Why has he got four million dollars in a Swiss bank account? Why has someone tried to murder him?... Jason Bourne does not know the answer to any of these questions. Suffering from amnesia, he does not even know that he is Jason Bourne. What manner of man is he? What are his secrets? Who has he killed?"
64216,"Guards! Guards! (Discworld, #8; City Watch, #1)",1654,4.34,240161,9840,376,English,2001,8195,"This is where the dragons went. They lie... not dead, not asleep, but... dormant. And although the space they occupy isn't like normal space, nevertheless they are packed in tightly. They could put you in mind of a can of sardines, if you thought sardines were huge and scaly. And presumably, somewhere, there's a key..."
110737,Seabiscuit: An American Legend,30913,4.23,169325,5477,457,English,2003,2595,"There's an alternate cover edition here Seabiscuit was one of the most electrifying and popular attractions in sports history and the single biggest newsmaker in the world in 1938, receiving more coverage than FDR, Hitler, or Mussolini. But his success was a surprise to the racing establishment, which had written off the crooked-legged racehorse with the sad tail. Three men changed Seabiscuit’s fortunes: Charles Howard was a onetime bicycle repairman who introduced the automobile to the western United States and became an overnight millionaire. When he needed a trainer for his new racehorses, he hired Tom Smith, a mysterious mustang breaker from the Colorado plains. Smith urged Howard to buy Seabiscuit for a bargain-basement price, then hired as his jockey Red Pollard, a failed boxer who was blind in one eye, half-crippled, and prone to quoting passages from Ralph Waldo Emerson. Over four years, these unlikely partners survived a phenomenal run of bad fortune, conspiracy, and severe injury to transform Seabiscuit from a neurotic, pathologically indolent also-ran into an American sports icon. Author Laura Hillenbrand brilliantly re-creates a universal underdog story, one that proves life is a horse race. From the Hardcover edition."
357664,Because of Winn-Dixie,13663,4.11,282549,12859,182,English,2001,4802,"The summer Opal and her father, the preacher, move to Naomi, Florida, Opal goes into the Winn-Dixie supermarket—and comes out with a dog. A big, ugly, suffering dog with a sterling sense of humor. A dog she dubs Winn-Dixie. Because of Winn-Dixie, the preacher tells Opal ten things about her absent mother, one for each year Opal has been alive. Winn-Dixie is better at making friends than anyone Opal has ever known, and together they meet the local librarian, Miss Franny Block, who once fought off a bear with a copy of WAR AND PEACE. They meet Gloria Dump, who is nearly blind but sees with her heart, and Otis, an ex-con who sets the animals in his pet shop loose after hours, then lulls them with his guitar. Opal spends all that sweet summer collecting stories about her new friends and thinking about her mother. But because of Winn-Dixie or perhaps because she has grown, Opal learns to let go, just a little, and that friendship—and forgiveness—can sneak up on you like a sudden summer storm. Kate DiCamillo's beloved, best-selling debut novel is now available in a paperback digest edition. Kate DiCamillo's first published novel, like Winn-Dixie himself, immediately proved to be a keeper—a New York Times bestseller, a Newbery Honor winner, the inspiration for a popular film, and most especially, a cherished classic that touches the hearts of readers of all ages. It's now available in a paperback digest format certain to bring this tale's magic to an even wider circle of fans."
58536005,The Club,19874425,3.28,128445,9740,320,English,2022,12449,"Alternate cover edition of ISBN 9780062997425. From the author of People Like Her comes a smart and sinister murder mystery set in the secretive world of exclusive celebrity clubs. Everyone's Dying to Join . . . The Home Group is a glamorous collection of celebrity members' clubs dotted across the globe, where the rich and famous can party hard and then crash out in its five-star suites, far from the prying eyes of fans and the media. The most spectacular of all is Island Home—a closely-guarded, ultraluxurious resort, just off the English coast—and its three-day launch party is easily the most coveted A-list invite of the decade. But behind the scenes, tensions are at breaking point: the ambitious and expensive project has pushed the Home Group's CEO and his long-suffering team to their absolute limits. All of them have something to hide—and that's before the beautiful people with their own ugly secrets even set foot on the island. As tempers fray and behavior worsens, as things get more sinister by the hour and the body count piles up, some of Island Home’s members will begin to wish they’d never made the guest list. Because at this club, if your name’s on the list, you’re not getting out."
198494009,"Think Twice (Myron Bolitar, #12)",24689,4.22,52120,3750,368,English,2024,5779,"9 hours, 41 minutes Myron Bolitar and Windsor Horne Lockwood III​ reunite to find a dead man come back to life in this gripping thriller from the #1 New York Times bestselling author of I Will Find You. Former basketball star Myron Bolitar has barely restarted his agency for sports stars and celebrities when two federal agents walk into his office, asking for answers. Assuming they want to talk about the highly publicized Callister murders—of which he and Win know nothing, other than what's been saturating the news lately—he's stunned when, instead, they demand to know where Greg Downing is. Greg, a former NBA player-turned-beloved-coach, was an old client of Myron’s, one of his very first. The reason for Myron's surprise is simple: Greg Downing died three years ago. But according to these federal agents, Greg is still alive—and somehow involved in the Callister case. Before his death, Greg made some strange money moves, but nothing about his reappearance makes any sense. As Myron and Win investigate, they're also surprised to uncover a seemingly related case where someone was murdered. Then another. And another. Is Greg alive? And if he is, where is he? And ultimately, are they looking for Greg? Or are they looking for a dangerously clever serial killer?"
196970,The Night Before Christmas,64709,4.4,128706,3199,32,English,1998,2412,"This poem first appeared in a newspaper in Troy, New York, USA, on December 23, 1823, as ""A Visit From St. Nicholas"". No one claimed authorship until 13 years later. Clement Clarke Moore, a professor and poet, said that he wrote the piece for his children. Unbeknownst to him, his housekeeper had sent it to the newspaper to be published. However, the family of Henry Livingston Jr. contended that their father had been reciting “A Visit from St. Nicholas” for 15 years prior to publication. Regardless of the true author, the poem is now a Christmas classic."
2767,A People’s History of the United States: 1492 - Present,1899,4.09,269820,8409,729,English,1995,40484,"In the book, Zinn presented a different side of history from the more traditional ""fundamental nationalist glorification of country"". Zinn portrays a side of American history that can largely be seen as the exploitation and manipulation of the majority by rigged systems that hugely favor a small aggregate of elite rulers from across the orthodox political parties. A People's History has been assigned as reading in many high schools and colleges across the United States. It has also resulted in a change in the focus of historical work, which now includes stories that previously were ignored Library Journal calls Howard Zinn’s book “a brilliant and moving history of the American people from the point of view of those…whose plight has been largely omitted from most histories.”"
23522,Mythology,13263,4.04,60616,3691,497,English,1998,10651,"The world-renowned classic that has enthralled and delighted millions of readers with its timeless tales of gods and heroes. Edith Hamilton's Mythology succeeds like no other book in bringing to life for the modern reader the Greek, Roman, and Norse myths that are the keystone of Western culture--the stories of gods and heroes that have inspired human creativity from antiquity to the present. We meet the Greek gods on Olympus and Norse gods in Valhalla. We follow the drama of the Trojan War and the wanderings of Odysseus. We hear the tales of Jason and the Golden Fleece, Cupid and Psyche, and mighty King Midas. We discover the origins of the names of the constellations. And we recognize reference points for countless works of art, literature, and cultural inquiry--from Freud's Oedipus complex to Wagner's Ring Cycle of operas to Eugene O'Neill's Mourning Becomes Electra. Praised throughout the world for its authority and lucidity, Mythology is Edith Hamilton's masterpiece--the standard by which all other books on mythology are measured."
1554,"Oedipus Rex  (The Theban Plays, #1)",1002,3.73,240562,8367,75,English,2004,1733,"""...what man wins more happiness than just its shape and the ruin when that shape collapses?"" Sophocles' Oedipus Rex has never been surpassed for the raw and terrible power with which its hero struggles to answer the eternal question, ""Who am I?"" The play, a story of a king who acting entirely in ignorance kills his father and marries his mother, unfolds with shattering power; we are helplessly carried along with Oedipus towards the final, horrific truth. To make Oedipus more accessible for the modern reader, our Prestwick House Literary Touchstone Classics includes a glossary of the more difficult words, as well as convenient sidebar notes to enlighten the reader on aspects that may be confusing or overlooked. We hope that the reader may, through this edition, more fully enjoy the beauty of the verse, the wisdom of the insights, and the impact of the drama."
227571,Peace Like a River,13591,4.03,103455,10814,312,English,2001,5299,"Once in a great while, we encounter a novel in our voluminous reading that begs to be read aloud. Leif Enger's debut, Peace Like a River, is one such work. His richly evocative novel, narrated by an asthmatic 11-year-old named Reuben Land, is the story of Reuben's unusual family and their journey across the frozen Badlands of the Dakotas in search of his fugitive older brother. Charged with the murder of two locals who terrorized their family, Davy has fled, understanding that the scales of justice will not weigh in his favor. But Reuben, his father, Jeremiah—a man of faith so deep he has been known to produce miracles—and Reuben's little sister, Swede, follow closely behind the fleeing Davy. Affecting and dynamic, Peace Like a River is at once a tragedy, a romance, and an unflagging exploration into the spirituality and magic possible in the everyday world, and in that of the world awaiting us on the other side of life. In Enger's superb debut effort, we witness a wondrous celebration of family, faith, and spirit, the likes of which we haven't seen in a long, long time—and the birth of a classic work of literature."
2767793,"The Hero of Ages (Mistborn, #3)",38550,4.56,620948,52083,572,English,2008,22320,"""Description contains spoilers for previous book in the series"" Who is the Hero of Ages? To end the Final Empire and restore freedom, Vin killed the Lord Ruler. But as a result, the Deepness—the lethal form of the ubiquitous mists—is back, along with increasingly heavy ashfalls and ever more powerful earthquakes. Humanity appears to be doomed. Having escaped death at the climax of The Well of Ascension only by becoming a Mistborn himself, Emperor Elend Venture hopes to find clues left behind by the Lord Ruler that will allow him to save the world. Vin is consumed with guilt at having been tricked into releasing the mystic force known as Ruin from the Well. Ruin wants to end the world, and its near omniscience and ability to warp reality make stopping it seem impossible. Vin can't even discuss it with Elend lest Ruin learn their plans!"
60168787,Ask for Andrea,21646097,4.07,260417,23869,272,English,2022,28923,"Meghan, Brecia, and Skye have just one thing in common. They were all murdered by the same man. He hunted them online, masquerading as an eligible bachelor. Then he played the perfect gentleman, a thick layer of charm and a thousand-watt smile hiding the fact that his first dates end in shallow graves. He’s gotten away with murder three times now. The only thing that might keep him from killing again? The women he murdered. Meghan, Brecia, and Skye might be dead, but they’re not gone. They’ve found each other. And they won’t rest until they find a way to stop him. The haunt is on."
8492825,"Where She Went (If I Stay, #2)",295178,3.97,306665,21802,264,English,2011,5693,"It's been three years since the devastating accident... three years since Mia walked out of Adam's life forever.Now living on opposite coasts, Mia is Juilliard's rising star and Adam is LA tabloid fodder, thanks to his new rock star status and celebrity girlfriend. When Adam gets stuck in New York by himself, chance brings the couple together again, for one last night. As they explore the city that has become Mia's home, Adam and Mia revisit the past and open their hearts to the future - and each other. Told from Adam's point of view in the spare, lyrical prose that defined If I Stay, Where She Went explores the devastation of grief, the promise of new hope, and the flame of rekindled romance."
3867,The History of Love,2633,3.92,141767,12960,255,English,2006,5564,"Fourteen-year-old Alma Singer is trying to find a cure for her mother's loneliness. Believing she might discover it in an old book her mother is lovingly translating, she sets out in search of its author. Across New York an old man called Leo Gursky is trying to survive a little bit longer. He spends his days dreaming of the lost love who, sixty years ago in Poland, inspired him to write a book. And although he doesn't know it yet, that book also survived: crossing oceans and generations, and changing lives... An alternative cover edition for this ISBN can be found here"
57945316,Babel,16820001,4.13,505431,95253,544,English,2022,79586,"From award-winning author R. F. Kuang comes Babel, a historical fantasy epic that grapples with student revolutions, colonial resistance, and the use of language and translation as the dominating tool of the British Empire Traduttore, traditore: An act of translation is always an act of betrayal. 1828. Robin Swift, orphaned by cholera in Canton, is brought to London by the mysterious Professor Lovell. There, he trains for years in Latin, Ancient Greek, and Chinese, all in preparation for the day he’ll enroll in Oxford University’s prestigious Royal Institute of Translation—also known as Babel. The tower and its students are the world's center for translation and, more importantly, magic. Silver-working—the art of manifesting the meaning lost in translation using enchanted silver bars—has made the British unparalleled in power, as the arcane craft serves the Empire's quest for colonization. For Robin, Oxford is a utopia dedicated to the pursuit of knowledge. But knowledge obeys power, and as a Chinese boy raised in Britain, Robin realizes serving Babel means betraying his motherland. As his studies progress, Robin finds himself caught between Babel and the shadowy Hermes Society, an organization dedicated to stopping imperial expansion. When Britain pursues an unjust war with China over silver and opium, Robin must decide . . . Can powerful institutions be changed from within, or does revolution always require violence?"
15622,Native Son,9657,4.04,106010,5874,504,English,2005,3742,"Right from the start, Bigger Thomas had been headed for jail. It could have been for assault or petty larceny; by chance, it was for murder and rape. Native Son tells the story of this young black man caught in a downward spiral after he kills a young white woman in a brief moment of panic. Set in Chicago in the 1930s, Wright's powerful novel is an unsparing reflection on the poverty and feelings of hopelessness experienced by people in inner cities across the country and of what it means to be black in America."
59219,"The Talisman (The Talisman, #1)",3389,4.1,144101,6063,656,English,2001,7884,"Jack Sawyer, twelve years old, is about to begin a most fantastic journey, an exalting, terrifying quest for the mystical Talisman—the only thing that can save Jack’s dying mother. But to reach his goal, Jack must make his way not only across the breadth of the United States but also through the wondrous and menacing parallel world of the Territories. In the Territories, Jack finds another realm, where the air is so sweet and clear a man can smell a radish being pulled from the ground a mile away—and a life can be snuffed out instantly in the continuing struggle between good and evil. Here Jack discovers “Twinners,” reflections of the people he knows on earth—most notably Queen Laura DeLoessian, the Twinner of Jack’s own imperiled mother. As Jack “flips” between worlds, making his way westward toward the redemptive Talisman, a sequence of heart-stopping encounters challenges him at every step."
19351490,Grimm's Fairy Tales,2938140,4.23,222468,6217,688,English,2012,48338,"The Grimm brothers were early 19th-century writers best known for their fairy tales coming from Scandinavian, Icelandic and Germanic origins. By 1807 there was a growing interest in German folk tales. The Grimm brothers were academics who invited friends to their home and asked them to relate stories they had heard. They soon published their first collection of tales and from there several more volumes followed. This compilation of fairy tales which includes the complete canon of over 200 tales has become a beloved set of classical stories the world over. Included in this collection are Hansel and Gretel, Briar Rose, The Fisherman and His Wife, Rapunzel, The Frog Prince, Little Red Riding Hood, Rumpelstiltskin, Tom Thumb, and many more. These stories are a delight to read and will rekindle up many childhood memories as they are reread. Presented here in this edition is the faithful translation of Margaret Hunt."
99300,The Yellow Wallpaper and Other Stories,29527,4.07,372362,26290,129,English,1997,5634,"Best known for the 1892 title story of this collection, a harrowing tale of a woman's descent into madness, Charlotte Perkins Gilman wrote more than 200 other short stories. Seven of her finest are reprinted here. Written from a feminist perspective, often focusing on the inferior status accorded to women by society, the tales include ""turned,"" an ironic story with a startling twist, in which a husband seduces and impregnates a naïve servant; ""Cottagette,"" concerning the romance of a young artist and a man who's apparently too good to be true; ""Mr. Peebles' Heart,"" a liberating tale of a fiftyish shopkeeper whose sister-in-law, a doctor, persuades him to take a solo trip to Europe, with revivifying results; ""The Yellow Wallpaper""; and three other outstanding stories. These charming tales are not only highly readable and full of humor and invention, but also offer ample food for thought about the social, economic, and personal relationship of men and women — and how they might be improved. Collects: —The Yellow Wallpaper —Three Thanksgivings —The Cottagette —Turned —Making a Change —If I Were a Man —Mr. Peebles' Heart"
16328,"The Murder of Roger Ackroyd (Hercule Poirot, #4)",123715,4.26,359811,32303,288,English,2006,19319,"Considered to be one of Agatha Christie's greatest and also, most controversial mysteries. 'The Murder Of Roger Ackroyd' breaks the rules of traditional mystery. The peaceful English village of King’s Abbot is stunned. The widow Ferrars dies from an overdose of Veronal. Not twenty-four hours later, Roger Ackroyd—the man she had planned to marry—is murdered. It is a baffling case involving blackmail and death that taxes Hercule Poirot’s “little grey cells” before he reaches one of the most startling conclusions of his career. Librarian's note: the first fifteen novels in the Hercule Poirot series are 1) The Mysterious Affair at Styles, 1920; 2) The Murder on the Links, 1923; 3) The Murder of Roger Ackroyd, 1926; 4) The Big Four, 1927; 5) The Mystery of the Blue Train, 1928; 6) Peril at End House, 1932; 7) Lord Edgware Dies, 1933; 8) Murder on the Orient Express, 1934; 9) Three Act Tragedy, 1935; 10) Death in the Clouds, 1935; 11) The A.B.C. Murders, 1936; 12) Murder in Mesopotamia, 1936; 13) Cards on the Table, 1936; 14) Dumb Witness, 1937; and 15) Death on the Nile, 1937. These are just the novels; Poirot also appears in this period in a play, Black Coffee, 1930, and two collections of short stories, Poirot Investigates, 1924, and Murder in the Mews, 1937. Each novel, play and short story has its own entry on Goodreads."
61800582,Head Like a Hole,5187310,3.83,5994,868,382,English,2022,1118,"When you bury your past make sure that it’s dead. It’s the mid-nineties. Grunge and flannel are fading as the Spice Girls and Hot Topic conquer the malls. Cherry gloss glistens on the lips of the youth. Modems hiss as America comes online. And in a fog-drenched cove at the edge of New England, something terrible awakens when a fisherman reels in a gruesome catch: the remains of a young woman. Remains still pulsing with furious life. For Megan Monroe and her friends, this is how their nightmare begins: a wet whisper over their shoulder; a dark hand reaching out from the edge of their sight; and a name clawing at the back of their minds. A young woman scratched from their memory. To stop this devouring terror, Megan will need to mend broken friendships and reassemble her fractured past. For what stalks them hungers to remake itself in their image… piece by bloody piece. Dig into the haunted past with Head Like a Hole, a novel of malignant secrets, shattered friendships, and twisted bodily horror."
28954189,"Scythe (Arc of a Scythe, #1)",19564,4.32,427269,59573,435,English,2016,22496,"Thou shalt kill. A world with no hunger, no disease, no war, no misery. Humanity has conquered all those things, and has even conquered death. Now scythes are the only ones who can end life—and they are commanded to do so, in order to keep the size of the population under control. Citra and Rowan are chosen to apprentice to a scythe—a role that neither wants. These teens must master the “art” of taking life, knowing that the consequence of failure could mean losing their own. An alternate cover edition of ISBN: 9781442472426"
46756,"Oryx and Crake (MaddAddam, #1)",3472,4.0,291212,18892,389,English,2004,11411,"Alternate cover edition of ISBN 9780385721677. Oryx and Crake is at once an unforgettable love story and a compelling vision of the future. Snowman, known as Jimmy before mankind was overwhelmed by a plague, is struggling to survive in a world where he may be the last human, and mourning the loss of his best friend, Crake, and the beautiful and elusive Oryx whom they both loved. In search of answers, Snowman embarks on a journey–with the help of the green-eyed Children of Crake–through the lush wilderness that was so recently a great city, until powerful corporations took mankind on an uncontrolled genetic engineering ride. Margaret Atwood projects us into a near future that is both all too familiar and beyond our imagining."
127281143,The Butcher of the Forest,16489415,3.83,11578,2137,160,English,2024,508,"Novela galardonada con el premio Aurora y nominada a los premios World Fantasy, Hugo, Nebula, Locus e Ignyte. En la aldea de Veris se cuentan horribles leyendas sobre la Olmeda, un bosque habitado por criaturas crueles que lo convierten todo en retorcidos juegos con sus trampas y engaños. Pero el tirano desconoce todas las historias, ha llegado para gobernar a sangre y fuego y no duda en enviar a Veris a rescatar a sus hijos perdidos bajo la amenaza de destruir toda su aldea si fracasa. Veris, la única que años atrás salió con vida del bosque, se adentrará de nuevo en un terreno de pesadillas con tan solo un día para escapar de la Olmeda antes de que esta la reclame."
57040367,The Roommate,15300347,3.76,14212,1073,275,English,2021,2066,"He thought his life couldn’t get any worse… Wesley Gates is down on his luck. He’s drowning in debt. His demanding career isn’t letting up. And, to top it all off, after years of ignoring their failing marriage, his wife has had enough. Heartbroken and in desperate need of a place to stay while he gives his wife the space she’s asked for, Wes is shocked when he runs into a familiar face from his past. As they catch up, Wes quickly learns his old classmate has an extra room and a non-existent social life. He can’t help feeling grateful to spend time with someone who remembers who he was during their glory days, long before his life fell apart. So, when Elias offers to rent out his spare bedroom, it seems like the answer to all Wes’s problems. Wes takes his old friend up on the offer without hesitation. Living with someone you barely know is better than living with a stranger… Isn’t it? But soon, Wes realizes moving in with Elias may have been a mistake. Between the wild mood swings, strange occurrences, and total disregard for his new roommate’s privacy, Wes begins to wonder if Elias will be his savior or his worst nightmare. When his wife reveals devastating news that destroys the final bit of shaky ground Wes was standing on, his new roommate may be all he has left. Maybe that’s what Elias wanted in the first place… Or maybe it’s all in Wes’s head. Elias invited him in… Will Wes ever be able to leave?"
32822135,"Archer's Voice (Pelion Lake, #1)",6994378,4.16,694744,74540,377,English,2016,26969,"When Bree Prescott arrives in the sleepy, lakeside town of Pelion, Maine, she hopes against hope that this is the place where she will finally find the peace she so desperately seeks. On her first day there, her life collides with Archer Hale, an isolated man who holds a secret agony of his own. A man no one else sees. Archer's Voice is the story of a woman chained to the memory of one horrifying night and the man whose love is the key to her freedom. It is the story of a silent man who lives with an excruciating wound and the woman who helps him find his voice. It is the story of suffering, fate, and the transformative power of love."
14290364,"Champion (Legend, #3)",4342215,4.3,235584,20777,369,English,2013,4373,"He is a Legend. She is a Prodigy. Who will be Champion? June and Day have sacrificed so much for the people of the Republic—and each other—and now their country is on the brink of a new existence. June is back in the good graces of the Republic, working within the government’s elite circles as Princeps-Elect, while Day has been assigned a high-level military position. But neither could have predicted the circumstances that will reunite them: just when a peace treaty is imminent, a plague outbreak causes panic in the Colonies, and war threatens the Republic’s border cities. This new strain of plague is deadlier than ever, and June is the only one who knows the key to her country’s defense. But saving the lives of thousands will mean asking the one she loves to give up everything. With heart-pounding action and suspense, Marie Lu’s bestselling trilogy draws to a stunning conclusion."
10967,"The Fiery Cross (Outlander, #5)",3617,4.26,229139,9548,1443,English,2005,17900,"The year is 1771, and war is coming. Jamie Fraser’s wife tells him so. Little as he wishes to, he must believe it, for hers is a gift of dreadful prophecy—a time-traveler’s certain knowledge. Claire’s unique view of the future has brought him both danger and deliverance in the past; her knowledge of the oncoming revolution is a flickering torch that may light his way through the perilous years ahead—or ignite a conflagration that will leave their lives in ashes."
2536134,"Gone (Gone, #1)",1599723,3.87,211844,13203,560,English,2008,8168,"In the blink of an eye, everyone disappears. Gone. Except for the young. There are teens, but not one single adult. Just as suddenly, there are no phones, no internet, no television. No way to get help. And no way to figure out what's happened. Hunger threatens. Bullies rule. A sinister creature lurks. Animals are mutating. And the teens themselves are changing, developing new talents—unimaginable, dangerous, deadly powers—that grow stronger by the day. It's a terrifying new world. Sides are being chosen, a fight is shaping up. Townies against rich kids. Bullies against the weak. Powerful against powerless. And time is running out: On your 15th birthday, you disappear just like everyone else..."
682804,"The Killer Angels (The Civil War Trilogy, #2)",16892,4.33,92916,6086,345,English,1987,3572,"In the four most bloody and courageous days of our nation's history, two armies fought for two dreams. One dreamed of freedom, the other of a way of life. Far more than rifles and bullets were carried into battle. There were memories. There were promises. There was love. And far more than men fell on those Pennsylvania fields. Shattered futures, forgotten innocence, and crippled beauty were also the casualties of war. The Killer Angels is unique, sweeping, unforgettable—a dramatic re-creation of the battleground for America's destiny."
59316367,Look Closer,4490971,4.14,171088,19905,448,English,2022,11188,"Simon and Vicky couldn't seem more a wealthy Chicago couple with a stable, if unexciting, marriage. But with these two... absolutely nothing is what it seems. When a beautiful socialite is found hanging in a mansion in a nearby suburb, Simon and Vicky's complex web of secrets begins to unravel. A whirlwind affair. A twenty-million-dollar trust fund about to come due. A decades-long grudge and an obsession with revenge. Both Vicky and Simon are liars--but just who exactly is conning who? Prepare to question everything you think you know in this wickedly clever novel of greed, revenge, obsession--and quite possibly the perfect murder."
17214,Starship Troopers,205,4.01,249120,9021,264,English,1987,4895,"The historians can’t seem to settle whether to call this one ""The Third Space War"" (or the fourth), or whether ""The First Interstellar War"" fits it better. We just call it “The Bug War."" Everything up to then and still later were ""incidents,"" ""patrols,"" or ""police actions."" However, you are just as dead if you buy the farm in an ""incident"" as you are if you buy it in a declared war... In one of Robert A. Heinlein’s most controversial bestsellers, a recruit of the future goes through the toughest boot camp in the Universe—and into battle with the Terran Mobile Infantry against mankind’s most alarming enemy."
50531218,"The Hawthorne Legacy (The Inheritance Games, #2)",164187,4.18,645261,60110,380,English,2021,24924,"Intrigue, riches, and romance abound in this thrilling sequel to the New York Times bestselling The Inheritance Games perfect for fans of Karen McManus and Holly Jackson. The Inheritance Games ended with a bombshell, and now heiress Avery Grambs has to pick up the pieces and find the man who might hold the answers to all of her questions - including why Tobias Hawthorne left his entire fortune to Avery, a virtual stranger, rather than to his own daughters or grandsons. Thanks to a DNA test, Avery knows that she's not a Hawthorne by blood, but clues pile up hinting at a deeper connection to the family than she had ever imagined. As the mystery grows and the plot thickens, Grayson and Jameson, the enigmatic and magnetic Hawthorne grandsons, continue to pull Avery in different directions. And there are threats lurking around every corner, as adversaries emerge who will stop at nothing to see Avery out of the picture - by any means necessary. With nonstop action, aspirational jet-setting, family intrigue, swoonworthy romance, and billions of dollars hanging in the balance, The Hawthorne Legacy will thrill Jennifer Lynn Barnes fans and new readers alike."
10965,"A Breath of Snow and Ashes (Outlander, #6)",3617,4.44,193635,7457,1008,English,2014,12805,"A Breath of Snow and Ashes continues the extraordinary story of 18th-century Scotsman Jamie Fraser and his 20th-century wife, Claire. The year is 1772, and on the eve of the American Revolution, the long fuse of rebellion has already been lit. Men lie dead in the streets of Boston, and in the backwoods of North Carolina, isolated cabins burn in the forest. With chaos brewing, the governor calls upon Jamie Fraser to unite the backcountry and safeguard the colony for King and Crown. But from his wife Jamie knows that three years hence the shot heard round the world will be fired, and the result will be independence — with those loyal to the King either dead or in exile. And there is also the matter of a tiny clipping from The Wilmington Gazette, dated 1776, which reports Jamie’s death, along with his kin. For once, he hopes, his time-traveling family may be wrong about the future."
6853,"One for the Money (Stephanie Plum, #1)",2384,4.05,581906,18703,320,English,2006,11638,"With over 235,000 five-star ratings, this “snappily written, fast-paced, and witty” series starter (USA Today) introduces feisty out-of-work bounty hunter Stephanie Plum, who takes a job as an apprehension agent and winds up getting assigned to track down and arrest her former flame, an ex-cop charged with murder."
32423,Watchers,9355,4.19,173175,5756,624,English,2003,6396,"They escape from a secret government: two mutant creatures, both changed utterly from the animals they once were. And no one who encounters them will ever be the same again: A lonely widower; a ruthless assassin; a beautiful woman; a government agent. Drawn together in a deadly hunt, all four are inexorably propelled towards a confrontation with an evil beyond human imagining."
101145468,"Not Forever, But For Now",2546,3.01,5185,885,256,English,2023,682,"From the bestselling author of Fight Club comes a hilarious horror satire about a family of professional killers responsible for the most atrocious events in history and the young brothers that are destined to take over.Meet Otto and Cecil. Two brothers growing up privileged in the Welsh countryside. They enjoy watching nature shows, playing with their pet pony, impersonating their Grandfather...and killing the help. Murder is the family business after all. Downton Abbey, this is not. However, it’s not so easy to continue the family legacy with the constant stream of threats and distractions seemingly leaping from the hedgerow. First there is the matter of the veritable cavalcade of escaped convicts that keep showing up at their door. Not to mention the debaucherous new tutor who has a penchant for speaking in Greek and dismembering sex dolls. Then there’s Mummy’s burgeoning opioid addiction. And who knows where Daddy is. He just vanished one day after he and Mummy took a walk in the so called “Ghost Forest.” With Grandfather putting pressure on Otto to step up, it becomes clear that this will all end in only two a nuclear apocalypse or just another day among the creeping thistle and tree peonies. And in a novel written by Chuck Palahniuk, either are equally possible."
547094,I Am Legend and Other Stories,8726,4.0,137155,6281,317,English,1997,1028,"Robert Neville is the last living man on Earth...but he is not alone. Every other man, woman, and child on Earth has become a vampire, and they are all hungry for Neville's blood. By day, he is the hunter, stalking the sleeping undead through the abandoned ruins of civilization. By night, he barricades himself in his home and prays for dawn. How long can one man survive in a world of vampires? I am legend -- Buried talents -- The near departed -- Prey -- Witch war -- Dance of the dead -- Dress of white silk -- Mad house -- The funeral -- From shadowed places -- Person to person."
3980,From the Mixed-Up Files of Mrs. Basil E. Frankweiler,2713,4.16,220616,10152,159,English,2003,3168,"Winner of the 1968 Newbery Medal When Claudia decided to run away, she planned very carefully. She would be gone just long enough to teach her parents a lesson in Claudia appreciation. And she would go in comfort - she would live at the Metropolitan Museum of Art. She saved her money, and she invited her brother Jamie to go, mostly because he was a miser and would have money. Claudia was a good organizer and Jamie had some ideas, too; so the two took up residence at the museum right on schedule. But once the fun of settling in was over, Claudia had two unexpected problems: She felt just the same, and she wanted to feel different; and she found a statue at the Museum so beautiful she could not go home until she had discovered its maker, a question that baffled the experts, too. The former owner of the statue was Mrs. Basil E. Frankweiler. Without her - well, without her, Claudia might never have found a way to go home."
7304203,"Shadowfever (Fever, #5)",48206,4.39,113295,7501,608,English,2011,2580,"“Evil is a completely different creature, Mac. Evil is bad that believes it’s good.” — MacKayla Lane was just a child when she and her sister, Alina, were given up for adoption and banished from Ireland forever. — Twenty years later, Alina is dead and Mac has returned to the country that expelled them to hunt her sister’s murderer. But after discovering that she descends from a bloodline both gifted and cursed, Mac is plunged into a secret history: an ancient conflict between humans and immortals who have lived concealed among us for thousands of years. What follows is a shocking chain of events with devastating consequences, and now Mac struggles to cope with grief while continuing her mission to acquire and control the Sinsar Dubh -- a book of dark, forbidden magic scribed by the mythical Unseelie King, containing the power to create and destroy worlds. In an epic battle between humans and Fae, the hunter becomes the hunted when the Sinsar Dubh turns on Mac and begins mowing a deadly path through those she loves. Who can she turn to? Who can she trust? Who is the woman haunting her dreams? More important, who is Mac herself and what is the destiny she glimpses in the black and crimson designs of an ancient tarot card? From the luxury of the Lord Master’s penthouse to the sordid depths of an Unseelie nightclub, from the erotic bed of her lover to the terrifying bed of the Unseelie King, Mac’s journey will force her to face the truth of her exile, and to make a choice that will either save the world . . . or destroy it."
55030,Cosmos,10538,4.4,161139,5297,384,English,2002,12327,"This visually stunning book with over 250 full-color illustrations, many of them never before published, is based on Carl Sagan’s thirteen-part television series. Told with Sagan’s remarkable ability to make scientific ideas both comprehensible and exciting, Cosmos is about science in its broadest human context, how science and civilization grew up together. The book also explores spacecraft missions of discovery of the nearby planets, the research in the Library of ancient Alexandria, the human brain, Egyptian hieroglyphics, the origin of life, the death of the Sun, the evolution of galaxies and the origins of matter, suns and worlds. Sagan retraces the fifteen billion years of cos-mic evolution that have transformed matter into life and consciousness, enabling the Cosmos to wonder about itself. He considers the latest findings on life elsewhere and how we might communicate with the beings of other worlds. Cosmos is the story of our long journey of discovery and the forces and individuals who helped to shape modern science, including Democritus, Hypatia, Kepler, Newton, Huy-gens, Champollion, Lowell and Humason. Sagan looks at our planet from an extra-terrestrial vantage point and sees a blue jewel-like world, inhabited by a lifeform that is just beginning to discover its own unity and to ven-ture into the vast ocean of space."
374233,If on a Winter's Night a Traveler,155517,4.01,114451,12056,260,English,1982,8485,"If on a Winter's Night a Traveler is a marvel of ingenuity, an experimental text that looks longingly back to the great age of narration—""when time no longer seemed stopped and did not yet seem to have exploded."" Italo Calvino's novel is in one sense a comedy in which the two protagonists, the Reader and the Other Reader, ultimately end up married, having almost finished If on a Winter's Night a Traveler. In another, it is a tragedy, a reflection on the difficulties of writing and the solitary nature of reading. The Reader buys a fashionable new book, which opens with an exhortation: ""Relax. Concentrate. Dispel every other thought. Let the world around you fade."" Alas, after 30 or so pages, he discovers that his copy is corrupted, and consists of nothing but the first section, over and over. Returning to the bookshop, he discovers the volume, which he thought was by Calvino, is actually by the Polish writer Bazakbal. Given the choice between the two, he goes for the Pole, as does the Other Reader, Ludmilla. But this copy turns out to be by yet another writer, as does the next, and the next. The real Calvino intersperses 10 different pastiches—stories of menace, spies, mystery, premonition—with explorations of how and why we choose to read, make meanings, and get our bearings or fail to. Meanwhile the Reader and Ludmilla try to reach, and read, each other. If on a Winter's Night is dazzling, vertiginous, and deeply romantic. ""What makes lovemaking and reading resemble each other most is that within both of them times and spaces open, different from measurable time and space."""
27523,"Left Behind (Left Behind, #1)",7625163,3.86,248898,4890,470,English,2000,3219,"An airborne Boeing 747 is headed to London when, without any warning, passengers mysteriously disappear from their seats. Terror and chaos slowly spread not only through the plane but also worldwide as unusual events continue to unfold. For those who have been left behind, the apocalypse has just begun..."
50659472,"A Court of Wings and Ruin (A Court of Thorns and Roses, #3)",3433047,4.46,2814583,186431,699,English,2020,150338,"The epic third novel in the #1 New York Times bestselling Court of Thorns and Roses series by Sarah J. Maas. Feyre has returned to the Spring Court, determined to gather information on Tamlin's actions and learn what she can about the invading king threatening to bring her land to its knees. But to do so she must play a deadly game of deceit. One slip could bring doom not only for Feyre, but for everything-and everyone-she holds dear. As war bears down upon them all, Feyre endeavors to take her place amongst the High Fae of the land, balancing her struggle to master her powers-both magical and political-and her love for her court and family. Amidst these struggles, Feyre and Rhysand must decide whom to trust amongst the cunning and lethal High Lords, and hunt for allies in unexpected places. In this thrilling third book in the #1 New York Times bestselling series from Sarah J. Maas, the fate of Feyre's world is at stake as armies grapple for power over the one thing that could destroy it."
39657755,The Girl Who Was Taken,13922088,4.15,188243,13780,449,English,2018,36724,"Two abducted girls—one who returns, one who doesn’t. The night they go missing, high school seniors Nicole Cutty and Megan McDonald are at a beach party in their small town of Emerson Bay, North Carolina. Police launch a massive search, but hope is almost lost—until Megan escapes from a bunker deep in the woods. . . . A year later, the bestselling account of her ordeal has made Megan a celebrity. It’s a triumphant story, except for one inconvenient Nicole is still missing. Nicole’s older sister, Livia, a fellow in forensic pathology, expects that one day soon Nicole’s body will be found and her sister’s fate determined. Instead, the first clue comes from another body—that of a young man connected to Nicole’s past. Livia reaches out to Megan to learn more about that fateful night. Other girls have disappeared, and she’s increasingly sure the cases are connected. Megan knows more than she revealed in her book. Flashes of memory are pointing to something more monstrous than she described. And the deeper she and Livia dig, the more they realize that sometimes true terror lies in finding exactly what you’ve been looking for . . ."
56495,The Purpose Driven Life: What on Earth Am I Here for?,711,3.98,295363,4372,336,English,2007,16969,"Esta edición especial corresponde al Décimo Aniversario de su publicación original y nos proporciona una mirada fresca a un libro atesorado por la esperanza que comunica. Pensada para una nueva generación, revisada, aumentada, y mejorada con video digital en línea, incluye toda la sabiduría contenida en el texto original, además de dos capítulos nuevos. Se trata de perspectivas frescas que Rick Warren ha recopilado desde que escribió lo que se convertiría en el libro de contenido cristiano más vendido en el mundo. El lector descubrirá el asombroso plan de Dios para su presente y su eternidad conforme recorre una jornada espiritual que transformará su respuesta a la pregunta más importante de la vida: ¿Para qué estoy aquí en la tierra?"
58124274,"Corrupt (Devil's Night, #1)",7139136,3.78,440795,42842,516,English,2021,41254,"From New York Times bestselling author Penelope Douglas comes a new dark romance... Erika I was told that dreams were our heart's desires. My nightmares, however, became my obsession. His name is Michael Crist. My boyfriend's older brother is like that scary movie that you peek through your hand to watch. He's handsome, strong, and completely terrifying. The star of his college's basketball team and now gone pro, he's more concerned with the dirt on his shoe than me. But I noticed him. I saw him. I heard him. The things that he did, and the deeds that he hid...For years, I bit my nails, unable to look away. Now, I've graduated high school and moved on to college, but I haven't stopped watching Michael. He's bad, and the dirt I've seen isn't content to stay in my head anymore. Because he's finally noticed me. Michael Her name is Erika Fane, but everyone calls her Rika. My brother's girlfriend grew up hanging around my house and is always at our dinner table. She looks down when I enter a room and stills when I am close. I can always feel the fear rolling off of her, and while I haven't had her body, I know that I have her mind. That's all I really want anyway. Until my brother leaves for the military, and I find Rika alone at college. In my city. Unprotected. The opportunity is too good to be true, as well as the timing. Because you see, three years ago she put a few of my high school friends in prison, and now they're out. We've waited. We've been patient. And now every last one of her nightmares will come true."
12842828,"Keeper of the Lost Cities (Keeper of the Lost Cities, #1)",5265998,4.39,116001,10682,496,English,2012,6267,"Twelve-year-old Sophie Foster has a secret. She’s a Telepath—someone who hears the thoughts of everyone around her. It’s a talent she’s never known how to explain. Everything changes the day she meets Fitz, a mysterious boy who appears out of nowhere and also reads minds. She discovers there’s a place she does belong, and that staying with her family will place her in grave danger. In the blink of an eye, Sophie is forced to leave behind everything and start a new life in a place that is vastly different from anything she has ever known. Sophie has new rules to learn and new skills to master, and not everyone is thrilled that she has come “home.” There are secrets buried deep in Sophie’s memory—secrets about who she really is and why she was hidden among humans—that other people desperately want. Would even kill for. In this page-turning debut, Shannon Messenger creates a riveting story where one girl must figure out why she is the key to her brand-new world, before the wrong person finds the answer first."
112750,"Darkfever (Fever, #1)",48206,4.05,191372,13004,309,English,2006,5515,"""My name is MacKayla, Mac for short. I'm a sidhe-seer, one who sees the Fae, a fact I accepted only recently and very reluctantly. My philosophy is pretty simple—any day nobody's trying to kill me is a good day in my book. I haven't had many good days lately. Not since the walls between Man and Fae came down. But then, there's not a sidhe-seer alive who's had a good day since then."" When MacKayla's sister was murdered, she left a single clue to her death, a cryptic message on Mac's cell phone. Journeying to Ireland in search of answers, Mac is soon faced with an even greater challenge: staying alive long enough to master a power she had no idea she possessed—a gift that allows her to see beyond the world of man, into the dangerous realm of the Fae. As Mac delves deeper into the mystery of her sister's death, her every move is shadowed by the dark, mysterious Jericho…while at the same time, the ruthless V'lane—an alpha Fae who makes sex an addiction for human women—closes in on her. As the boundary between worlds begins to crumble, Mac's true mission becomes clear: to find the elusive Sinsar Dubh before someone else claims the all-powerful Dark Book—because whoever gets to it first holds nothing less than complete control of both worlds in their hands."
47989,"Night Watch (Discworld, #29; City Watch, #6)",1654,4.5,119942,3786,480,English,2011,2368,"Commander Sam Vimes of the Ankh-Morpork City Watch had it all. But now he's back in his own rough, tough past without even the clothes he was standing up in when the lightning struck... Living in the past is hard. Dying in the past is incredibly easy. But he must survive, because he has a job to do. He must track down a murderer, teach his younger self how to be a good copper, and change the outcome of a bloody rebellion. There's a problem: if he wins, he's got no wife, no child, no future. A Discworld Tale of One City, with a full chorus of street urchins, ladies of negotiable affection, rebels, secret policemen, and other children of the revolution. Truth! Justice! Freedom! And a Hard-boiled Egg!"
78433,The Blind Assassin,3472,3.96,165192,10602,641,English,2001,9489,"Margaret Atwood takes the art of storytelling to new heights in a dazzling novel that unfolds layer by astonishing layer and concludes in a brilliant and wonderfully satisfying twist. Told in a style that magnificently captures the colloquialisms and clichés of the 1930s and 1940s, The Blind Assassin is a richly layered and uniquely rewarding experience. It opens with these simple, resonant words: ""Ten days after the war ended, my sister drove a car off the bridge."" They are spoken by Iris, whose terse account of her sister Laura's death in 1945 is followed by an inquest report proclaiming the death accidental. But just as the reader expects to settle into Laura's story, Atwood introduces a novel-within-a-novel. Entitled The Blind Assassin, it is a science fiction story told by two unnamed lovers who meet in dingy backstreet rooms. When we return to Iris, it is through a 1947 newspaper article announcing the discovery of a sailboat carrying the dead body of her husband, a distinguished industrialist. For the past twenty-five years, Margaret Atwood has written works of striking originality and imagination. In The Blind Assassin, she stretches the limits of her accomplishments as never before, creating a novel that is entertaining and profoundly serious. The Blind Assassin proves once again that Atwood is one of the most talented, daring, and exciting writers of our time. Like The Handmaid's Tale, it is destined to become a classic."
18545,Rosencrantz and Guildenstern Are Dead,293,4.04,93720,3234,126,English,1994,712,"1967 Grove Press trade paperback, 34th printing. Tom Stoppard ( A Play). The play Hamlet as seen by the Shakespearean Laurel and Hardy"
131359,"Death on the Nile (Hercule Poirot, #18)",123715,4.12,314543,22221,352,English,1978,12596,"The tranquility of a lovely cruise along the Nile is shattered by the discovery that Linnet Ridgeway has been shot. She was young, stylish and beautiful, a girl who had everything – until she lost her life. Who is also on board? Christie's great detective Hercule Poirot is on holiday. He recalls an earlier outburst by a fellow passenger: ‘I’d like to put my dear little pistol against her head and just press the trigger.’ Despite the exotic setting, nothing is ever quite what it seems…"
16286,The Magus,10039,4.05,64942,4718,656,English,2001,4127,"This daring literary thriller, rich with eroticism and suspense, is one of John Fowles's best-loved and bestselling novels and has contributed significantly to his international reputation as a writer of the first degree. At the center of The Magus is Nicholas Urfe, a young Englishman who accepts a teaching position on a remote Greek island, where he befriends a local millionaire. The friendship soon evolves into a deadly game, in which reality and fantasy are deliberately manipulated, and Nicholas finds that he must fight not only for his sanity but for his very survival."
24768,"Pretties (Uglies, #2)",13957,3.83,281764,12539,370,English,2005,5110,"Gorgeous. Popular. Perfect. Perfectly wrong. Tally has finally become pretty. Now her looks are beyond perfect, her clothes are awesome, her boyfriend is totally hot, and she's completely popular. It's everything she's ever wanted. But beneath all the fun -- the nonstop parties, the high-tech luxury, the total freedom -- is a nagging sense that something's wrong. Something important. Then a message from Tally's ugly past arrives. Reading it, Tally remembers what's wrong with pretty life, and the fun stops cold. Now she has to choose between fighting to forget what she knows and fighting for her life -- because the authorities don't intend to let anyone with this information survive."
6320534,Under the Dome,3389,3.93,327578,19043,1074,English,2009,14051,"Under the Dome is the story of the small town of Chester's Mill, Maine which is inexplicably and suddenly sealed off from the rest of the world by an invisible force field. No one can get in and no one can get out. When food, electricity and water run short, the normal rules of society are changed. A new and more sinister social order develops, Dale Barbara, a young Iraq veteran, teams up with a handful of intrepid citizens to fight against the corruption that is sweeping through the town and to try to discover the source of the Dome before it is too late..."
2203,John Adams,6281688,4.08,380744,7874,751,English,2001,7677,"The enthralling, often surprising story of John Adams, one of the most important and fascinating Americans who ever lived. In this powerful, epic biography, David McCullough unfolds the adventurous life-journey of John Adams, the brilliant, fiercely independent, often irascible, always honest Yankee patriot -- ""the colossus of independence,"" as Thomas Jefferson called him -- who spared nothing in his zeal for the American Revolution; who rose to become the second President of the United States and saved the country from blundering into an unnecessary war; who was learned beyond all but a few and regarded by some as ""out of his senses""; and whose marriage to the wise and valiant Abigail Adams is one of the moving love stories in American history. Like his masterly, Pulitzer Prize-winning biography Truman, David McCullough's John Adams has the sweep and vitality of a great novel. It is both a riveting portrait of an abundantly human man and a vivid evocation of his time, much of it drawn from an outstanding collection of Adams family letters and diaries. In particular, the more than one thousand surviving letters between John and Abigail Adams, nearly half of which have never been published, provide extraordinary access to their private lives and make it possible to know John Adams as no other major American of his founding era. As he has with stunning effect in his previous books, McCullough tells the story from within -- from the point of view of the amazing eighteenth century and of those who, caught up in events, had no sure way of knowing how things would turn out. George Washington, Benjamin Franklin, John Jay, the British spy Edward Bancroft, Madame Lafayette and Jefferson's Paris ""interest"" Maria Cosway, Alexander Hamilton, James Madison, the scandalmonger James Callender, Sally Hemings, John Marshall, Talleyrand, and Aaron Burr all figure in this panoramic chronicle, as does, importantly, John Quincy Adams, the adored son whom Adams would live to see become President. Crucial to the story, as it was to history, is the relationship between Adams and Jefferson, born opposites -- one a Massachusetts farmer's son, the other a Virginia aristocrat and slaveholder, one short and stout, the other tall and spare. Adams embraced conflict; Jefferson avoided it. Adams had great humor; Jefferson, very little. But they were alike in their devotion to their country. At first they were ardent co-revolutionaries, then fellow diplomats and close friends. With the advent of the two political parties, they became archrivals, even enemies, in the intense struggle for the presidency in 1800, perhaps the most vicious election in history. Then, amazingly, they became friends again, and ultimately, incredibly, they died on the same day -- their day of days -- July 4, in the year 1826. Much about John Adams's life will come as a surprise to many readers. His courageous voyage on the frigate Boston in the winter of 1778 and his later trek over the Pyrenees are exploits that few would have dared and that few readers will ever forget. It is a life encompassing a huge arc -- Adams lived longer than any president. The story ranges from the Boston Massacre to Philadelphia in 1776 to the Versailles of Louis XVI, from Spain to Amsterdam, from the Court of St. James's, where Adams was the first American to stand before King George III as a representative of the new nation, to the raw, half-finished Capital by the Potomac, where Adams was the first President to occupy the White House. This is history on a grand scale -- a book about politics and war and social issues, but also about human nature, love, religious faith, virtue, ambition, friendship and betrayal, and the far-reaching consequences of noble ideas. Above all, John Adams is an enthralling, often surprising story of one of the most important and fascinating Americans who ever lived."
323355,The Book of Mormon: Another Testament of Jesus Christ,3009967,4.23,91774,7094,531,English,2013,10142,"From the Introduction: The Book of Mormon is a volume of holy scripture comparable to the Bible. It is a record of God's dealings with the ancient inhabitants of the Americas and contains, as does the Bible, the fulness of the everlasting gospel. The book was written by many ancient prophets by the spirit of prophecy and revelation. Their words, written on gold plates, were quoted and abridged by a prophet-historian named Mormon. The record gives an account of two great civilizations. One came from Jerusalem in 600 B.C., and afterward separated into two nations, known as the Nephites and the Lamanites. The other came much earlier when the Lord confounded the tongues at the Tower of Babel. Thsi group is known as the Jaredites. After thousands of years, all were destroyed except the Lamanites, and they are the principal ancestors of the American Indians. The crowning event recorded in the Book of Mormon is the personal ministry of the Lord Jesus Christ among the Nephites soon after his resurrection. It puts forth the doctrines of the gospel, outlines the plan of salvation, and tells men what they must do to gain peace in this life and eternal salvation in the life to come. After Mormon completed his writings, he delivered the account to his son Moroni, who added a few words of his own and hid up the plates in the hill Cumorah. On September 21, 1823, the same Moroni, the a glorified, resurrected being, appeared to the Prophet Joseph Smith and instructed him relative to the ancient record and its destined translation into the English language. In due course the plates were delivered to Joseph Smith, who translated them by the gift and power of God. The record is now published in many languages as a new and additional witness that Jesus Christ is the Son of the living God and that all who will come unto him and obey the laws and ordinances of his gospel may be saved. Concerning this record the Prophet Joseph Smith said: ""I told the brethren that the Book of Mormon was the most correct of any book on earth, and the keystone of our religion, and a man would get nearer to God by abiding by its precepts, than by any other book."" In addition to Joseph Smith, the Lord provided for eleven others to see the gold plates for themselves and to be special witnesses of the truth and divinity of the Book of Mormon. Their written testimonies are included herewith as ""The Testimony of Three Witnesses"" and ""The Testimony of Eight Witnesses."" We invite all men everywhere to read the Book of Mormon, to ponder in their hearts the message it contains, and then to ask God, the Eternal Father, in the name of Christ if the book is true. Those who pursue this course an ask in faith will gain a testimony of its truth and divinity by the power of the Holy Ghost. (See Moroni 10: 3-5) Those who gain this divine witness from the Holy Spirit will also come to know by the same power that Jesus Christ is the Savior of the world, that Joseph Smith is his revelator and prophet in these last days, and that The Church of Jesus Christ of Latter-day Saints is the Lord's kingdom once again established on the earth, preparatory to the second coming of the Messiah."
13831,"Alanna: The First Adventure (Song of the Lioness, #1)",8596,4.27,137637,6839,274,English,2005,1626,"From now on I'm Alan of Trebond, the younger twin. I'll be a knight. And so young Alanna of Trebond begins the journey to knighthood. Though a girl, Alanna has always craved the adventure and daring allowed only for boys; her twin brother, Thom, yearns to learn the art of magic. So one day they decide to switch places: Thom heads for the convent to learn magic; Alanna, pretending to be a boy, is on her way to the castle of King Roald to begin her training as a page. But the road to knighthood is not an easy one. As Alanna masters the skills necessary for battle, she must also learn to control her heart and to discern her enemies from her allies. Filled with swords and sorcery, adventure and intrigue, good and evil, Alanna's first adventure begins - one that will lead to the fulfillment of her dreams and the magical destiny that will make her a legend in her land."
60880820,The Shards,2751,4.0,46208,6873,608,English,2023,4343,"A sensational new novel from the best-selling author of Less Than Zero and Imperial Bedrooms that tracks a group of privileged Los Angeles high school friends as a serial killer strikes across the city. Bret Easton Ellis's masterful new novel is a story about the end of innocence, and the perilous passage from adolescence into adulthood, set in a vibrantly fictionalized Los Angeles in 1981 as a serial killer begins targeting teenagers throughout the city. 17-year-old Bret is a senior at the exclusive Buckley prep school when a new student arrives with a mysterious past. Robert Mallory is bright, handsome, charismatic, and shielding a secret from Bret and his friends even as he becomes a part of their tightly knit circle. Bret's obsession with Mallory is equaled only by his increasingly unsettling pre-occupation with The Trawler, a serial killer on the loose who seems to be drawing ever closer to Bret and his friends, taunting them--and Bret in particular--with grotesque threats and horrific, sharply local acts of violence. The coincidences are uncanny, but they are also filtered through the imagination of a teenager whose gifts for constructing narrative from the filaments of his own life are about to make him one of the most explosive literary sensations of his generation. Can he trust his friends--or his own mind--to make sense of the danger they appear to be in? Thwarted by the world and by his own innate desires, buffeted by unhealthy fixations, he spirals into paranoia and isolation as the relationship between The Trawler and Robert Mallory hurtles inexorably toward a collision. Set against the intensely vivid and nostalgic backdrop of pre-Less Than Zero LA, The Shards is a mesmerizing fusing of fact and fiction, the real and the imagined, that brilliantly explores the emotional fabric of Bret's life at 17-sex and jealousy, obsession and murderous rage. Gripping, sly, suspenseful, deeply haunting and often darkly funny, The Shards is Ellis at his inimitable best."
166997,Stoner,51229,4.35,269712,35955,292,English,2006,14458,"William Stoner is born at the end of the nineteenth century into a dirt-poor Missouri farming family. Sent to the state university to study agronomy, he instead falls in love with English literature and embraces a scholar’s life, so different from the hardscrabble existence he has known. And yet as the years pass, Stoner encounters a succession of disappointments: marriage into a “proper” family estranges him from his parents; his career is stymied; his wife and daughter turn coldly away from him; a transforming experience of new love ends under threat of scandal. Driven ever deeper within himself, Stoner rediscovers the stoic silence of his forebears and confronts an essential solitude. John Williams’s luminous and deeply moving novel is a work of quiet perfection. William Stoner emerges from it not only as an archetypal American, but as an unlikely existential hero, standing, like a figure in a painting by Edward Hopper, in stark relief against an unforgiving world."
41219,Possession,1169504,3.9,85321,6253,555,English,1991,3755,"A pair of young scholars investigate the lives of two Victorian poets. Following a trail of letters, journals and poems they uncover a web of passion, deceit and tragedy, and their quest becomes a battle against time. Possession is an exhilarating novel of wit and romance, at once a literary detective novel and a triumphant love story."
7864437,"The Death Cure (The Maze Runner, #3)",348878,3.78,508086,29893,325,English,2011,11988,"It’s the end of the line. WICKED has taken everything from Thomas: his life, his memories, and now his only friends—the Gladers. But it’s finally over. The trials are complete, after one final test. Will anyone survive? What WICKED doesn’t know is that Thomas remembers far more than they think. And it’s enough to prove that he can’t believe a word of what they say. The truth will be terrifying. Thomas beat the Maze. He survived the Scorch. He’ll risk anything to save his friends. But the truth might be what ends it all. The time for lies is over."
6882,Papillon,957910,4.23,76642,3319,544,English,2006,3866,"Henri Charrière, called ""Papillon,"" for the butterfly tattoo on his chest, was convicted in Paris in 1931 of a murder he did not commit. Sentenced to life imprisonment in the penal colony of French Guiana, he became obsessed with one goal: escape. After planning and executing a series of treacherous yet failed attempts over many years, he was eventually sent to the notorious prison, Devil's Island, a place from which no one had ever escaped . . . until Papillon. His flight to freedom remains one of the most incredible feats of human cunning, will, and endurance ever undertaken. Charrière's astonishing autobiography, Papillon, was published in France to instant acclaim in 1968, more than twenty years after his final escape. Since then, it has become a treasured classic -- the gripping, shocking, ultimately uplifting odyssey of an innocent man who simply would not be defeated."
2666,The Bonfire of the Vanities,3083854,3.93,88256,4221,690,English,2001,3676,"Alternate cover edition of ISBN 9780553381344. The Bonfire of the Vanities is a 1987 satirical novel by Tom Wolfe. The story is a drama about ambition, racism, social class, politics, and greed in 1980s New York City, and centers on three main characters: WASP bond trader Sherman McCoy, Jewish assistant district attorney Larry Kramer, and British expatriate journalist Peter Fallow. The novel was originally conceived as a serial in the style of Charles Dickens' writings: It ran in 27 installments in Rolling Stone starting in 1984. Wolfe heavily revised it before it was published in book form. The novel was a bestseller and a phenomenal success, even in comparison with Wolfe's other books. It has often been called the quintessential novel of the 1980s."
452306,"The Sisterhood of the Traveling Pants (Sisterhood, #1)",3681,3.85,737347,9407,294,English,2001,3015,"Carmen got the jeans at a thrift shop. They didn’t look all that great: they were worn, dirty, and speckled with bleach. On the night before she and her friends part for the summer, Carmen decides to toss them. But Tibby says they’re great. She'd love to have them. Lena and Bridget also think they’re fabulous. Lena decides that they should all try them on. Whoever they fit best will get them. Nobody knows why, but the pants fit everyone perfectly. Even Carmen (who never thinks she looks good in anything) thinks she looks good in the pants. Over a few bags of cheese puffs, they decide to form a sisterhood and take the vow of the Sisterhood of the Traveling Pants . . . the next morning, they say good-bye. And then the journey of the pants — and the most memorable summer of their lives — begins."
1431,Veronika Decides to Die,566,3.74,245768,12945,285,English,1998,7479,"In his latest international bestseller, the celebrated author of The Alchemist addresses the fundamental questions asked by millions: What am I doing here today? and Why do I go on living?Twenty-four-year-old Veronika seems to have everything she could wish for: youth and beauty, plenty of attractive boyfriends, a fulfilling job, and a loving family. Yet something is lacking in her life. Inside her is a void so deep that nothing could possibly ever fill it. So, on the morning of November 11, 1997, Veronika decides to die. She takes a handful of sleeping pills expecting never to wake up. Naturally Veronika is stunned when she does wake up at Villete, a local mental hospital, where the staff informs her that she has, in fact, partially succeeded in achieving her goal. While the overdose didn't kill Veronika immediately, the medication has damaged her heart so severely that she has only days to live. The story follows Veronika through the intense week of self-discovery that ensues. To her surprise, Veronika finds herself drawn to the confinement of Villete and its patients, who, each in his or her individual way, reflect the heart of human experience. In the heightened state of life's final moments, Veronika discovers things she has never really allowed herself to feel before: hatred, fear, curiosity, love, and sexual awakening. She finds that every second of her existence is a choice between living and dying, and at the eleventh hour emerges more open to life than ever before. In Veronika Decides to Die, Paulo Coelho takes the reader on a distinctly modern quest to find meaning in a culture overshadowed by angst, soulless routine, and pervasive conformity. Based on events in Coelho's own life, Veronika Decides to Die questions the meaning of madness and celebrates individuals who do not fit into patterns society considers to be normal. Poignant and illuminating, it is a dazzling portrait of a young woman at the crossroads of despair and liberation, and a poetic, exuberant appreciation of each day as a renewed opportunity."
321552,The Agony and the Ecstasy,12833,4.09,98058,2648,776,English,,2129,"Celebrating the 500th anniversary of Michelangelo’s David, New American Library releases a special edition of Irving Stone’s classic biographical novel—in which both the artist and the man are brought to life in full. A masterpiece in its own right, this novel offers a compelling portrait of Michelangelo’s dangerous, impassioned loves, and the God-driven fury from which he wrested the greatest art the world has ever known."
76401,Bury My Heart at Wounded Knee: An Indian History of the American West,43443,4.26,104124,6380,509,English,2001,16348,"Världens mest berömda indianbok utkommer nu i en ny, illustrerad utgåva med 300 fantastiska bilder! Dee Browns Begrav mitt hjärta vid Wounded Knee skildrar USA:s kolonisation av vilda västern under andra halvan av 1800-talet, då apacher, cheyenner, comancher, siouxer och andra stammar bjuder de vita inkräktarna ett oväntat hårt motstånd. I Arizona gäckar hövdingar som Cochise och Geronimo fienden i ett kvartssekel med sin gerillakrigföring. Längs vägen till guldfyndigheterna i Montana tvingar Red Cloud ”blårockarna” att lämna sina fort och dra sig tillbaka. Vid Little Bighorn nedgör Crazy Horse och Sitting Bull general Custers sjunde kavalleriregemente till sista man. Till slut tvingas emellertid indianerna att ge sig för övermakten. Men det rättvisepatos och den motståndsvilja som de visar prov på i denna sin sista strid – och som Dee Brown skildrar så livfullt och gripande i sin bok – har gjort deras namn och kultur beundrade av eftervärlden. Författaren kallar dem ”de kanske mest heroiska amerikaner som någonsin levat”."
2967752,The Elegance of the Hedgehog,643126,3.81,202914,23068,325,English,2008,11078,"A moving, funny, triumphant novel that exalts the quiet victories of the inconspicuous among us. We are in the center of Paris, in an elegant apartment building inhabited by bourgeois families. Renée, the concierge, is witness to the lavish but vacuous lives of her numerous employers. Outwardly she conforms to every stereotype of the concierge: fat, cantankerous, addicted to television. Yet, unbeknownst to her employers, Renée is a cultured autodidact who adores art, philosophy, music, and Japanese culture. With humor and intelligence she scrutinizes the lives of the building's tenants, who for their part are barely aware of her existence. Then there's Paloma, a twelve-year-old genius. She is the daughter of a tedious parliamentarian, a talented and startlingly lucid child who has decided to end her life on the sixteenth of June, her thirteenth birthday. Until then she will continue behaving as everyone expects her to behave: a mediocre pre-teen high on adolescent subculture, a good but not an outstanding student, an obedient if obstinate daughter. Paloma and Renée hide both their true talents and their finest qualities from a world they suspect cannot or will not appreciate them. They discover their kindred souls when a wealthy Japanese man named Ozu arrives in the building. Only he is able to gain Paloma's trust and to see through Renée's timeworn disguise to the secret that haunts her. This is a moving, funny, triumphant novel that exalts the quiet victories of the inconspicuous among us."
38311414,House of Sand and Fog,9785,3.86,136907,4990,384,English,2018,1616,"In this “page-turner with a beating heart” (Boston Globe), a recovering alcoholic and addict down on her luck struggles to hold on to her home in California. But this becomes contested territory when a recent immigrant from the Middle East—a former colonel in the Iranian Air Force—becomes determined to restore his family’s dignity through buying the house. When the woman’s lover, a married cop, intervenes, he goes to extremes to win her love. Andre Dubus III’s unforgettable characters—people with ordinary flaws, looking for a small piece of ground to stand on—careen toward inevitable conflict. An “affecting, subtle portrait of two hostile but equally fragile camps” (The New Yorker), their tragedy paints a shockingly true picture of the country we still live in today, two decades after this book’s first publication."
14995,"Odd Thomas (Odd Thomas, #1)",9355,4.0,277445,9026,446,English,2006,5589,"Nie war das Grauen bedrohlicher ... Ein merkwürdiger Fremder kommt in den kleinen Wüstenort Pico Mundo. Ihn umgeben hyänenartige Schatten, Vorboten eines fürchterlichen Todes. Doch nur der etwas einfältige Odd Thomas erkennt sie. Kann er das drohende Massaker verhindern? Odd Thomas lebt bescheiden und zufrieden als Koch in einem kleinen amerikanischen Provinznest. Hochgeistiges ist ihm fremd, doch er hat eine besondere Gabe: Er sieht die Toten und kann mit ihnen kommunizieren. Und er sieht Bodachs, lebende Schatten, die sich von Leid und Verderben nähren. Als ein merkwürdiger Fremder, umflirrt von diesen Schatten, das Restaurant betritt, in dem Odd arbeitet, weiß er, dass Fürchterliches droht. Trotz der Warnungen seiner impulsiven Freundin Stormy wagt er es, dem Mann nachzuspüren und in sein Haus einzudringen. Was er in einem Geheimzimmer findet, lässt ihm das Blut in den Adern gefrieren: einen Schrein, der all den Massenmördern dieser Welt gewidmet ist ..."
4982,The Sirens of Titan,2778055,4.15,160740,9148,224,English,1999,5339,"The Sirens of Titan is an outrageous romp through space, time, and morality. The richest, most depraved man on Earth, Malachi Constant, is offered a chance to take a space journey to distant worlds with a beautiful woman at his side. Of course there's a catch to the invitation—and a prophetic vision about the purpose of human life that only Vonnegut has the courage to tell."
304027,"Lover Unbound (Black Dagger Brotherhood, #5)",20248,4.31,141950,5820,502,English,2007,2235,"The ruthless and brilliant brother Vishous possesses a destructive curse and a frightening ability to see the future. As a member of the Brotherhood, he has no interest in love or emotion, only the battle with the Lessening Society. But when a mortal injury puts him in the care of a human surgeon, Dr. Jane Whitcomb compels him to reveal his inner pain and taste true pleasure for the first time-until a destiny he didn't choose takes him into a future that does not include her..."
10569,On Writing: A Memoir of the Craft,3389,4.34,322607,27514,320,English,2002,18892,"""Long live the King"" hailed Entertainment Weekly upon the publication of Stephen King's On Writing. Part memoir, part master class by one of the bestselling authors of all time, this superb volume is a revealing and practical view of the writer's craft, comprising the basic tools of the trade every writer must have. King's advice is grounded in his vivid memories from childhood through his emergence as a writer, from his struggling early career to his widely reported near-fatal accident in 1999 -- and how the inextricable link between writing and living spurred his recovery. Brilliantly structured, friendly and inspiring, On Writing will empower and entertain everyone who reads it -- fans, writers, and anyone who loves a great story well told. (back cover)"
4865,How to Win Friends &amp; Influence People,3317,4.21,1169828,30582,288,English,1998,96510,"You can go after the job you want...and get it! You can take the job you have...and improve it! You can take any situation you're in...and make it work for you! Since its release in 1936, How to Win Friends and Influence People has sold more than 30 million copies. Dale Carnegie's first book is a timeless bestseller, packed with rock-solid advice that has carried thousands of now famous people up the ladder of success in their business and personal lives. As relevant as ever before, Dale Carnegie's principles endure, and will help you achieve your maximum potential in the complex and competitive modern age. Learn the six ways to make people like you, the twelve ways to win people to your way of thinking, and the nine ways to change people without arousing resentment."
133286777,The Familiar,4575289,3.74,142574,24020,379,English,2024,10811,"From the New York Times bestselling author of Ninth House, Hell Bent, and creator of the Grishaverse series comes a highly anticipated historical fantasy set during the Spanish Golden Age In a shabby house, on a shabby street, in the new capital of Madrid, Luzia Cotado uses scraps of magic to get through her days of endless toil as a scullion. But when her scheming mistress discovers the lump of a servant cowering in the kitchen is actually hiding a talent for little miracles, she demands Luzia use those gifts to better the family's social position. What begins as simple amusement for the bored nobility takes a perilous turn when Luzia garners the notice of Antonio Pérez, the disgraced secretary to Spain's king. Still reeling from the defeat of his armada, the king is desperate for any advantage in the war against England's heretic queen—and Pérez will stop at nothing to regain the king's favor. Determined to seize this one chance to better her fortunes, Luzia plunges into a world of seers and alchemists, holy men and hucksters, where the line between magic, science, and fraud is never certain. But as her notoriety grows, so does the danger that her Jewish blood will doom her to the Inquisition's wrath. She will have to use every bit of her wit and will to survive—even if that means enlisting the help of Guillén Santangel, an embittered immortal familiar whose own secrets could prove deadly for them both."
30659,Meditations,17212,4.28,364158,21253,254,English,2006,117501,"Written in Greek by the only Roman emperor who was also a philosopher, without any intention of publication, the Meditations of Marcus Aurelius offer a remarkable series of challenging spiritual reflections and exercises developed as the emperor struggled to understand himself and make sense of the universe. While the Meditations were composed to provide personal consolation and encouragement, Marcus Aurelius also created one of the greatest of all works of philosophy: a timeless collection that has been consulted and admired by statesmen, thinkers and readers throughout the centuries."
1202,Freakonomics: A Rogue Economist Explores the Hidden Side of Everything,798,4.01,904023,20745,268,English,2006,18158,"Which is more dangerous, a gun or a swimming pool? What do schoolteachers and sumo wrestlers have in common? Why do drug dealers still live with their moms? How much do parents really matter? What kind of impact did Roe v. Wade have on violent crime? Freakonomics will literally redefine the way we view the modern world. These may not sound like typical questions for an economist to ask. But Steven D. Levitt is not a typical economist. He is a much heralded scholar who studies the stuff and riddles of everyday life -- from cheating and crime to sports and child rearing -- and whose conclusions regularly turn the conventional wisdom on its head. He usually begins with a mountain of data and a simple, unasked question. Some of these questions concern life-and-death issues; others have an admittedly freakish quality. Thus the new field of study contained in this book: freakonomics. Through forceful storytelling and wry insight, Levitt and co-author Stephen J. Dubner show that economics is, at root, the study of incentives -- how people get what they want, or need, especially when other people want or need the same thing. In Freakonomics, they set out to explore the hidden side of ... well, everything. The inner workings of a crack gang. The truth about real-estate agents. The myths of campaign finance. The telltale marks of a cheating schoolteacher. The secrets of the Ku Klux Klan. What unites all these stories is a belief that the modern world, despite a surfeit of obfuscation, complication, and downright deceit, is not impenetrable, is not unknowable, and -- if the right questions are asked -- is even more intriguing than we think. All it takes is a new way of looking. Steven Levitt, through devilishly clever and clear-eyed thinking, shows how to see through all the clutter. Freakonomics establishes this unconventional premise: If morality represents how we would like the world to work, then economics represents how it actually does work. It is true that readers of this book will be armed with enough riddles and stories to last a thousand cocktail parties. But Freakonomics can provide more than that. It will literally redefine the way we view the modern world. (front flap)"
27833670,Dark Matter,442240,4.13,762622,91752,342,English,2016,32262,"A mindbending, relentlessly surprising thriller from the author of the bestselling Wayward Pines trilogy. Jason Dessen is walking home through the chilly Chicago streets one night, looking forward to a quiet evening in front of the fireplace with his wife, Daniela, and their son, Charlie—when his reality shatters. ""Are you happy with your life?"" Those are the last words Jason Dessen hears before the masked abductor knocks him unconscious. Before he awakens to find himself strapped to a gurney, surrounded by strangers in hazmat suits. Before a man Jason's never met smiles down at him and says, ""Welcome back, my friend."" In this world he's woken up to, Jason's life is not the one he knows. His wife is not his wife. His son was never born. And Jason is not an ordinary college physics professor, but a celebrated genius who has achieved something remarkable. Something impossible. Is it this world or the other that's the dream? And even if the home he remembers is real, how can Jason possibly make it back to the family he loves? The answers lie in a journey more wondrous and horrifying than anything he could've imagined—one that will force him to confront the darkest parts of himself even as he battles a terrifying, seemingly unbeatable foe. Dark Matter is a brilliantly plotted tale that is at once sweeping and intimate, mind-bendingly strange and profoundly human--a relentlessly surprising science-fiction thriller about choices, paths not taken, and how far we'll go to claim the lives we dream of."
11334,Song of Solomon,3534,4.16,131212,8879,338,English,2004,6584,"Milkman Dead was born shortly after a neighborhood eccentric hurled himself off a rooftop in a vain attempt at flight. For the rest of his life he, too, will be trying to fly. With this brilliantly imagined novel, Toni Morrison transfigures the coming-of-age story as audaciously as Saul Bellow or Gabriel García Márquez. As she follows Milkman from his rustbelt city to the place of his family’s origins, Morrison introduces an entire cast of strivers and seeresses, liars and assassins, the inhabitants of a fully realized black world."
703292,The Witch of Blackbird Pond,7549,4.03,161319,8270,256,English,1978,2775,"Newbery Medal Winner (1959) Orphaned Kit Tyler knows, as she gazes for the first time at the cold, bleak shores of Connecticut Colony, that her new home will never be like the shimmering Caribbean island she left behind. In her relatives' stern Puritan community, she feels like a tropical bird that has flown to the wrong part of the world, a bird that is now caged and lonely. The only place where Kit feels completely free is in the meadows, where she enjoys the company of the old Quaker woman known as the Witch of Blackbird Pond, and on occasion, her young sailor friend Nat. But when Kit's friendship with the ""witch"" is discovered, Kit is faced with suspicion, fear, and anger. She herself is accused of witchcraft!"
13414446,"Prodigy (Legend, #2)",4342215,4.22,284119,20874,371,English,2013,8310,"Injured and on the run, it has been seven days since June and Day barely escaped Los Angeles and the Republic with their lives. Day is believed dead having lost his own brother to an execution squad who thought they were assassinating him. June is now the Republic's most wanted traitor. Desperate for help, they turn to the Patriots - a vigilante rebel group sworn to bring down the Republic. But can they trust them or have they unwittingly become pawns in the most terrifying of political games?"
12368985,"Consequences (Consequences, #1)",5131072,3.92,43453,5974,366,English,2011,3704,"Every action has consequences. Waking in an unfamiliar bedroom in a luxurious mansion, Claire Nichols is terrified to discover that a chance encounter led her into the cruel hands of her abductor, Anthony Rawlings. Claire has no understanding of why she's there, but it's been made abundantly clear--she is now his acquisition and every action has consequences. Learn the rules to survive. Facing incomprehensible circumstances, Claire must learn to survive her new reality--every aspect of her livelihood depends upon the tall, dark-eyed tycoon who is a true master of deception. Driven by unknown demons, he has no tolerance for imperfection, in any aspect of his life, including his recent acquisition. Anthony may appear to the world as a handsome, benevolent businessman, but in reality Claire knows firsthand that he's a menacing, controlling captor with very strict rules: do as you're told, public failure is not an option, and appearances are of the utmost importance. Captivate the captor. To fit together the pieces of the puzzle, Claire must follow his rules. Will her plan work, or will Anthony become enthralled by Claire's beauty, resilience, and determination, changing the game forever? If that happens, will either of them survive the consequences? Nobody ever did or ever will escape the consequences of his choices.--Alfred A. Montapert"
30474,The Communist Manifesto,7084,3.69,203556,14013,288,English,2002,19309,"The Communist Manifesto, Marx and Engels' revolutionary 1848 summons to the working classes, is one of the most influential political theories ever formulated. After four years of collaboration, the authors produced this incisive account of their idea of Communism, in which they envisage a society without classes, private property, or a state. They argue that increasing exploitation of industrial workers will eventually lead to a revolution in which capitalism is overthrown. Their vision transformed the world irrevocably, and remains relevant as a depiction of global capitalism today."
4953,A Heartbreaking Work of Staggering Genius,3371,3.69,184274,10133,530,English,2001,4662,"A book that redefines both family and narrative for the twenty-first century. A Heartbreaking Work of Staggering Genius is the moving memoir of a college senior who, in the space of five weeks, loses both of his parents to cancer and inherits his eight-year-old brother. Here is an exhilarating debut that manages to be simultaneously hilarious and wildly inventive as well as a deeply heartfelt story of the love that holds a family together. A Heartbreaking Work of Staggering Genius is an instant classic that will be read for decades to come."
164154,"A Canticle for Leibowitz (St. Leibowitz, #1)",6025722,3.99,121502,7818,334,English,2006,3626,"Winner of the 1961 Hugo Award for Best Novel and widely considered one of the most accomplished, powerful, and enduring classics of modern speculative fiction, Walter M. Miller, Jr. 's A Canticle for Leibowitzis a true landmark of twentieth-century literature -- a chilling and still-provocative look at a post-apocalyptic future. In a nightmarish ruined world slowly awakening to the light after sleeping in darkness, the infant rediscoveries of science are secretly nourished by cloistered monks dedicated to the study and preservation of the relics and writings of the blessed Saint Isaac Leibowitz. From here the story spans centuries of ignorance, violence, and barbarism, viewing through a sharp, satirical eye the relentless progression of a human race damned by its inherent humanness to recelebrate its grand foibles and repeat its grievous mistakes. Seriously funny, stunning, and tragic, eternally fresh, imaginative, and altogether remarkable, A Canticle for Leibowitz retains its ability to enthrall and amaze. It is now, as it always has been, a masterpiece."
248596,Something Wicked This Way Comes,1630,3.89,156422,13477,293,English,1998,7914,"Quelques jours avant Halloween, la foire est arrivée à Green Town en pleine nuit, dans un train mystérieux. Jim et Will ont entendu le chant de l'orgue et le sifflet du train, ils ont vu la foire débarquer. Seuls témoins d'événements inquiétants, ils savent qu'elle a de noirs desseins. Un carrousel qui, en tournant à rebours, inverse le cours du temps, la plus belle femme du monde endormie dans un bloc de glace, un homme qui a le pouvoir d'exaucer les vœux les plus fous... telles sont les attractions de cette foire de cauchemar. Jouant sur les peurs de l'adolescence, Bradbury mêle poésie et surnaturel pour nous entraîner dans une terrifiante aventure."
16070018,"Truth (Consequences, #2)",5131072,4.34,32628,3126,480,English,2012,941,"From New York Times and USA Today bestselling author Aleatha Romig comes the thrilling sequel in the Consequences series: Truth, a game of deception, intrigue, and conspiracy where losing can be deadly. Claire survived the consequences. Through strength and compartmentalization, Claire Nichols captivated her captor. Though Anthony Rawlings thought he taught Claire to behave, his domination became desire, and his obsession morphed into love. Or was it? When her choices pushed Anthony's relentless vendetta too far, Claire barely survived the consequences. Discover the truth. Now, armed with new information and more questions than answers, Claire works to uncover the truth behind the dangerous game at play. As she begins anew, she must decide whom she can truly trust, especially with a new set of players on the move. New set of rules. With everything to lose and a manipulative game master controlling the board, Claire and Tony duel by a new set of rules. When thrust together once again, can they learn to trust each other to overcome new dangers? Or will this be Tony's second attempt at domination? Can Claire resist the man she'd never before been able to resist? Hatred and love. Deception and truth. Old habits and new beginnings. As this real-life game of chess plays out, past sins will come to light and new secrets will be revealed. With so much riding on each move, the stakes have never been higher. All truths are easy to understand once they are discovered. The trick is to discover them. - Galileo"
3388,Corelli’s Mandolin,2313,4.04,93425,3985,437,English,1995,2441,"Captain Corelli’s Mandolin is set in the early days of the second world war, before Benito Mussolini invaded Greece. Dr Iannis practices medicine on the island of Cephalonia, accompanied by his daughter, Pelagia, to whom he imparts much of his healing art. Even when the Italians do invade, life isn’t so bad—at first anyway. The officer in command of the Italian garrison is the cultured Captain Antonio Corelli, who responds to a Nazi greeting of “Heil Hitler” with his own “Heil Puccini”, and whose most precious possession is his mandolin. It isn't long before Corelli and Pelagia are involved in a heated affair--despite her engagement to a young fisherman, Mandras, who has gone off to join Greek partisans. Love is complicated enough in wartime, even when the lovers are on the same side. And for Corelli and Pelagia, it becomes increasingly difficult to negotiate the minefield of allegiances, both personal and political, as all around them atrocities mount, former friends become enemies and the ugliness of war infects everyone it touches. British author Louis de Bernières is well known for his forays into magical realism in such novels as The War of Don Emmanuel's Nether Parts, Señor Vivo and the Coca Lord and The Troublesome Offspring of Cardinal Guzman. Here he keeps it to a minimum, though certainly the secondary characters with whom he populates his island—the drunken priest, the strongman, the fisherman who swims with dolphins—would be at home in any of his wildly imaginative Latin American fictions. Instead, de Bernières seems interested in dissecting the nature of history as he tells his ever-darkening tale from many different perspectives. Captain Corelli’s Mandolin works on many levels, as a love story, a war story and a deconstruction of just what determines the facts that make it into the history books."
280111,Holy Bible: New International Version,5158478,4.63,98798,3865,1213,English,1985,38733,این ترجمه توسط فاضل خان همدانی و ویلیام گلن و هنری مرتن انجام شده و قسمت عهد عتیق آن در ۱۲۷۲ هجری قمری برابر ۱۸۵۶ میلادی و عهد جدید آن در ۱۲۹۳ هجری قمری برابر ۱۸۷۶ در زمان حکومت ناصرالدین شاه قاجار در لندن چاپ سربی شده است ترجمه حاضر شامل تمامی کتاب مقدس یعنی عهد عتیق و عهد جدید است ترجمه حاضر تماما معرب است و خصوصا خواندن اعلام تاریخی و جغراقیایی و اسامی و اصطلاحات آن را آسانتر می کند ترجمه عهد عتیق این کتاب از زبان عبرانی و عهد جدید از یونانی صورت پذیرفته است تقسیم بندی این کتاب براساس متن اصلی است و چون به دستیاری کشیشی که خود استاد الهیات بوده است انجام پذیرفته در حد امکان نزدیکترین ترجمه به اصل است زبان کتاب، زبان ادبی فاخر و روان و رسای عهد ناصری است و با اینکه برای خواننده امروزی ناآشنای به متون فارسی ممکن است قدری ثقیل و سنگین باشد اما شیرینی آن را هر پژوهنده آشنای فرهنگ ایرانی درک می کند
40024,"The Alienist (Dr. Laszlo Kreizler, #1)",27779,4.06,182724,9314,498,English,2006,8920,"The year is 1896, the place, New York City. On a cold March night New York Times reporter John Schuyler Moore is summoned to the East River by his friend and former Harvard classmate Dr. Laszlo Kreizler, a psychologist, or ""alienist."" On the unfinished Williamsburg Bridge, they view the horribly mutilated body of an adolescent boy, a prostitute from one of Manhattan's infamous brothels. The newly appointed police commissioner, Theodore Roosevelt, in a highly unorthodox move, enlists the two men in the murder investigation, counting on the reserved Kreizler's intellect and Moore's knowledge of New York's vast criminal underworld. They are joined by Sara Howard, a brave and determined woman who works as a secretary in the police department. Laboring in secret (for alienists, and the emerging discipline of psychology, are viewed by the public with skepticism at best), the unlikely team embarks on what is a revolutionary effort in criminology-- amassing a psychological profile of the man they're looking for based on the details of his crimes. Their dangerous quest takes them into the tortured past and twisted mind of a murderer who has killed before--and will kill again before the hunt is over. Fast-paced and gripping, infused with a historian's exactitude, The Alienist conjures up the Gilded Age and its untarnished underside: verminous tenements and opulent mansions, corrupt cops and flamboyant gangsters, shining opera houses and seamy gin mills. Here is a New York during an age when questioning society's belief that all killers are born, not made, could have unexpected and mortal consequences."
43352954,This Is How You Lose the Time War,4175512,3.83,355517,71519,209,English,2019,25086,"Among the ashes of a dying world, an agent of the Commandant finds a letter. It reads: Burn before reading. Thus begins an unlikely correspondence between two rival agents hellbent on securing the best possible future for their warring factions. Now, what began as a taunt, a battlefield boast, grows into something more. Something epic. Something romantic. Something that could change the past and the future. Except the discovery of their bond would mean death for each of them. There's still a war going on, after all. And someone has to win that war."
54479,Around the World in Eighty Days,696805,3.95,287265,13856,252,English,2004,13529,"One night in the reform club, Phileas Fogg bets his companions that he can travel across the globe in just eighty days. Breaking the well-established routine of his daily life, he immediately sets off for Dover with his astonished valet Passepartout. Passing through exotic lands and dangerous locations, they seize whatever transportation is at hand—whether train or elephant—overcoming set-backs and always racing against the clock."
12914,The Aeneid,919,3.88,145815,5974,442,English,1990,7165,"The Aeneid – thrilling, terrifying and poignant in equal measure – has inspired centuries of artists, writers and musicians. Virgil’s epic tale tells the story of Aeneas, a Trojan hero, who flees his city after its fall, with his father Anchises and his young son Ascanius – for Aeneas is destined to found Rome and father the Roman race. As Aeneas journeys closer to his goal, he must first prove his worth and attain the maturity necessary for such an illustrious task. He battles raging storms in the Mediterranean, encounters the fearsome Cyclopes, falls in love with Dido, Queen of Carthage, travels into the Underworld and wages war in Italy."
6280118,One Day,46118,3.88,415413,30788,435,English,2009,15966,15th July 1988: Emma and Dexter meet for the first time on the night of their graduation. Tomorrow they must go their separate ways. So where will they be on this one day next year? And the year after that? And every year that follows? --back cover
9416,"Confessions of a Shopaholic (Shopaholic, #1)",6160,3.72,815597,15230,368,English,2003,4586,"Becky has a fabulous flat in London's trendiest neighborhood, a troupe of glamorous socialite friends, and a closet brimming with the season's must-haves. The only trouble is that she can't actually afford it–not any of it. Her job writing at Successful Savings not only bores her to tears, it doesn't pay much at all. And lately Becky's been chased by dismal letters from the bank –letters with large red sums she can't bear to read–and they're getting ever harder to ignore. She tries cutting back. But none of her efforts succeeds. Becky's only consolation is to buy herself something ... just a little something.... Finally a story arises that Becky actually cares about, and her front-page article catalyzes a chain of events that will transform her life–and the lives of those around her–forever."
6325285,"Rubinrot (Edelstein-Trilogie, #1)",298438,4.14,173330,13727,345,German,2009,2234,"Manchmal ist es ein echtes Kreuz, in einer Familie zu leben, die jede Menge Geheimnisse hat. Der Überzeugung ist zumindest die 16-jährige Gwendolyn. Bis sie sich eines Tages aus heiterem Himmel im London um die letzte Jahrhundertwende wiederfindet. Und ihr klar wird, dass ausgerechnet sie das allergrößte Geheimnis ihrer Familie ist. Was ihr dagegen nicht klar ist: Dass man sich zwischen den Zeiten möglichst nicht verlieben sollte. Denn das macht die Sache erst recht kompliziert!"
11125,Digital Fortress,630,3.71,669228,12019,510,English,2004,6658,"This an alternate cover for 9780552151696 When the NSA's invincible code-breaking machine encounters a mysterious code it cannot break, the agency calls its head cryptographer, Susan Fletcher, a brilliant and beautiful mathematician. What she uncovers sends shock waves through the corridors of power. The NSA is being held hostage...not by guns or bombs, but by a code so ingeniously complex that if released it would cripple U.S. intelligence. Caught in an accelerating tempest of secrecy and lies, Susan Fletcher battles to save the agency she believes in. Betrayed on all sides, she finds herself fighting not only for her country but for her life, and in the end, for the life of the man she loves. From the underground hallways of power to the skyscrapers of Tokyo to the towering cathedrals of Spain, a desperate race unfolds. It is a battle for survival--a crucial bid to destroy a creation of inconceivable genius...an impregnable code-writing formula that threatens to obliterate the post-cold war balance of power. Forever."
62874245,The Drowning Woman,344233,4.03,172025,15390,336,English,2023,8486,"A deliciously twisted story of friendship, retribution, and betrayal about a homeless woman fleeing a dangerous past—and the wealthy society wife she saves from drowning, who pulls her into a dark web of secrets and lies. Lee Gulliver never thought she’d find herself living on the streets—no one ever does—but when her restaurant fails, and she falls deeper into debt, she leaves her old life behind with nothing but her clothes and her Toyota Corolla. In Seattle, she parks in a secluded spot by the beach to lay low and plan her next move—until early one morning, she sees a sobbing woman throw herself into the ocean. Lee hauls the woman back to the surface, but instead of appreciation, she is met with fury. The drowning woman, Hazel, tells her that she wanted to die, that she’s trapped in a toxic, abusive marriage, that she’s a prisoner in her own home. Lee has thwarted her one chance to escape her life. Out of options, Hazel retreats to her gilded cage, and Lee thinks she’s seen the last of her, until her unexpected return the next morning. Bonded by disparate but difficult circumstances, the women soon strike up a close and unlikely friendship. And then one day, Hazel makes a shocking request: she wants Lee to help her disappear. It’ll be easy, Hazel assures her, but Lee soon learns that nothing is as it seems, and that Hazel may not be the friend Lee thought she was."
57891,Battle Royale,32595,4.26,87199,9826,624,English,2003,4597,"Koushun Takami's notorious high-octane thriller is based on an irresistible premise: a class of junior high school students is taken to a deserted island where, as part of a ruthless authoritarian program, they are provided arms and forced to kill one another until only one survivor is left standing. Criticized as violent exploitation when first published in Japan - where it then proceeded to become a runaway bestseller - Battle Royale is a Lord of the Flies for the 21st century, a potent allegory of what it means to be young and (barely) alive in a dog-eat-dog world. Made into a controversial hit movie of the same name, Battle Royale is already a contemporary Japanese pulp classic, now available for the first time in the English language."
20559676,"Killing Sarai (In the Company of Killers, #1)",5437976,4.08,32832,3165,268,English,2014,761,"Sarai was only fourteen when her mother uprooted her to live in Mexico with a notorious drug lord. Over time she forgot what it was like to live a normal life, but she never let go of her hope to escape the compound where she has been held for the past nine years. Victor is a cold-blooded assassin who, like Sarai, has known only death and violence since he was a young boy. When Victor arrives at the compound to collect details and payment for a hit, Sarai sees him as her only opportunity for escape. But things don’t go as planned and instead of finding transport back to Tucson, she finds herself free from one dangerous man and caught in the clutches of another. While on the run, Victor strays from his primal nature as he succumbs to his conscience and resolves to help Sarai. As they grow closer, he finds himself willing to risk everything to keep her alive; even his relationship with his devoted brother and liaison, Niklas, who now like everyone else wants Sarai dead. As Victor and Sarai slowly build a trust, the differences between them seem to lessen, and an unlikely attraction intensifies. But Victor’s brutal skills and experience may not be enough in the end to save her, as the power she unknowingly holds over him may ultimately be what gets her killed. This is their story…"
852470,"I'd Tell You I Love You, But Then I'd Have to Kill You (Gallagher Girls, #1)",56224,3.84,194154,9009,284,English,2006,3394,"Cammie Morgan is a student at the Gallagher Academy for Exceptional Young Women, a fairly typical all-girls school—that is, if every school taught advanced martial arts in PE and the latest in chemical warfare in science, and students received extra credit for breaking CIA codes in computer class. The Gallagher Academy might claim to be a school for geniuses, but it's really a school for spies. Even though Cammie is fluent in fourteen languages and capable of killing a man in seven different ways, she has no idea what to do when she meets an ordinary boy who thinks she's an ordinary girl. Sure, she can tap his phone, hack into his computer, or track him through town with the skill of a real ""pavement artist""—but can she maneuver a relationship with someone who can never know the truth about her? Cammie Morgan may be an elite spy-in-training, but in her sophomore year, she's on her most dangerous mission—falling in love."
14249,Prodigal Summer,3541,4.05,130887,9510,444,English,2001,5761,"Prodigal Summer weaves together three stories of human love within a larger tapestry of lives inhabiting the forested mountains and struggling small farms of southern Appalachia. From her outpost in an isolated mountain cabin, Deanna Wolfe, a reclusive wildlife biologist, watches a den of coyotes that have recently migrated into the region. She is caught off-guard by a young hunter who invades her most private spaces and confounds her self-assured, solitary life. On a farm several miles down the mountain, Lusa Maluf Landowski, a bookish city girl turned farmer's wife, finds herself unexpectedly marooned in a strange place where she must declare or lose her attachment to the land that has become her own. And a few more miles down the road, a pair of elderly feuding neighbors tend their respective farms and wrangle about God, pesticides, and the possibilities of a future neither of them expected. Over the course of one humid summer, these characters find their connections to one another and to the flora and fauna with whom they share a place. Prodigal Summer demonstrates a balance of narrative, drama and ideas that is characteristic of Barbara Kingsolver's finest work."
22055262,"A Darker Shade of Magic (Shades of Magic, #1)",7168230,4.03,438661,53794,400,English,2015,27346,"STEP INTO A UNIVERSE OF DARING ADVENTURE, THRILLING POWER, AND MULTIPLE LONDONS. Kell is one of the last travelers—magicians with a rare, coveted ability to travel between parallel universes, connected by one magical city. There's Grey London, dirty and boring, without any magic, and with one mad king—George III. Red London, where life and magic are revered—and where Kell was raised alongside Rhys Maresh, the rougish heir to a flourishing empire. White London—a place where people fight to control magic and the magic fights back, draining the city to its very bones. And once upon a time, there was Black London. But no one speaks of that now. Officially, Kell is the Red Traveler, ambassador of the Maresh empire, carrying the monthly correspondences between the royals of each London. Unofficially, Kell is a smuggler, servicing people willing to pay for even the smallest glimpses of a world they'll never see. It's a defiant hobby with dangerous consequences, which Kell is now seeing firsthand. Fleeing into Grey London, Kell runs into Delilah Bard, a cutpurse with lofty aspirations. She first robs him, then saves him from a deadly enemy, and finally forces Kell to spirit her to another world for a proper adventure. Now perilous magic is afoot, and treachery lurks at every turn. To save all of the worlds, they'll first need to stay alive."
18300212,The Trigger: Hunting the Assassin Who Brought the World to War,534082,3.81,4116,321,352,English,2014,211,"On a summer morning in Sarajevo a hundred years ago, a teenage assassin named Gavrilo Princip fired not just the opening shots of the First World War but the starting gun for modern history, when he killed Archduke Franz Ferdinand. Yet the events Princip triggered were so monumental that his own story has been largely overlooked, his role garbled and motivations misrepresented. The Trigger puts this right, filling out as never before a figure who changed our world and whose legacy still has an impact on all of us today. Born a penniless backwoodsman, Princip’s life changed when he trekked through Bosnia and Serbia to attend school. As he ventured across fault lines of faith, nationalism and empire, so tightly clustered in the Balkans, radicalisation slowly transformed him from a frail farm boy into history’s most influential assassin. By retracing Princip’s journey from his highland birthplace, through the mythical valleys of Bosnia to the fortress city of Belgrade and ultimately Sarajevo, Tim Butcher illuminates our understanding both of Princip and the places that shaped him. Tim uncovers details about Princip that have eluded historians for a century and draws on his own experience, as a war reporter in the Balkans in the 1990s, to face down ghosts of conflicts past and present. The Trigger is a rich and timely work that brings to life both the moment the world first went to war and an extraordinary region with a potent hold over history."
73968,"Love Story (Love Story, #1)",15516,3.66,64880,4036,224,English,2002,1250,"Oliver Barrett IV, a wealthy jock from a stuffy WASP family on his way to a Harvard degree and a career in law . . . Jenny Cavilleri, a sharp-tongued, working-class beauty studying music at Radcliffe . . . Opposites in nearly every way, Oliver and Jenny are kindred spirits from vastly different worlds. Falling deeply and powerfully, their attraction to one another defies everything they have ever believed—as they share a passion far greater than anything they dreamed possible . . . and explore the wonder of a love that must end too soon. One of the most adored novels of our time, this is the book that defined a generation—a story of uncompromising devotion, of life as it really is . . . and love that changes everything."
27774758,"An Ember in the Ashes (An Ember in the Ashes, #1)",7770873,4.23,355273,43408,446,English,2015,12838,"▶ Alternative Cover Edition #1 Laia is a slave. Elias is a soldier. Neither is free. Under the Martial Empire, defiance is met with death. Those who do not vow their blood and bodies to the Emperor risk the execution of their loved ones and the destruction of all they hold dear. It is in this brutal world, inspired by ancient Rome, that Laia lives with her grandparents and older brother. The family ekes out an existence in the Empire’s impoverished backstreets. They do not challenge the Empire. They’ve seen what happens to those who do. But when Laia’s brother is arrested for treason, Laia is forced to make a decision. In exchange for help from rebels who promise to rescue her brother, she will risk her life to spy for them from within the Empire’s greatest military academy. There, Laia meets Elias, the school’s finest soldier—and secretly, its most unwilling. Elias wants only to be free of the tyranny he’s being trained to enforce. He and Laia will soon realize that their destinies are intertwined—and that their choices will change the fate of the Empire itself. From the Hardcover edition."
34497,"The Color of Magic (Discworld, #1; Rincewind, #1)",1654,3.99,427447,17557,228,English,2005,22960,"In a world supported on the back of a giant turtle (sex unknown), a gleeful, explosive, wickedly eccentric expedition sets out. There's an avaricious but inept wizard, a naive tourist whose luggage moves on hundreds of dear little legs, dragons who only exist if you believe in them, and of course THE EDGE of the planet..."
7061,"The No. 1 Ladies' Detective Agency (No. 1 Ladies' Detective Agency, #1)",4738,3.81,277635,14263,235,English,2003,5697,"Precious Ramotswe has only just set up shop as Botswana's No.1 (and only) lady detective when she is hired to track down a missing husband, uncover a con man, and follow a wayward daughter. However, the case that tugs at her heart, and lands her in danger, is a missing eleven-year-old boy, who may have been snatched by witch doctors."
426504,Ficciones,500,4.4,81176,5932,174,English,1994,6786,"The seventeen pieces in Ficciones demonstrate the whirlwind of Borges's genius and mirror the precision and potency of his intellect and inventiveness, his piercing irony, his skepticism, and his obsession with fantasy. Borges sends us on a journey into a compelling, bizarre, and profoundly resonant realm; we enter the fearful sphere of Pascal's abyss, the surreal and literal labyrinth of books, and the iconography of eternal return. To enter the worlds in Ficciones is to enter the mind of Jorge Luis Borges, wherein lies Heaven, Hell, and everything else in between. Part One: The Garden of Forking Paths Prologue Tlön, Uqbar, Orbis Tertius (1940) The Approach to Al-Mu'tasim (1936, not included in the 1941 edition) Pierre Menard, Author of the Quixote (1939) The Circular Ruins (1940) The Lottery in Babylon (1941) An Examination of the Work of Herbert Quain (1941) The Library of Babel (1941) The Garden of Forking Paths (1941) Part Two: Artifices Prologue Funes the Memorious (1942) The Form of the Sword (1942) Theme of the Traitor and the Hero (1944) Death and the Compass (1942) The Secret Miracle (1943) Three Versions of Judas (1944) The End (1953, 2nd edition only) The Sect of the Phoenix (1952, 2nd edition only) The South (1953, 2nd edition only)"
33917,The Namesake,3670,4.02,286517,16862,304,English,2003,6851,"Jhumpa Lahiri's Interpreter of Maladies established this young writer as one the most brilliant of her generation. Her stories are one of the very few debut works -- and only a handful of collections -- to have won the Pulitzer Prize for fiction. Among the many other awards and honors it received were the New Yorker Debut of the Year award, the PEN/Hemingway Award, and the highest critical praise for its grace, acuity, and compassion in detailing lives transported from India to America. In The Namesake, Lahiri enriches the themes that made her collection an international bestseller: the immigrant experience, the clash of cultures, the conflicts of assimilation, and, most poignantly, the tangled ties between generations. Here again Lahiri displays her deft touch for the perfect detail — the fleeting moment, the turn of phrase — that opens whole worlds of emotion. The Namesake takes the Ganguli family from their tradition-bound life in Calcutta through their fraught transformation into Americans. On the heels of their arranged wedding, Ashoke and Ashima Ganguli settle together in Cambridge, Massachusetts. An engineer by training, Ashoke adapts far less warily than his wife, who resists all things American and pines for her family. When their son is born, the task of naming him betrays the vexed results of bringing old ways to the new world. Named for a Russian writer by his Indian parents in memory of a catastrophe years before, Gogol Ganguli knows only that he suffers the burden of his heritage as well as his odd, antic name. Lahiri brings great empathy to Gogol as he stumbles along the first-generation path, strewn with conflicting loyalties, comic detours, and wrenching love affairs. With penetrating insight, she reveals not only the defining power of the names and expectations bestowed upon us by our parents, but also the means by which we slowly, sometimes painfully, come to define ourselves."
6262365,"Tempted (House of Night, #6)",17015,3.95,174937,3883,319,English,2009,1817,"""I can never leave you in peace. You and I are bound. We will be each other's salvation, or each other's doom."" He took a step closer, and I mirrored his movement by taking a step back. ""Which shall it be? Salvation or doom?"" Zoey Redbird, now High Priestess of the shattered House of Night, is doing her best to hold everything together while dealing with her beloved, injured grandmother, her moody boyfriend, her secretive best friend, and the aftermath of the victory over her former mentor and a terrible, beautiful dark angel. But Neferet and Kalona have only been banished, not defeated, and everyone knows they're heading straight for the Vampyre High Council, where Zoey must follow. Zoey might be a High Priestess, but she's still just a teenager. And she's the only hope the world has."
8682,Jitterbug Perfume,197,4.23,81514,4678,342,English,2001,3415,"Jitterbug Perfume is an epic, which is to say, it begins in the forests of ancient Bohemia and doesn't conclude until nine o'clock tonight [Paris time]. It is a saga, as well. A saga must have a hero, and the hero of this one is a janitor with a missing bottle. The bottle is blue, very, very old, and embossed with the image of a goat-horned god. If the liquid in the bottle is actually is the secret essence of the universe, as some folks seem to think, it had better be discovered soon because it is leaking and there is only a drop or two left."
9532,"Ender's Shadow (The Shadow Series, #1)",589,4.32,181146,6232,469,English,2002,1958,"Welcome to Battleschool. Growing up is never easy. But try living on the mean streets as a child begging for food and fighting like a dog with ruthless gangs of starving kids who wouldn't hesitate to pound your skull into pulp for a scrap of apple. If Bean has learned anything on the streets, it's how to survive. And not with fists. He is way too small for that. But with brains. Bean is a genius with a magician's ability to zero in on his enemy and exploit his weakness. What better quality for a future general to lead the Earth in a final climactic battle against a hostile alien race, known as Buggers. At Battleschool Bean meets and befriends another future commander - Ender Wiggins - perhaps his only true rival. Only one problem: for Bean and Ender, the future is now. Ender's Shadow is the book that launched The Shadow Series, and the parallel novel to Orson Scott Card's science fiction classic, Ender's Game."
18243700,"The Assassin's Blade (Throne of Glass, #0.1-0.5)",3433047,4.2,1259542,117401,448,English,2014,66549,"Contains all five novellas. Celaena Sardothien is Adarlan's most feared assassin. As part of the Assassin's Guild, her allegiance is to her master, Arobynn Hamel, yet Celaena listens to no one and trusts only her fellow killer-for-hire, Sam. In these action-packed novellas - together in one edition for the first time - Celaena embarks on five daring missions. They take her from remote islands to hostile deserts, where she fights to liberate slaves and seeks to avenge the tyrannous. But she is acting against Arobynn's orders and could suffer an unimaginable punishment for such treachery. Will Celaena ever be truly free? Explore the dark underworld of this kick-ass heroine to find out."
9822,"Mrs. Frisby and the Rats of NIMH (Rats of NIMH, #1)",6412,4.17,186654,5363,240,English,2003,1461,"Life has been hard for Mrs. Frisby ever since her husband died. When her youngest son becomes dangerously ill and needs to be moved in order to avoid the farmer's plough, she doesn't know what to do. A wise owl advises her to ask the rats for help, but Mrs. Frisby is hesitant—how could a rat help her? Then she learns a surprising truth. Not only did the rats know her husband well, but they also shared a secret with him. They were all once laboratory captives, subject to injections and tests, which made them more cunning than ordinary animals. In fact, the rats have built an underground city, full of secret passageways and great machines! They agree to help Mrs. Frisby—but when the farmer calls for exterminators to take care of his rat problem, the rats may need more help than one little mouse can give in return."
18839,Orlando,6765,3.87,118696,12202,336,English,2000,10684,"Virginia Woolf's Orlando 'The longest and most charming love letter in literature', playfully constructs the figure of Orlando as the fictional embodiment of Woolf's close friend and lover, Vita Sackville-West. Spanning three centuries, the novel opens as Orlando, a young nobleman in Elizabeth's England, awaits a visit from the Queen and traces his experience with first love as England under James I lies locked in the embrace of the Great Frost. At the midpoint of the novel, Orlando, now an ambassador in Constantinople, awakes to find that he is now a woman, and the novel indulges in farce and irony to consider the roles of women in the 18th and 19th centuries. As the novel ends in 1928, a year consonant with full suffrage for women. Orlando, now a wife and mother, stands poised at the brink of a future that holds new hope and promise for women."
6295,Howl and Other Poems,4261,4.13,120072,3567,56,English,2001,1343,"A beat movement icon and visionary poet, Allen Ginsberg broke boundaries with his fearless, pyrotechnic verse. The apocalyptic ""Howl"" became the subject of an obscenity trial when it was first published in 1956 -- its vindication was a watershed moment in twentieth-century history. Dark, ecstatic and rhapsodic, ""Howl"" shows why Ginsberg was one of the most influential poets of the twentieth century. Howl and Other Poems is a collection of Ginsberg's finest work, including ""Howl,"" one of the principal works of the Beat Generation as well as ""A Supermarket in California,"" ""Transcription of Organ Music,"" ""Sunflower Sutra,"" ""America,"" ""In the Baggage Room at Greyhound,"" and some of his earlier works."
7770,"One Fish, Two Fish, Red Fish, Blue Fish",61105,4.19,217230,3660,64,English,2003,1255,"From there to here, from here to there, funny things are everywhere. In this exploration of simple concepts such as colour, numbers and opposites, Dr Seuss presents a crazy world of boxing Goxes, singing Yinks and hump Wumps."
88077,The Magic Mountain,19405,4.13,63641,5479,706,English,1996,14268,"In this dizzyingly rich novel of ideas, Mann uses a sanatorium in the Swiss Alps, a community devoted exclusively to sickness, as a microcosm for Europe, which in the years before 1914 was already exhibiting the first symptoms of its own terminal irrationality. The Magic Mountain is a monumental work of erudition and irony, sexual tension and intellectual ferment, a book that pulses with life in the midst of death."
6440,Ivanhoe,4345,3.77,99825,3640,496,English,2000,4284,"For this novel, Scott moved far away from the setting of his own turbulent time. He went back to the late 12th century, and to England rather than the Scottish settings of all his previous novels. He connected his writing Ivanhoe with his concerns about contemporary events. Scott drew together the apparently opposing themes of historical reality and chivalric romance, social realism and high adventure, past and present."
667,Anthem,432,3.61,168713,12807,105,English,1999,5819,"Anthem is Ayn Rand's classic tale of a dystopian future of the great ""We""—a world that deprives individuals of a name or independence—that anticipates her later masterpieces, The Fountainhead and Atlas Shrugged. They existed only to serve the state. They were conceived in controlled Palaces of Mating. They died in the Home of the Useless. From cradle to grave, the crowd was one—the great WE. In all that was left of humanity, there was only one man who dared to think, seek, and love. He lived in the dark ages of the future. In a loveless world, he dared to love the woman of his choice. In an age that had lost all trace of science and civilization, he had the courage to seek and find knowledge. But these were not the crimes for which he would be hunted. He was marked for death because he had committed the unpardonable sin: He had stood forth from the mindless human herd. He was a man alone. He had rediscovered the lost and holy word—I. ""I worship individuals for their highest possibilities as individuals, and I loathe humanity, for its failure to live up to these possibilities."" —Ayn Rand"
32905484,Oswald the Almost Famous Opossum,6066772,4.33,5106,27,264,English,2016,4,"When a goose crashes onto their roof, the lives of Oswald, a fame-seeking opossum, and his best human friend, shy, ten-year-old Joey, are turned upside down. Oswald's persistent attempts at stardom alienate all his friends, human and animal, and threaten to ruin Joey’s life when his mother is wrongfully arrested for animal cruelty. Horrified into thinking about someone other than himself, Oswald enlists three raucous raccoons and a sarcastic cat to put things right."
205338104,Murder on Family Grounds (Mary Wandwalker #3),22156343,4.29,16749,37,334,English,2024,59,"Who is killing off members of the Falconer family and why? Such is the challenge confronting highly skilled, extraordinarily intuitive Mary Wandwalker when she finds herself single, sixty and jobless. Long ago as an Oxford student with an unplanned pregnancy, Mary knew the Falconers as the family who refused to help when her fiancé, David Falconer died in a car crash. Now the baby boy she gave up for adoption is a policeman, George Jones, and he wants to meet her. Can Mary bring herself to confront her past? She must, for lost in her memory is a clue that could save her son’s life. Back in 1979, Mary wrote to the Falconers and was rejected. Now forty years later, key phrases from her letter appear in the faked suicide note of Perdita Falconer. Neither Perdita nor her killer had access to Mary’s document. Too exact for coincidence, the link is the pseudonym of the drug dealer who supplied her fatal dose. He or she is known as “the Kestrel. ”When Mary was romanced by David Falconer in the 1970s, “the Kestrel” was codename for a Russian spy entertained at Falconer House. Could the resurrection of the nom de plume be connected to Viktor Solokov, the Russian oligarch renting the Falconer estate with his beautiful wife, Anna? For the Falconers have dark secrets, some centuries old. When George Jones’s wife Caroline begs Mary to save her husband from treacherous Anna, and the murderous talons of the Kestrel, Mary must act."
821611,The Story of My Life,7275,4.07,151616,3658,240,English,1990,4313,"The inspiring account of Helen Keller’s triumph over deafness and blindness, and a testament to the power of an indomitable will An American classic rediscovered by each generation and popularized by the stage play and movie The Miracle Worker, Helen Keller’s story has become a symbol of hope for people all over the world. Published when Keller was only twenty-two, The Story of My Life portrays the wild child who is locked in the dark and silent prison of her own body. With an extraordinary immediacy, Keller reveals her frustrations and rage, and takes the reader on the unforgettable journey of her education and breakthroughs into the world of communication. From the moment Keller recognizes the word “water” when her teacher, Anne Sullivan, finger-spells the letters, we share her triumph as “that living word awakened my soul, gave it light, hope, joy, set it free!” The Story of My Life remains startlingly fresh and vital more than a century after its first publication, an unparalleled chronicle of courage and determination."
18134894,"Tears of Tess (Monsters in the Dark, #1)",7151973,3.97,43794,4223,376,English,2013,4273,"“My life was complete. Happy, content, everything neat and perfect. Then it all changed. I was sold.” Tess Snow has everything she ever wanted: one more semester before a career in property development, a loving boyfriend, and a future dazzling bright with possibility. For their two year anniversary, Brax surprises Tess with a romantic trip to Mexico. Sandy beaches, delicious cocktails, and soul-connecting sex set the mood for a wonderful holiday. With a full heart, and looking forward to a passion filled week, Tess is on top of the world. But lusty paradise is shattered. Kidnapped. Drugged. Stolen. Tess is forced into a world full of darkness and terror. Captive and alone with no savior, no lover, no faith, no future, Tess evolves from terrified girl to fierce fighter. But no matter her strength, it can’t save her from the horror of being sold. Can Brax find Tess before she’s broken and ruined, or will Tess’s new owner change her life forever? A New Adult Dark Contemporary Romance, not suitable for people sensitive to grief, slavery, and nonconsensual sex. A story about finding love in the strangest of places, a will of iron that grows from necessity, and forgiveness that may not be enough."
7824322,Between Shades of Gray,3407448,4.36,282022,30157,344,English,2011,8554,"Lina is just like any other fifteen-year-old Lithuanian girl in 1941. She paints, she draws, she gets crushes on boys. Until one night when Soviet officers barge into her home, tearing her family from the comfortable life they've known. Separated from her father, forced onto a crowded and dirty train car, Lina, her mother, and her young brother slowly make their way north, crossing the Arctic Circle, to a work camp in the coldest reaches of Siberia. Here they are forced, under Stalin's orders, to dig for beets and fight for their lives under the cruelest of conditions. Lina finds solace in her art, meticulously—and at great risk—documenting events by drawing, hoping these messages will make their way to her father's prison camp to let him know they are still alive. It is a long and harrowing journey, spanning years and covering 6,500 miles, but it is through incredible strength, love, and hope that Lina ultimately survives. Between Shades of Gray is a novel that will steal your breath and capture your heart."
22020052,"It Ain't Me, Babe (Hades Hangmen, #1)",7074846,4.04,56178,5991,466,English,2014,2919,"Sinning never felt so good… A fortuitous encounter. A meeting that should never have happened. Many years ago, two children from completely different worlds forged a connection, a fateful connection, an unbreakable bond that would change their lives forever… Salome knows only one way to live—under Prophet David’s rule. In the commune she calls home, Salome knows nothing of life beyond her strict faith, nor of life beyond the Fence—the fence that cages her, keeps her trapped in an endless cycle of misery. A life she believes she is destined to always lead, until a horrific event sets her free. Fleeing the absolute safety of all she has ever known, Salome is thrust into the world outside, a frightening world full of uncertainty and sin; into the protective arms of a person she believed she would never see again. River ‘Styx’ Nash knows one thing for certain in life—he was born and bred to wear a cut. Raised in a turbulent world of sex, Harleys, and drugs, Styx, unexpectedly has the heavy burden of the Hades Hangmen gavel thrust upon him, and all at the ripe old age of twenty-six—much to his rivals’ delight. Haunted by a crushing speech impediment, Styx quickly learns to deal with his haters. Powerful fists, an iron jaw and the skillful use of his treasured German blade has earned him a fearsome reputation as a man not to be messed with in the shadowy world of outlaw MC’s. A reputation that successfully keeps most people far, far away. Styx has one rule in life—never let anyone get too close. It’s a plan that he has stuck to for years, that is, until a young woman is found injured on his lot… a woman who looks uncannily familiar, a woman who clearly does not belong in his world, yet a woman he feels reluctant to let go… The Hades Hangmen series has been taken down from Amazon and is no longer for sale."
76715522,"Kingdom of Ash (Throne of Glass, #7)",3433047,4.71,1159994,123315,984,English,2023,56453,"An alternative cover edition for this ISBN can be found here. Aelin Galathynius has vowed to save her people ― but at a tremendous cost. Locked within an iron coffin by the Queen of the Fae, Aelin must draw upon her fiery will as she endures months of torture. The knowledge that yielding to Maeve will doom those she loves keeps her from breaking, but her resolve is unraveling with each passing day… With Aelin captured, friends and allies are scattered to different fates. Some bonds will grow even deeper, while others will be severed forever. As destinies weave together at last, all must fight if Erilea is to have any hope of salvation. Years in the making, Sarah J. Maas's New York Times bestselling Throne of Glass series draws to an explosive conclusion as Aelin fights to save herself―and the promise of a better world."
35519,The Power of Myth,20105,4.26,54193,2645,320,English,1988,4893,"The Power Of Myth launched an extraordinary resurgence of interest in Joseph Campbell and his work. A preeminent scholar, writer, and teacher, he has had a profound influence on millions of people. To him, mythology was the ""song of the universe, the music of the spheres."" With Bill Moyers, one of America's most prominent journalists, as his thoughtful and engaging interviewer, The Power Of Myth touches on subjects from modern marriage to virgin births, from Jesus to John Lennon, offering a brilliant combination of intelligence and wit."
85990,"Princess Academy (Princess Academy, #1)",49177,4.04,122764,9840,314,English,2007,2270,"Miri lives on a mountain where, for generations, her ancestors have quarried stone and lived a simple life. Then word comes that the king's priests have divined her small village the home of the future princess. In a year's time, the prince himself will come and choose his bride from among the girls of the village. The king's ministers set up an academy on the mountain, and every teenage girl must attend and learn how to become a princess. Miri soon finds herself confronted with a harsh academy mistress, bitter competition among the girls, and her own conflicting desires to be chosen and win the heart of her childhood best friend. But when bandits seek out the academy to kidnap the future princess, Miri must rally the girls together and use a power unique to the mountain dwellers to save herself and her classmates."
53496,Walk Two Moons,11633,4.0,174640,8758,280,English,1996,2974,"""How about a story? Spin us a yarn."" Instantly, Phoebe Winterbottom came to mind. ""I could tell you an extensively strange story,"" I warned. ""Oh, good!"" Gram said. ""Delicious!"" And that is how I happened to tell them about Phoebe, her disappearing mother, and the lunatic. As Sal entertains her grandparents with Phoebe's outrageous story, her own story begins to unfold — the story of a thirteen-year-old girl whose only wish is to be reunited with her missing mother. In her own award-winning style, Sharon Creech intricately weaves together two tales, one funny, one bittersweet, to create a heartwarming, compelling, and utterly moving story of love, loss, and the complexity of human emotion."
232101884,The Swan Lake Murders (Mary Wandwalker #4),22156343,4.32,16615,46,319,English,2025,8,"“Find me the dirt on a sorcerer…because he’s the reason I’m not prime minister!” On the eve of a forecasted hurricane, private detective Mary Wandwalker goes to meet thoroughly dislikeable minister Robin Prince to hear his gripe about a career-ruining sorcerer. Yet the minister fails to realize the real target is his teenage daughter, the star of Swan Lake, who is dancing dangerously close to evil magic. When fifteen year old Irina disappears, Mary, two detectives, and the distraught parents follow the trail to Holywell, a center of witchcraft and healing. But murder follows them — and as the storm closes in, Holywell becomes both prison and sanctuary. With a desperate killer in their midst, Mary must confront her demons alone as those she loves become the chief suspects. It takes a séance, another death and a bolt of lightning before the story of Swan Lake can be revised. Because some fairytales are real, especially the legend of young women becoming swans."
9673436,The Invention of Hugo Cabret,38120,4.22,190528,16924,534,English,2007,2025,"Orphan, clock keeper, and thief, Hugo lives in the walls of a busy Paris train station, where his survival depends on secrets and anonymity. But when his world suddenly interlocks with an eccentric, bookish girl and a bitter old man who runs a toy booth in the station, Hugo's undercover life, and his most precious secret, are put in jeopardy. A cryptic drawing, a treasured notebook, a stolen key, a mechanical man, and a hidden message from Hugo's dead father form the backbone of this intricate, tender, and spellbinding mystery."
51901147,"The Ballad of Songbirds and Snakes (The Hunger Games, #0)",153394,3.99,1238851,140691,541,English,2020,91682,"Ambition will fuel him. Competition will drive him. But power has its price. It is the morning of the reaping that will kick off the tenth annual Hunger Games. In the Capitol, eighteen-year-old Coriolanus Snow is preparing for his one shot at glory as a mentor in the Games. The once-mighty house of Snow has fallen on hard times, its fate hanging on the slender chance that Coriolanus will be able to outcharm, outwit, and outmaneuver his fellow students to mentor the winning tribute. The odds are against him. He's been given the humiliating assignment of mentoring the female tribute from District 12, the lowest of the low. Their fates are now completely intertwined -- every choice Coriolanus makes could lead to favor or failure, triumph or ruin. Inside the arena, it will be a fight to the death. Outside the arena, Coriolanus starts to feel for his doomed tribute... and must weigh his need to follow the rules against his desire to survive no matter what it takes."
205840559,"Magical Midlife Awakening (Leveling Up, #10)",7010202,4.63,12541,744,364,English,2024,1918,"With Kingsley safe and Momar subdued for the moment, it's time for healing. Jessie and the gang take a much needed break. Or, at least, the gang does. The holidays are upon them and the ex has invited Jessie to meet his new fiancée. It's off to L.A. where Jessie will face her past and the wounds she didn't realize still lingered. Niamh, too, meets a blast from her past. This one, though, is ten times more dangerous. Re-connecting is a risk not even Tristan is sure they should take. All the while, Nessa and Sebastian are not far away, ready to unleash a surprise the crew could never expect."
7728,"Antigone (Theban Plays, #3)",1002,3.69,180314,8759,80,English,2005,1875,"The curse placed on Oedipus lingers and haunts a younger generation in this new and brilliant translation of Sophocles' classic drama. The daughter of Oedipus and Jocasta, Antigone is an unconventional heroine who pits her beliefs against the King of Thebes in a bloody test of wills that leaves few unharmed. Emotions fly as she challenges the king for the right to bury her own brother. Determined but doomed, Antigone shows her inner strength throughout the play. Antigone raises issues of law and morality that are just as relevant today as they were more than two thousand years ago. Whether this is your first reading or your twentieth, Antigone will move you as few pieces of literature can. To make this quintessential Greek drama more accessible to the modern reader, this Prestwick House Literary Touchstone Edition includes a glossary of difficult terms, a list of vocabulary words, and convenient sidebar notes. By providing these, it is our intention that readers will more fully enjoy the beauty, wisdom, and intent of the play."
58524608,"Why They Stay: Sex Scandals, Deals, and Hidden Agendas of Eight Political Wives",5251259,4.29,13507,124,199,English,2021,62,"Why do good women stay with bad men? What if political wives are just as calculating as their infamous husbands? Did Slovenian model Melania Knauss enter her marriage to Donald Trump with her eyes open about his history of philandering? At one point in their courtship she called it off. What risks and rewards did she weigh when she finally agreed to be his wife? Veteran political journalist Anne Michaud knows the hidden agendas political couples employ to gain and cling to power. Working as a reporter for The Wall Street Journal and awarded “Columnist of the Year” by the New York News Publishers Association, Anne has researched the spouses behind some of the most notorious politicians in the public eye. She discovered a surprising pattern as old as the dynastic maneuverings of England’s medieval queens. Today, women married to the “royalty” of our times – politicians – make bold decisions to keep their “thrones” and their family’s history-making potential. Why They Stay reveals the inner lives of eight political wives as they fight to maintain a grip on power and pursue personal ambition: --Melania & Donald Trump: A foreigner’s desire to live the American dream --Hillary & Bill Clinton: One masterful decision launched her political career --Jackie & John F. Kennedy: Coping in bed and all the way to the bank --Eleanor & Franklin D. Roosevelt: A lifeless marriage sparks a social champion --Marion Stein & Jeremy Thorpe: Riding out British scandal to provide for her sons --Wendy & David Vitter: Married to the Party versus married to a man --Silda Wall & Elliot Spitzer: Real-life drama spawns TV show The Good Wife --Huma Abedin & Anthony Weiner: How to win against a man and the Media These political wives aren’t powerless pawns. They are shrewder than you expect. Why They Stay pulls back the curtain to reveal why women throughout history stand by their man … for better and for worse."
90202302,"Iron Flame (The Empyrean, #2)",7539785,4.36,2736564,254544,623,English,2023,211389,"Everyone expected Violet Sorrengail to die during her first year at Basgiath War College—Violet included. But Threshing was only the first impossible test meant to weed out the weak-willed, the unworthy, and the unlucky. Now the real training begins, and Violet’s wondering how she’ll get through it. It’s not just that it’s grueling and maliciously brutal, or even that it’s designed to stretch the riders’ capacity for pain beyond endurance. It’s the new vice commandant, who’s made it his personal mission to teach Violet exactly how powerless she is—unless she betrays the man she loves. Although Violet’s body is weaker and frailer than everyone else’s, she has her wits—and a will of iron. Leadership forgets the most important lesson Basgiath taught her: Dragon riders make their own rules. But determination to survive won’t be enough this year, because Violet knows the secret hidden for centuries at Basgiath War College—and nothing, not even dragon fire, may be enough to save them in the end."
34521870,Mistress Suffragette,16857084,4.29,4558,104,320,English,2017,32,"A young woman without prospects at a ball in Gilded Age Newport, Rhode Island is a target for a certain kind of “suitor.” At the Memorial Day Ball during the Panic of 1893, impoverished but feisty Penelope Stanton draws the unwanted advances of a villainous millionaire banker who preys on distressed women—the incorrigible Edgar Daggers. Over a series of encounters, he promises Penelope the financial security she craves, but at what cost? Skilled in the art of flirtation, Edgar is not without his charms, and Penelope is attracted to him against her better judgment. Initially, as Penelope grows into her own in the burgeoning early Women’s Suffrage Movement, Edgar exerts pressure, promising to use his power and access to help her advance. But can he be trusted, or are his words part of an elaborate mind game played between him and his wife? During a glittering age where a woman’s reputation is her most valuable possession, Penelope must decide whether to compromise her principles for love, lust, and the allure of an easier life."
23444482,"The Traitor Baru Cormorant (The Masquerade, #1)",5760737,4.04,26212,4455,399,English,2015,2817,"Tomorrow, on the beach, Baru Cormorant will look up from the sand of her home and see red sails on the horizon. The Empire of Masks is coming, armed with coin and ink, doctrine and compass, soap and lies. They'll conquer Baru's island, rewrite her culture, criminalize her customs, and dispose of one of her fathers. But Baru is patient. She'll swallow her hate, prove her talent, and join the Masquerade. She will learn the secrets of empire. She'll be exactly what they need. And she'll claw her way high enough up the rungs of power to set her people free. In a final test of her loyalty, the Masquerade will send Baru to bring order to distant Aurdwynn, a snakepit of rebels, informants, and seditious dukes. Aurdwynn kills everyone who tries to rule it. To survive, Baru will need to untangle this land's intricate web of treachery - and conceal her attraction to the dangerously fascinating Duchess Tain Hu. But Baru is a savant in games of power, as ruthless in her tactics as she is fixated on her goals. In the calculus of her schemes, all ledgers must be balanced, and the price of liberation paid in full."
3478,Message in a Bottle,2345,3.98,249525,5541,342,English,1999,2551,"Shimmering with suspense and emotional intensity - takes readers on a hunt for the truth about a man and his memories, and about both the heartbreaking fragility and enormous strength of love. Nicholas Sparks is our very best chronicler of the human heart. His stunning first novel, The Notebook, has been given by friend to friend and lover to lover all over the world as a testament to the timeless power of love. But if we thought he could never again move us so deeply, he now shows us he can-in a story that renews our faith in destiny...in the ability of true lovers to find each other no matter where, no matter when... Message In A Bottle Thrown to the waves, and to fate, the bottle could have ended up anywhere. Instead, it is found just three weeks after it begins its journey. Theresa Osborne, divorced and the mother of a twelve-year-old son, picks it up during a seaside vacation from her job as a Boston newspaper columnist. Inside is a letter that opens with: My Dearest Catherine, I miss you my darling, as I always do, but today is particularly hard because the ocean has been singing to me, and the song is that of our life together... For ""Garrett,"" the man who signs the letter, the message is the only way he knows to express his undying love for a woman he has lost. For Theresa, wary of romance since her husband shattered her trust, the message raises questions that intrigue her. Who are Garrett and Catherine? Where is he now? What is his story? Challenged by the mystery, and pulled to find Garrett by emotions she does not fully understand, Theresa begins a search that takes her to a sunlit coastal town and an unexpected confrontation. Brought together by chance-or something more powerful-Theresa and Garrett are people whose lives are about to touch for a purpose, in a tale that resonates with our deepest hopes for finding that special someone and everlasting love. Shimmering with suspense and emotional intensity, Message in a Bottle takes readers on a hunt for the truth about a man and his memories, and about both the heartbreaking fragility and enormous strength of love. For those who cherished The Notebook and readers waiting to discover the magic of Nicholas Sparks's storytelling, here is his new, achingly lovely novel of happenstance, desire, and the choices that matter most..."
2052,"The Big Sleep (Philip Marlowe, #1)",1377,3.94,170884,9368,231,English,1988,6823,"When a dying millionaire hires Philip Marlowe to handle the blackmailer of one of his two troublesome daughters, Marlowe finds himself involved with more than extortion. Kidnapping, pornography, seduction, and murder are just a few of the complications he gets caught up in. Librarian's note: this is an alternate cover edition."
140082,"Club Dead (Sookie Stackhouse, #3)",17061,4.02,245935,6475,274,English,2006,2081,"Things between cocktail waitress Sookie and her vampire boyfriend Bill seem to be going excellently (apart from the small matter of him being undead) until he leaves town for a while. A long while. Bill's sinister boss Eric has an idea of where to find him, whisking her off to Jackson, Mississippi to mingle with the under-underworld at Club Dead. When she finally catches up with the errant vampire, he is in big trouble and caught in an act of serious betrayal. This raises serious doubts as to whether she should save him or start sharpening a few stakes of her own .."
44652,"Fablehaven (Fablehaven, #1)",25052,4.14,179726,13693,351,English,2006,4455,"Return to Brandon Mull’s magical world of Fablehaven, now brimming with stunning illustrations by award-winning artist Brandon Dorman. Celebrate twenty years of Fablehaven in this gorgeous anniversary edition with all-new artwork that accompanies the original text. More than 100 color illustrations will open your eyes to a secret wildlife preserve for jealous fairies, mischievous satyrs, plotting witches, spiteful imps, and dozens of other mythical and magical creatures, including a giant milch cow! Follow Kendra and her brother, Seth, who have no idea their grandfather is the current caretaker of Fablehaven, as they face the greatest challenge of their lives to protect the sanctuary and save their family. Race with Seth through dangerous woods, dodging projectiles hurled by dark denizens of the forest. See the Fablehaven yard turn from a monochromatic garden with bees and butterflies to a brilliant, full-color oasis of colorful flowers and fairies. Watch Hugo the golem chuck pumpkins from one side of the page to the other. And witness Kendra fly with warrior fairies in a dramatic battle painting you’ll want to have framed on your wall. Experience the fun and adventure of drinking the milk for the first time with this oversized, deluxe-format edition, perfect to introduce the story to a child or thrill a dedicated fan."
248704,It's Kind of a Funny Story,11672,4.07,263292,14509,444,English,2007,7684,"Ambitious New York City teenager Craig Gilner is determined to succeed at life - which means getting into the right high school to get into the right job. But once Craig aces his way into Manhattan's Executive Pre-Professional High School, the pressure becomes unbearable. He stops eating and sleeping until, one night, he nearly kills himself. Craig's suicidal episode gets him checked into a mental hospital, where his new neighbors include a transsexual sex addict, a girl who has scarred her own face with scissors, and the self-elected President Armelio. There, Craig is finally able to confront the sources of his anxiety. Ned Vizzini, who himself spent time in a psychiatric hospital, has created a remarkably moving tale about the sometimes unexpected road to happiness."
110494,"Living Dead in Dallas (Sookie Stackhouse, #2)",17061,3.96,264049,8132,291,English,2004,2904,"Cocktail waitress Sookie Stackhouse is having a streak of bad luck. First her co-worker is killed, and no one seems to care. Then she comes face to-face with a beastly creature that gives her a painful and poisonous lashing. Enter the vampires, who graciously suck the poison from her veins (like they didn't enjoy it). The point is: they saved her life. So when one of the bloodsuckers asks for a favor, she obliges - and soon Sookie's in Dallas, using her telepathic skills to search for a missing vampire. She's supposed to interview certain humans involved, but she makes one condition: the vampires must promise to behave and let the humans go unharmed. But that's easier said than done, and all it takes is one delicious blonde and one small mistake for things to turn deadly...."
111332,"Into the Wild (Warriors, #1)",27498,4.32,123955,11111,288,English,2004,11547,"For generations, four Clans of wild cats have shared the forest according to the laws laid down by their warrior ancestors. But the ThunderClan cats are in grave danger, and the sinister ShadowClan grows stronger every day. Noble warriors are dying—and some deaths are more mysterious than others. In the midst of this turmoil appears an ordinary house cat named Rusty . . . who may turn out to be the bravest warrior of them all."
50798,Jude the Obscure,15905,3.84,76763,4957,310,English,2006,2888,"Jude Fawley's hopes of a university education are lost when he is trapped into marrying the earthy Arabella, who later abandons him. Moving to the town of Christminster where he finds work as a stonemason, Jude meets and falls in love with his cousin Sue Bridehead, a sensitive, freethinking 'New Woman'."
3805,The Corrections,2578,3.85,200718,13182,653,English,2002,9312,"""The Corrections"" is a grandly entertaining novel for the new century - a comic, tragic masterpiece about a family breaking down in an age of easy fixes. After almost fifty years as a wife and mother, Enid Lambert is ready to have some fun. Unfortunately, her husband, Alfred, is losing his sanity to Parkinson's disease, and their children have long since flown the family nest to the catastrophes of their own lives. The oldest, Gary, a once-stable portfolio manager and family man, is trying to convince his wife and himself, despite clear signs to the contrary, that he is not clinically depressed. The middle child, Chip, has lost his seemingly secure academic job and is failing spectacularly at his new line of work. And Denise, the youngest, has escaped a disastrous marriage only to pour her youth and beauty down the drain of an affair with a married man - or so her mother fears. Desperate for some pleasure to look forward to, Enid has set her heart on an elusive goal: bringing her family together for one last Christmas at home. Stretching from the Midwest at midcentury to the Wall Street and Eastern Europe of today, ""The Corrections"" brings an old-fashioned world of civic virtue and sexual inhibitions into violent collision with the era of home surveillance, hands-off parenting, do-it-yourself mental healthcare, and globalised greed. Richly realistic, darkly hilarious, deeply humane, it confirms Jonathan Franzen as one of our most brilliant interpreters of American society and the American soul."
22107214,"Souls Unfractured (Hades Hangmen, #3)",7074846,4.41,28252,3112,371,English,2015,1048,"""For fractured souls are like magnets. Drawn to collide into an impossible bliss…"" Labeled a ‘Cursed’ woman of Eve from birth, Maddie has endured nothing but pain and repression at the hands of The Order’s most abusive elder, Moses. Now living with her sister in The Hangmen’s secluded compound, finally, Maddie, is free. Free from the suffocating faith she no longer believes in. Free from endless years of physical and mental torment. Just… free… At age twenty-one, the timid and shy Maddie is content to live within the confines of her new home—safe from the outside world, safe from harm and, strangely, protected by the Hangmen’s most volatile member; the heavily pierced and tattooed, Flame. Flame. The man who ceaselessly watches over her with his midnight dark and searing eyes. The man who protects her with a breath-taking intensity. And the man who stirs something deep within her numbed heart. But when circumstances conspire for Flame to need HER help, Maddie bravely risks it all for the broken man who has captivated her fragile soul. The Hangmen’s most infamous member, Flame, is ruled by one thing—anger. Plagued by haunting demons from his past, an all-consuming rage, and isolated by an abhorrent hatred of being touched, Flame's days are filled with suffocating darkness, pierced only by a single ray of light—Maddie. The shy, beautiful woman he cannot purge from his thoughts. The woman he has an overwhelming need to possess… ... the only person who has ever been able to touch him. Flame’s mission in life is to protect Maddie, to keep her safe. Until a trigger from his troubled past sends him spiraling into madness, trapping him in the deepest recesses of his disturbed mind. His Hangmen brothers fear that Flame is beyond saving. His only hope of salvation: Maddie and her healing light. Dark Contemporary Romance. Contains explicit sexual situations, violence, disturbingly sensitive and taboo subjects, offensive language, and very mature topics. Recommended for age 18 years and over. The Hades Hangmen series has been taken down from Amazon and is no longer for sale."
37095,The Shell Seekers,20849,4.2,122979,5735,544,English,2004,6454,"Artist's daughter Penelope Keeling can look back on a full and varied life: a Bohemian childhood in London and Cornwall, an unhappy wartime marriage, and the one man she truly loved. She has brought up three children - and learned to accept them as they are. Yet she is far too energetic and independent to settle sweetly into pensioned-off old-age. And when she discovers that her most treasured possession, her father's painting, The Shell Seekers, is now worth a small fortune, it is Penelope who must make the decisions that will determine whether her family can continue to survive as a family, or be split apart."
13206900,"Winter (The Lunar Chronicles, #4)",4684322,4.41,315243,34931,827,English,2015,8882,"Princess Winter is admired for her grace, kindness and beauty, despite the scars on her face. She's said to be even more breath-taking than her stepmother, Queen Levana... When Winter develops feelings for the handsome palace guard, Jacin, she fears the evil Queen will crush their romance before it has a chance to begin. But there are stirrings against the Queen across the land. Together with the cyborg mechanic, Cinder, and her allies, Winter might even find the power to launch a revolution and win a war that's been raging for far too long. Can Cinder, Scarlet, Cress, and Winter claim their happily ever afters by defeating Levana once and for all?"
27266,"Glass Houses (The Morganville Vampires, #1)",15292,3.92,103823,5484,239,English,2006,1434,"From the author of the popular Weather Warden series comes the debut of an exciting new series set in Morganville, Texas, where you would be well advised to avoid being out after dark. College freshman Claire Danvers has had enough of her nightmarish dorm situation. When Claire heads off-campus, the imposing old house where she finds a room may not be much better. Her new roommates don't show many signs of life, but they'll have Claire's back when the town's deepest secrets come crawling out, hungry for fresh blood. Will she be able to face the town's terror or will she drown like everyone else?"
10374,Hard-Boiled Wonderland and the End of the World,3354,4.11,155019,10512,400,English,2003,8522,"'A narrative particle accelerator that zooms between Wild Turkey Whiskey and Bob Dylan, unicorn skulls and voracious librarians, John Coltrane and Lord Jim. Science fiction, detective story and post-modern manifesto all rolled into one rip-roaring novel, Hard-Boiled Wonderland and the End of the World is the tour de force that expanded Haruki Murakami's international following. Tracking one man's descent into the Kafkaesque underworld of contemporary Tokyo, Murakami unites East and West, tragedy and farce, compassion and detachment, slang and philosophy.'"
68429,"The Well of Ascension (Mistborn, #2)",38550,4.38,688828,49925,590,English,2007,34373,"""Description contains spoilers for previous book in the series"" The impossible has been accomplished. The Lord Ruler—the man who claimed to be god incarnate and brutally ruled the world for a thousand years—has been vanquished. But Kelsier, the hero who masterminded that triumph, is dead too, and now the awesome task of building a new world has been left to his young protégé, Vin, the former street urchin who is now the most powerful Mistborn in the land, and to the idealistic young nobleman she loves. As Kelsier's protégé and slayer of the Lord Ruler she is now venerated by a budding new religion, a distinction that makes her intensely uncomfortable. Even more worrying, the mists have begun behaving strangely since the Lord Ruler died, and seem to harbor a strange vaporous entity that haunts her. Stopping assassins may keep Vin's Mistborn skills sharp, but it's the least of her problems. Luthadel, the largest city of the former empire, doesn't run itself, and Vin and the other members of Kelsier's crew, who lead the revolution, must learn a whole new set of practical and political skills to help. It certainly won't get easier with three armies - one of them composed of ferocious giants - now vying to conquer the city, and no sign of the Lord Ruler's hidden cache of atium, the rarest and most powerful allomantic metal. As the siege of Luthadel tightens, an ancient legend seems to offer a glimmer of hope. But even if it really exists, no one knows where to find the Well of Ascension or what manner of power it bestows."
50919253,The Arnolfini Art Mysteries,2953073,4.39,2319,53,213,English,2019,23,"Follow the charismatic and clever private eye Armand Arnolfini as he investigates a variety of suspenseful art crimes and confronts a dazzling array of thieves, forgers and even ruthless murderers. Each short story is a stand-alone episode, yet are arranged chronologically, thereby creating a harmonious and sweeping narrative from Armand’s first riveting case to his last. The Phantom Forger, The Russian Link, The Mark Twain Mystery, The P.T. Barnum Mystery, The Yoko, Oh No! Mystery and the Ghent Mystery."
292408,Angle of Repose,157779,4.24,62576,5726,569,English,1992,2857,Leather-bound limited edition.
41684,The Jungle Books,6989,4.01,89335,1464,368,English,2005,1259,"The Jungle Books can be regarded as classic stories told by an adult to children. But they also constitute a complex literary work of art in which the whole of Kipling's philosophy of life is expressed in miniature. They are best known for the 'Mowgli' stories; the tale of a baby abandoned and brought up by wolves, educated in the ways and secrets of the jungle by Kaa the python, Baloo the bear, and Bagheera the black panther. The stories, a mixture of fantasy, myth, and magic, are underpinned by Kipling's abiding preoccupation with the theme of self-discovery, and the nature of the 'Law'."
197891975,I'm Glad You're Dead: Preternatural Chronicles Book 1,18948101,4.11,4505,316,224,English,2023,3756,"My name is John Cook, and my life began the day my heart stopped beating. You meet the most interesting men in Medieval prisons. This one time, I met a guy who offered me immortality for the low, low price of changing my diet. I didn’t read the fine print. Because he wasn’t talking about a gluten free diet. More like hemoglobin full. And now I’m a friggin’ vampire with five centuries of pop culture references. Granted, at the time, I was listening to the dying screams of my mother and father being burned and eviscerated alive just outside the rusty bars of the prison cell, and my new best friend was offering me my only real chance at saving my own life and avenging my parents’ murderers—some day. Except my first chance at vengeance took about five hundred years, and I had to wade through oceans of sin and violence, blackening my soul—and my already dark sense of humor—beyond redemption until I met Father Thomes—a Roman Catholic Priest—in present-day Houston. Papa Thomes taught me how to use my dark curse to fight for the good guys. Like Alfred and Robin did for Batman—except we straight up murder Jokers and Two-Faces. Biteman and Pope’n. We stand up for the downtrodden, the forgotten, and the neglected… By exsanguinating the wicked in horrific, truly imaginative ways, and having a grand ol’ time doing it. You know what they say about doing what you love… But our party is soon cut short when we learn the End of Days is just around the corner, and that the fine print of my contract might have hidden a few other tidbits. Like the fact that I was central to kicking off the Apocalypse, and that the Archdemons will stop at nothing to make sure The Dude Abides by the terms of his contract. I guess I need a lawyer. Get ready to laugh at extreme violence. I know I will. If you’re not laughing, you’re learning. If you like Jim Butcher, Shayne Silvers, Cameron O’Connell, Kevin Hearne, Steve McHugh, Ilona Andrews, Patricia Briggs, Shannon Mayer, or K.F. Breene, you won't be able to put down the highly addictive Preternatural Chronicles. “Hunter Blain is my spirit animal.” — Shayne Silvers, Amazon Top 25 Bestselling Author Available in digital, print, and audiobook formats. What Amazon readers are ★★★★★ ‘Let me count the ways I blood thee…’ ★★★★★ ‘Move over Dresden!’ ★★★★★ ‘The Preternatural Chronicles MUST come to Netflix. Now.’ ★★★★★ ‘John Cook puts the G.O.A.T. in gloat.’ ★★★★★ ‘Shayne Silvers has found the next author to take over Urban Fantasy.’ ★★★★★ ‘I need John Cook to have a story with Nate Temple. Please.’ ★★★★★ ‘John Cook loves vegans. Especially when they are served raw.’ ★★★★★ ‘The only thing that sparkles about this vampire is his fangs in the moonlight.’ ★★★★★ ‘All the twisted humor of Pulp Fiction, but with a vampire. It’s more like Gulp Fiction."
67998095,A Winter Grave,4605488,4.05,9806,695,368,English,2023,1098,"It is the year 2051. Warnings of climate catastrophe have been ignored, and vast areas of the planet are under water, or uninhabitably hot. A quarter of the world's population has been displaced by hunger and flooding, and immigration wars are breaking out around the globe as refugees pour into neighboring countries. By contrast, melting ice sheets have brought the Gulf Stream to a halt and northern latitudes, including Scotland, are being hit by snow and ice storms. It is against this backdrop that Addie, a young meteorologist checking a mountain top weather station, discovers the body of a man entombed in ice. The dead man is investigative reporter, George Younger, missing for three months after vanishing during what he claimed was a hill-walking holiday. But Younger was no hill walker, and his discovery on a mountain-top near the Highland village of Kinlochleven, is inexplicable. Cameron Brodie, a veteran Glasgow detective, volunteers to be flown north to investigate Younger's death, but he has more than a murder enquiry on his agenda. He has just been given a devastating medical prognosis by his doctor and knows the time has come to face his estranged daughter who has made her home in the remote Highland village. Arriving during an ice storm, Brodie and pathologist Dr. Sita Roy, find themselves the sole guests at the inappropriately named International Hotel, where Younger's body has been kept refrigerated in a cake cabinet. But evidence uncovered during his autopsy places the lives of both Brodie and Roy in extreme jeopardy. As another storm closes off communications and the possibility of escape, Brodie must face up not only to the ghosts of his past, but to a killer determined to bury forever the chilling secret that George Younger's investigations had threatened to expose."
16081272,"The Edge of Never (The Edge of Never, #1)",5437976,4.21,150244,11501,426,English,2012,2364,"Twenty-year-old Camryn Bennett had always been one to think out-of-the-box, who knew she wanted something more in life than following the same repetitive patterns and growing old with the same repetitive life story. And she thought that her life was going in the right direction until everything fell apart. Determined not to dwell on the negative and push forward, Camryn is set to move in with her best friend and plans to start a new job. But after an unexpected night at the hottest club in downtown North Carolina, she makes the ultimate decision to leave the only life she’s ever known, far behind. With a purse, a cell phone and a small bag with a few necessities, Camryn, with absolutely no direction or purpose boards a Greyhound bus alone and sets out to find herself. What she finds is a guy named Andrew Parrish, someone not so very different from her and who harbors his own dark secrets. But Camryn swore never to let down her walls again. And she vowed never to fall in love. But with Andrew, Camryn finds herself doing a lot of things she never thought she’d do. He shows her what it’s really like to live out-of-the-box and to give in to her deepest, darkest desires. On their sporadic road-trip he becomes the center of her exciting and daring new life, pulling love and lust and emotion out of her in ways she never imagined possible. But will Andrew’s dark secret push them inseparably together, or tear them completely apart? Due to sexual content and language, this book is recommended for 17+ – Adult Contemporary Women’s – New Adult Fiction"
214331246,"Sunrise on the Reaping (The Hunger Games, #0.5)",153394,4.5,1178677,199275,387,English,2025,74356,"When you've been set up to lose everything you love, what is there left to fight for? As the day dawns on the fiftieth annual Hunger Games, fear grips the districts of Panem. This year, in honor of the Quarter Quell, twice as many tributes will be taken from their homes. Back in District 12, Haymitch Abernathy is trying not to think too hard about his chances. All he cares about is making it through the day and being with the girl he loves. When Haymitch's name is called, he can feel all his dreams break. He's torn from his family and his love, shuttled to the Capitol with the three other District 12 tributes: a young friend who's nearly a sister to him, a compulsive oddsmaker, and the most stuck-up girl in town. As the Games begin, Haymitch understands he's been set up to fail. But there's something in him that wants to fight . . . and have that fight reverberate far beyond the deadly arena."
2153405,Still Alice,978484,4.32,363450,32220,292,English,2007,6229,"Still Alice is a compelling debut novel about a 50-year-old woman's sudden descent into early onset Alzheimer's disease, written by first-time author Lisa Genova, who holds a Ph. D in neuroscience from Harvard University. Alice Howland, happily married with three grown children and a house on the Cape, is a celebrated Harvard professor at the height of her career when she notices a forgetfulness creeping into her life. As confusion starts to cloud her thinking and her memory begins to fail her, she receives a devastating diagnosis: early onset Alzheimer's disease. Fiercely independent, Alice struggles to maintain her lifestyle and live in the moment, even as her sense of self is being stripped away. In turns heartbreaking, inspiring and terrifying, Still Alice captures in remarkable detail what it's like to literally lose your mind..."
58763686,"Haunting Adeline (Cat and Mouse, #1)",18239774,3.94,924819,98925,629,English,2021,137060,"The Manipulator I can manipulate the emotions of anyone who lets me. I will make you hurt, make you cry, make you laugh and sigh. But my words don't affect him. Especially not when I plead for him to leave. He's always there, watching and waiting. And I can never look away. Not when I want him to come closer. The Shadow I didn't mean to fall in love. But now that I have, I can't stay away. I'm mesmerized by her smile, by her eyes, and the way she moves. The way she undresses... I'll keep watching and waiting. Until I can make her mine. And once she is, I'll never let her go. Not even when she begs me to."
60215314,"The High Auction (Wisdom Revolution, #1)",15178124,4.68,15572,2086,180,English,2022,9781,"In the near future, a machinist, a monk, and a mesmerizer are looking for the Source of the universe, but among the ancient scriptures, they only find the devil … Few humans in the future find the secrets of what words and sounds can do, for the Apocalypse and war led them to evolve in mind and physique. Two of them end World War III with just a speech. Some say they did a mass-hypnosis. Others say it was their voice and will. Fifty years later in South-Asia, KUSHA, a twenty-three-year-old machine-geek with social awkwardness and amnesia, tries to get the Devil’s Book with secrets of voice. In a society that worships the evolved High-Grades with voice, how you speak and which words you talk with is important. As someone who finds all solutions in books, Kusha thinks the secrets in the three-foot-long, ancient book will teach her to speak mesmerizingly. She believes it will help her evolve. So, she decides to attend the auction where the book will be sold. But there's a problem. Her idol of voice and everyone's beloved war heroes, YUAN and RUEM, are also after it for power."
49750,An Abundance of Katherines,1406384,3.5,552600,29442,229,English,2006,13730,"Katherine V thought boys were gross Katherine X just wanted to be friends Katherine XVIII dumped him in an e-mail K-19 broke his heart When it comes to relationships, Colin Singleton's type happens to be girls named Katherine. And when it comes to girls named Katherine, Colin is always getting dumped. Nineteen times, to be exact. On a road trip miles from home, this anagram-happy, washed-up child prodigy has ten thousand dollars in his pocket, a bloodthirsty feral hog on his trail, and an overweight, Judge Judy-loving best friend riding shotgun--but no Katherines. Colin is on a mission to prove The Theorem of Underlying Katherine Predictability, which he hopes will predict the future of any relationship, avenge Dumpees everywhere, and finally win him the girl. Love, friendship, and a dead Austro-Hungarian archduke add up to surprising and heart-changing conclusions in this ingeniously layered comic novel about reinventing oneself."
19057,I Am the Messenger,11466,4.02,171148,17098,357,English,2006,4480,"protect the diamonds survive the clubs dig deep through the spades feel the hearts Ed Kennedy is an underage cabdriver without much of a future. He's pathetic at playing cards, hopelessly in love with his best friend, Audrey, and utterly devoted to his coffee-drinking dog, the Doorman. His life is one of peaceful routine and incompetence until he inadvertently stops a bank robbery. That's when the first ace arrives in the mail. That's when Ed becomes the messenger. Chosen to care, he makes his way through town helping and hurting (when necessary) until only one question remains: Who's behind Ed's mission?"
60215458,"The Oldest Dance (Wisdom Revolution, #2)",15178124,4.7,12617,1945,252,English,2022,7598,"As one of the war heroes searches the oldest language in the ancient art of dance, he might discover the Intuitionist's power of finding answers to any questions. Missing memories might pile up if you encounter the Mesmerizer who stopped World War III with a four-minute speech, especially if he asks you to forget. Even if it’s the one and only purpose you have, you will forget it. For he has the voice. Kusha forgot what she found on the night of the High Auction. But the laws of the universe are painfully fair sometimes. Purpose always calls you, either through your dreams, or daydreams, even in nightmares … perhaps, through intuition? So the Intuitionist, Kusha, runs through the questions the universe throws at her. Each question leads her to her purpose. Her life as an unevolved, Ungraded citizen seems rich compared to those of her friends outside the walls who aren't even citizens. She wants to help her friends, but her questions, her past, her missing memories lead her to myths she never should tangle with. Most importantly, she never should encounter the war heroes who seek the Source among the devil’s scriptures and an old form of dance. Not when the dance calls her in dreams after what happened on the night of the auction. Welcome to Episode 2 of Wisdom Revolution."
34640476,Socialism Is Dead! Long Live Socialism!: The Marx Code—Socialism with a Human Face: A New World Order,6899673,4.29,16657,26,242,English,2017,9,"This work is divided into two autonomous books. The first book, The State, represents a radically new political system of society, one which is the most democratic system ever possible! This is a completely new society, a real civil society, which otherwise in the capitalist system is only a utopia. In this book, I scrutinize the principles of scientific socialism; i.e., all those principles of Marxism concerning the state that build socialism as a political system. The second book, The Economic Theory of Socialism, is a sequel, and as far as I know, the only sequel of the greatest work by Karl Marx – Capital. The economics of socialism makes Marx’s socialism already completely possible. In this book, I scrutinize the economic laws that build socialism as a more effective economic system than capitalism. These laws are extracted from Marx’s main work – Capital. From 1917 to 1991, the totalitarian system in USSR and East Europe was called socialism, and even by the scientific nonsense and absurd names of communism and communist system. In this system, the official ideology was allegedly Marxism, but really it could not endure any Marxist criticism. There was never any socialism anywhere! In the twentieth century, we passed through a system of utopian socialism as proof that this was not socialism that was not possible, but for the utopia of writers before and after Marx. We were visited by a utopian socialism, which at the contemporary stage is simply capitalism – state, monopolistic. There is no better application of Keynes’s doctrine than the “socialism” of the twentieth century. His “planned capitalism” is actually “planned socialism.” About the Todor Bombov lives in Varna, Bulgaria, the town called the Pearl of Black Sea."
34484,"Small Gods (Discworld, #13)",1654,4.32,135356,5849,389,English,2005,3966,"In the beginning was the Word. And the Word was: ""Hey, you!"" For Brutha the novice is the Chosen One. He wants peace and justice and brotherly love. He also wants the Inquisition to stop torturing him now, please..."
42898,"Lover Revealed (Black Dagger Brotherhood, #4)",20248,4.28,145199,5629,482,English,2007,2691,"Butch O'Neal is a fighter by nature. A hard-living ex-homicide cop, he's the only human ever to be allowed in the inner circle of the Black Dagger Brotherhood. And he wants to go even deeper into the vampire world—to engage in the turf war with the lessers. He's got nothing to lose. His heart belongs to a female vampire, an aristocratic beauty who's way out of his league. If he can't have Marissa, then at least he can fight side by side with the Brothers... Fate curses him with the very thing he wants. When Butch sacrifices himself to save a civilian vampire from the slayers, he falls prey to the darkest force in the war. Left for dead, he's found by a miracle, and the Brotherhood calls on Marissa to bring him back. But even her love may not be enough to save him..."
194746,No Longer Human,113561,3.93,269067,34565,176,English,,24953,"Osamu Dazai's No Longer Human, this leading postwar Japanese writer's second novel, tells the poignant and fascinating story of a young man who is caught between the breakup of the traditions of a northern Japanese aristocratic family and the impact of Western ideas. In consequence, he feels himself ""disqualified from being human"" (a literal translation of the Japanese title). Donald Keene, who translated this and Dazai's first novel, The Setting Sun, has said of the author's work: ""His world … suggests Chekhov or possibly postwar France, … but there is a Japanese sensibility in the choice and presentation of the material. A Dazai novel is at once immediately intelligible in Western terms and quite unlike any Western book."" His writing is in some ways reminiscent of Rimbaud, while he himself has often been called a forerunner of Yukio Mishima. Cover painting by Noe Nojechowiz, from the collection of John and Barbara Duncan; design by Gertrude Huston"
60353768,The Marriage Portrait,91236,4.01,209820,21057,355,English,2022,15552,"An alternative cover edition for this ISBN can be found here. The author of award-winning Hamnet brings the world of Renaissance Italy to jewel-bright life in this unforgettable fictional portrait of the captivating young duchess Lucrezia de’ Medici as she makes her way in a troubled court. Florence, the 1550s. Lucrezia, third daughter of the grand duke, is comfortable with her obscure place in the palazzo: free to wonder at its treasures, observe its clandestine workings, and devote herself to her own artistic pursuits. But when her older sister dies on the eve of her wedding to the ruler of Ferrara, Modena and Reggio, Lucrezia is thrust unwittingly into the limelight: the duke is quick to request her hand in marriage, and her father just as quick to accept on her behalf. Having barely left girlhood behind, Lucrezia must now enter an unfamiliar court whose customs are opaque and where her arrival is not universally welcomed. Perhaps most mystifying of all is her new husband himself, Alfonso. Is he the playful sophisticate he appeared to be before their wedding, the aesthete happiest in the company of artists and musicians, or the ruthless politician before whom even his formidable sisters seem to tremble? As Lucrezia sits in constricting finery for a painting intended to preserve her image for centuries to come, one thing becomes worryingly clear. In the court’s eyes, she has one duty: to provide the heir who will shore up the future of the Ferranese dynasty. Until then, for all of her rank and nobility, the new duchess’s future hangs entirely in the balance. Full of the beauty and emotion with which she illuminated the Shakespearean canvas of Hamnet, Maggie O’Farrell turns her talents to Renaissance Italy in an extraordinary portrait of a resilient young woman’s battle for her very survival."
9014,The Long Walk,5858,4.0,293363,26158,370,English,1999,13373,"Against the wishes of his mother, sixteen-year-old Ray Garraty is about to compete in the annual grueling match of stamina and wits known as The Long Walk. One hundred boys must keep a steady pace of four miles per hour without ever stopping... with the winner being awarded ""The Prize""—anything he wants for the rest of his life. But, as part of this national tournament that sweeps through a dystopian America year after year, there are some harsh rules that Garraty and ninety-nine others must adhere to in order to beat out the rest. There is no finish line—the winner is the last man standing. Contestants cannot receive any outside aid whatsoever. Slow down under the speed limit and you're given a warning. Three warnings and you're out of the game—permanently..."
816,Cryptonomicon,545,4.23,117657,6419,1152,English,2002,9447,"Cryptonomicon zooms all over the world, careening conspiratorially back and forth between two time periods—World War II and the present. Our 1940s heroes are the brilliant mathematician Lawrence Waterhouse, crypt analyst extraordinaire, and gung-ho, morphine-addicted marine Bobby Shaftoe. They're part of Detachment 2702, an Allied group trying to break Axis communication codes while simultaneously preventing the enemy from figuring out that their codes have been broken. Their job boils down to layer upon layer of deception. Dr. Alan Turing is also a member of 2702, and he explains the unit's strange workings to Waterhouse. ""When we want to sink a convoy, we send out an observation plane first... Of course, to observe is not its real duty—we already know exactly where the convoy is. Its real duty is to be observed... Then, when we come round and sink them, the Germans will not find it suspicious."" All of this secrecy resonates in the present-day story line, in which the grandchildren of the WWII heroes—inimitable programming geek Randy Waterhouse and the lovely and powerful Amy Shaftoe—team up to help create an offshore data haven in Southeast Asia and maybe uncover some gold once destined for Nazi coffers. To top off the paranoiac tone of the book, the mysterious Enoch Root, key member of Detachment 2702 and the Societas Eruditorum, pops up with an unbreakable encryption scheme left over from WWII to befuddle the 1990s protagonists with conspiratorial ties."
18584855,Heartless,4684322,4.08,267839,44735,453,English,2016,18907,"Long before she was the terror of Wonderland—the infamous Queen of Hearts—she was just a girl who wanted to fall in love. Catherine may be one of the most desired girls in Wonderland, and a favorite of the unmarried King of Hearts, but her interests lie elsewhere. A talented baker, all she wants is to open a shop with her best friend. But according to her mother, such a goal is unthinkable for the young woman who could be the next queen. Then Cath meets Jest, the handsome and mysterious court joker. For the first time, she feels the pull of true attraction. At the risk of offending the king and infuriating her parents, she and Jest enter into an intense, secret courtship. Cath is determined to define her own destiny and fall in love on her terms. But in a land thriving with magic, madness, and monsters, fate has other plans. In her first stand-alone teen novel, the New York Times-bestselling author dazzles us with a prequel to Alice's Adventures in Wonderland."
75523433,"The Girl in the Eagle's Talons (Millennium, #7)",8508024,3.42,20512,2143,368,English,2023,2973,"Lisbeth Salander returns, in a trailblazing new installment to the best-selling Millennium series. Change is coming to Sweden’s far north: its untapped natural resources are sparking a gold rush with the criminal underworld leading the charge. But it’s not the prospect of riches that brings Lisbeth Salander to the small town of Gasskas. She has been named guardian to her niece Svala, whose mother has disappeared. Two things soon become clear: Svala is a remarkably gifted teenager—and she’s being watched. Mikael Blomkvist is also heading north. He has seen better days. Millennium magazine is in its final print issue, and relations with his daughter are strained. Worse still, there are troubling rumors surrounding the man she’s about to marry. When the truth behind the whispers explodes into violence, Salander emerges as Blomkvist’s last hope. A pulse-pounding thriller, The Girl in the Eagle’s Talons sees Salander and Blomkvist navigating a world of conspiracy and betrayal, old enemies and new friends, ice-bound wilderness and the global corporations that threaten to tear it apart."
152380,"Mary Poppins (Mary Poppins, #1)",6872556,4.0,141894,7689,209,English,2006,5107,"A blast of wind, a house-rattling bang, and Mary Poppins arrives at Number Seventeen Cherry-Tree Lane. Quicker then she can close her umbrella, she takes charge of the Banks children - Jane, Michael, and the twins - and changes their lives forever. Unlike other nannies, Mary Poppins makes the most ordinary events extraordinary. She slides up banisters, pulls all manner of wonders out of her empty carpetbag, and banishes fear or sadness with a no-nonsense ""Spit-spot."" Who else can lead the children on one magical adventure after another and still gently tuck them in at the end of the day? No one other than the beloved nanny Mary Poppins."
36072,The 7 Habits of Highly Effective People: Powerful Lessons in Personal Change,1538,4.16,832215,16933,372,English,2004,156943,"In The 7 Habits of Highly Effective People, author Stephen R. Covey presents a holistic, integrated, principle-centered approach for solving personal and professional problems. With penetrating insights and pointed anecdotes, Covey reveals a step-by-step pathway for living with fairness, integrity, service, and human dignity--principles that give us the security to adapt to change and the wisdom and power to take advantage of the opportunities that change creates."
13872,Geek Love,8622,3.95,73985,8161,348,English,2002,3901,"Geek Love is the story of the Binewskis, a carny family whose mater- and paterfamilias set out ― with the help of amphetamine, arsenic, and radioisotopes ― to breed their own exhibit of human oddities. There's Arturo the Aquaboy, who has flippers for limbs and a megalomaniac ambition worthy of Genghis Khan . . . Iphy and Elly, the lissome Siamese twins . . . albino hunchback Oly, and the outwardly normal Chick, whose mysterious gifts make him the family's most precious ― and dangerous ― asset. As the Binewskis take their act across the backwaters of the U.S., inspiring fanatical devotion and murderous revulsion; as its members conduct their own Machiavellian version of sibling rivalry, Geek Love throws its sulfurous light on our notions of the freakish and the normal, the beautiful and the ugly, the holy and the obscene. Family values will never be the same."
386372,"Mort (Discworld, #4; Death, #1)",1654,4.24,276155,10712,243,English,2001,7222,"Death comes to us all. When he came to Mort, he offered him a job. Death is the Grim Reaper of the Discworld, a black-robed skeleton with a scythe who ushers souls into the next world. He is also fond of cats and endlessly baffled by humanity. Soon Death is yearning to experience what humanity really has to offer, but to do that, he'll need to hire some help. It's an offer Mort can't refuse. As Death's apprentice he'll have free board, use of the company horse—and being dead isn't compulsory. It's a dream job—until Mort falls in love with Death's daughter, Ysabell, and discovers that your boss can be a killer on your love life…"
8695,"The Restaurant at the End of the Universe (The Hitchhiker's Guide to the Galaxy, #2)",4,4.19,320366,10768,250,English,2005,8182,"alternate edition for ISBN 0345418921/9780345418920 Facing annihilation at the hands of the warlike Vogons is a curious time to have a cosmically displaced Arthur Dent and his curious comrades in arms as they hurtle through space powered by pure improbability - and desperately in search of a place to eat. Among Arthur's motley shipmates are Ford Prefect, a long-time friend and contributor to the The Hitch Hiker's Guide to the Galaxy; Zaphod Beeblebrox, the three-armed, two-headed ex-president of the galaxy; Tricia McMilan, a fellow Earth refuge who's gone native (her name is Trillian now); and Marvin, who suffers nothing and no one gladly. Source: douglasadams.com"
6690798,"The Passage (The Passage, #1)",45315,4.05,225042,22098,784,English,2010,16251,"IT HAPPENED FAST. THIRTY-TWO MINUTES FOR ONE WORLD TO DIE, ANOTHER TO BE BORN. First, the unthinkable: a security breach at a secret U.S. government facility unleashes the monstrous product of a chilling military experiment. Then, the unspeakable: a night of chaos and carnage gives way to sunrise on a nation, and ultimately a world, forever altered. All that remains for the stunned survivors is the long fight ahead and a future ruled by fear—of darkness, of death, of a fate far worse. As civilization swiftly crumbles into a primal landscape of predators and prey, two people flee in search of sanctuary. FBI agent Brad Wolgast is a good man haunted by what he's done in the line of duty. Six-year-old orphan Amy Harper Bellafonte is a refugee from the doomed scientific project that has triggered apocalypse. Wolgast is determined to protect her from the horror set loose by her captors, but for Amy, escaping the bloody fallout is only the beginning of a much longer odyssey—spanning miles and decades—toward the time and place where she must finish what should never have begun. With The Passage, award-winning author Justin Cronin has written both a relentlessly suspenseful adventure and an epic chronicle of human endurance in the face of unprecedented catastrophe and unimaginable danger. Its inventive storytelling, masterly prose, and depth of human insight mark it as a crucial and transcendent work of modern fiction."
5098079,"Lover Avenged (Black Dagger Brotherhood, #7)",20248,4.36,120972,4575,527,English,2009,2185,"Rehvenge has always kept his distance from the Brotherhood—even though his sister is married to a member, for he harbors a deadly secret that could make him a huge liability in their war against the lessers. As plots within and outside of the Brotherhood threaten to reveal the truth about Rehvenge, he turns to the only source of light in his darkening world, Ehlena, a vampire untouched by the corruption that has its hold on him—and the only thing standing between him and eternal destruction."
50033,Dandelion Wine,1630,4.09,79743,7617,239,English,2000,4849,"The summer of '28 was a vintage season for a growing boy. A summer of green apple trees, mowed lawns, and new sneakers. Of half-burnt firecrackers, of gathering dandelions, of Grandma's belly-busting dinner. It was a summer of sorrows and marvels and gold-fuzzed bees. A magical, timeless summer in the life of a twelve-year-old boy named Douglas Spaulding—remembered forever by the incomparable Ray Bradbury. Woven into the novel are the following short stories: Illumination, Dandelion Wine, Summer in the Air, Season of Sitting, The Happiness Machine, The Night, The Lawns of Summer, Season of Disbelief, The Last--the Very Last, The Green Machine, The Trolley, Statues, The Window, The Swan, The Whole Town's Sleeping, Goodbye Grandma, The Tarot Witch, Hotter Than Summer, Dinner at Dawn, The Magical Kitchen, Green Wine for Dreaming."
6137154,"Fire (Graceling Realm, #2)",1373880,4.09,194922,12807,480,English,2009,3369,"It is not a peaceful time in the Dells. The young King Nash clings to his throne while rebel lords in the north and south build armies to unseat him. The mountains and forests are filled with spies and thieves and lawless men. This is where Fire lives. With a wild, irresistible appearance and hair the color of flame, Fire is the last remaining human monster. Equally hated and adored, she had the unique ability to control minds, but she guards her power, unwilling to steal the secrets of innocent people. Especially when she has so many of her own. Then Prince Brigan comes to bring her to King City, The royal family needs her help to uncover the plot against the king. Far away from home, Fire begins to realize there's more to her power than she ever dreamed. Her power could save the kingdom. If only she weren't afraid of becoming the monster her father was."
42046112,Recursion,442240,4.16,333787,41121,329,English,2019,18939,"MEMORY MAKES REALITY. That's what New York City cop Barry Sutton is learning, as he investigates the devastating phenomenon the media has dubbed False Memory Syndrome—a mysterious affliction that drives its victims mad with memories of a life they never lived. That's what neuroscientist Helena Smith believes. It's why she's dedicated her life to creating a technology that will let us preserve our most precious memories. If she succeeds, anyone will be able to re-experience a first kiss, the birth of a child, the final moment with a dying parent. As Barry searches for the truth, he comes face to face with an opponent more terrifying than any disease—a force that attacks not just our minds but the very fabric of the past. And as its effects begin to unmake the world as we know it, only he and Helena, working together, will stand a chance at defeating it. But how can they make a stand when reality itself is shifting and crumbling all around them? At once a relentless page-turner and an intricate science-fiction puzzle box about time, identity, and memory, Recursion is a thriller as only Blake Crouch could imagine it—and his most ambitious, mind-boggling, irresistible work to date."
228086938,Banker's Holiday: A Novel of Fiscal Irregularity,808471,4.33,6138,29,336,English,2006,7,"From the first puzzling sentence, Banker's Holiday — a euphemism for a federal bank closure — conjures the bleak and humorous world of Cincinnatus Stillman Fuller, a billionaire financier who suffers a breakdown in the middle of a Monday morning staff meeting. Fuller comes to the sudden, disturbing realization that his ""brooding, luxurious zombies, otherwise known as senior management"" have become just that, and that he must either escape, or become one of them. Fuller flees the discorporate horror, disguises himself as a janitor, and heads crosscountry in an old pick-up to an odd Shangri-la in Upstate NY. But will he escape the bizarre phantasms that continue to dog him? And can anyone dispel a thousand-foot Nixon? Part satirical fantasia, part corporate fantasy & horror, Gary Clemenceau's singular debut novel — UNEXPURGATED FOR THE FIRST TIME — illustrates Capitalism's mid-life crisis, and offers a unique solution to the problem of being human in an increasingly inhuman world."
52831200,"From Blood and Ash (Blood and Ash, #1)",4476934,4.21,878630,76822,622,English,2020,58593,"A Maiden… Chosen from birth to usher in a new era, Poppy’s life has never been her own. The life of the Maiden is solitary. Never to be touched. Never to be looked upon. Never to be spoken to. Never to experience pleasure. Waiting for the day of her Ascension, she would rather be with the guards, fighting back the evil that took her family, than preparing to be found worthy by the gods. But the choice has never been hers. A Duty… The entire kingdom’s future rests on Poppy’s shoulders, something she’s not even quite sure she wants for herself. Because a Maiden has a heart. And a soul. And longing. And when Hawke, a golden-eyed guard honor bound to ensure her Ascension, enters her life, destiny and duty become tangled with desire and need. He incites her anger, makes her question everything she believes in, and tempts her with the forbidden. A Kingdom… Forsaken by the gods and feared by mortals, a fallen kingdom is rising once more, determined to take back what they believe is theirs through violence and vengeance. And as the shadow of those cursed draws closer, the line between what is forbidden and what is right becomes blurred. Poppy is not only on the verge of losing her heart and being found unworthy by the gods, but also her life when every blood-soaked thread that holds her world together begins to unravel."
201930181,"The Mercy of Gods (The Captive's War, #1)",4192148,4.15,40324,4120,432,English,2024,5561,"How humanity came to the planet called Anjiin is lost in the fog of history, but that history is about to end. The Carryx – part empire, part hive – have waged wars of conquest for centuries, destroying or enslaving species across the galaxy. Now, they are facing a great and deathless enemy. The key to their survival may rest with the humans of Anjiin. Caught up in academic intrigue and affairs of the heart, Dafyd Alkhor is pleased just to be an assistant to a brilliant scientist and his celebrated research team. Then the Carryx ships descend, decimating the human population and taking the best and brightest of Anjiin society away to serve on the Carryx homeworld, and Dafyd is swept along with them. They are dropped in the middle of a struggle they barely understand, set in a competition against the other captive species with extinction as the price of failure. Only Dafyd and a handful of his companions see past the Darwinian contest to the deeper game that they must play to learning to understand – and manipulate – the Carryx themselves. With a noble but suicidal human rebellion on one hand and strange and murderous enemies on the other, the team pays a terrible price to become the trusted servants of their new rulers. Dafyd Alkhor is a simple man swept up in events that are beyond his control and more vast than his imagination. He will become the champion of humanity and its betrayer, the most hated man in history and the guardian of his people. This is where his story begins."
16690,The Moon Is a Harsh Mistress,205,4.15,140222,5904,288,English,2005,4888,"It is a tale of revolution, of the rebellion of a former penal colony on the Moon against its masters on the Earth. It is a tale of a culture whose family structures are based on the presence of two men for every woman, leading to novel forms of marriage and family. It is the story of the disparate people, a computer technician, a vigorous young female agitator, and an elderly academic who become the movement's leaders, and of Mike, the supercomputer whose sentience is known only to the revolt's inner circle, who for reasons of his own is committed to the revolution's ultimate success."
60109530,Keep It in the Family,7264719,4.06,254086,22320,380,English,2022,36720,"In this chilling novel from bestselling author John Marrs, a young couple’s house hides terrible secrets—and not all of them are confined to the past. Mia and Finn are busy turning a derelict house into their dream home when Mia unexpectedly falls pregnant. But just when they think the house is ready, Mia discovers a shocking message scored into a skirting board: I WILL SAVE THEM FROM THE ATTIC. Following the clue up into the eaves, the couple make a gruesome discovery: their home was once a real-life murder house, with the evidence still concealed within the four walls. In the wake of their traumatic discovery, the baby arrives and Mia can’t shake her fixation with the monstrous crimes that happened right above them. Tormented by the terrible things she saw, she is desperate to dig into the past to find answers. Secrecy shrouds the mystery of the attic, but when shards of a dark truth start to emerge, Mia realises the danger is terrifyingly present. She is prepared to do anything to protect her family—but will the previous tenants stop her from discovering their secret?"
29059,Choke,2546,3.71,222835,8196,293,English,2002,3357,"Victor Mancini, a medical-school dropout, is an antihero for our deranged times. Needing to pay elder care for his mother, Victor has devised an ingenious scam: he pretends to choke on pieces of food while dining in upscale restaurants. He then allows himself to be “saved” by fellow patrons who, feeling responsible for Victor’s life, go on to send checks to support him. When he’s not pulling this stunt, Victor cruises sexual addiction recovery workshops for action, visits his addled mom, and spends his days working at a colonial theme park. His creator, Chuck Palahniuk, renowned author of classics like Fight Club, is the visionary we need and the satirist we deserve."
41880609,On Earth We're Briefly Gorgeous,4456871,4.0,425010,60114,246,English,2019,43215,"On Earth We're Briefly Gorgeous is a letter from a son to a mother who cannot read. Written when the speaker, Little Dog, is in his late twenties, the letter unearths a family's history that began before he was born — a history whose epicenter is rooted in Vietnam — and serves as a doorway into parts of his life his mother has never known, all of it leading to an unforgettable revelation. At once a witness to the fraught yet undeniable love between a single mother and her son, it is also a brutally honest exploration of race, class, and masculinity. Asking questions central to our American moment, immersed as we are in addiction, violence, and trauma, but undergirded by compassion and tenderness, On Earth We're Briefly Gorgeous is as much about the power of telling one's own story as it is about the obliterating silence of not being heard. With stunning urgency and grace, Ocean Vuong writes of people caught between disparate worlds, and asks how we heal and rescue one another without forsaking who we are. The question of how to survive, and how to make of it a kind of joy, powers the most important debut novel of many years."
3698,The Quiet American,2533,3.98,73274,5287,180,English,2004,5350,"Graham Greene's classic exploration of love, innocence, and morality in Vietnam ""I never knew a man who had better motives for all the trouble he caused,"" Graham Greene's narrator Fowler remarks of Alden Pyle, the eponymous ""Quiet American"" of what is perhaps the most controversial novel of his career. Pyle is the brash young idealist sent out by Washington on a mysterious mission to Saigon, where the French Army struggles against the Vietminh guerrillas. As young Pyle's well-intentioned policies blunder into bloodshed, Fowler, a seasoned and cynical British reporter, finds it impossible to stand safely aside as an observer. But Fowler's motives for intervening are suspect, both to the police and himself, for Pyle has stolen Fowler's beautiful Vietnamese mistress. First published in 1956 and twice adapted to film, The Quiet American remains a terrifiying and prescient portrait of innocence at large. This Graham Greene Centennial Edition includes a new introductory essay by Robert Stone."
7940583,Chasing the Devil: The Search for Africa's Fighting Spirit,534082,4.12,1988,213,1000,English,2010,53,"For many years Sierra Leone and Liberia have been too dangerous to travel through, bedevilled by a uniquely brutal form of violence from which sprang many of Africa's cruellest contemporary icons. This travel book touches on one of the most fraught parts of the globe at a different moment in its history."
11507,My Name Is Asher Lev,7385,4.24,43811,3539,369,English,2003,984,"This is a previously-published edition of ISBN 9781400031047. Asher Lev is a Ladover Hasid who keeps kosher, prays three times a day, and believes in the Ribbono Shel Olom, the Master of the Universe. Asher Lev is an artist who is compulsively driven to render the world he sees and feels, even when it leads him to blasphemy. In this stirring and often visionary novel, Chaim Potok traces Asher’s passage between these two identities, the one consecrated to God, the other subject only to the imagination. Asher Lev grows up in a cloistered Hasidic community in postwar Brooklyn, a world suffused by ritual and revolving around a charismatic Rebbe. But in time, his gift threatens to estrange him from that world and the parents he adores. As it follows his struggle, My Name Is Asher Lev becomes a luminous portrait of the artist, by turns heartbreaking and exultant, a modern classic."
199798179,The Ministry of Time,22032713,3.56,247625,40465,339,English,2024,24922,"A time travel romance, a spy thriller, a workplace comedy, and an ingenious exploration of the nature of power and the potential for love to change it all: Welcome to The Ministry of Time, the exhilarating debut novel by Kaliane Bradley. In the near future, a civil servant is offered the salary of her dreams and is, shortly afterward, told what project she’ll be working on. A recently established government ministry is gathering “expats” from across history to establish whether time travel is feasible—for the body, but also for the fabric of space-time. She is tasked with working as a “bridge”: living with, assisting, and monitoring the expat known as “1847” or Commander Graham Gore. As far as history is concerned, Commander Gore died on Sir John Franklin’s doomed 1845 expedition to the Arctic, so he’s a little disoriented to be living with an unmarried woman who regularly shows her calves, surrounded by outlandish concepts such as “washing machines,” “Spotify,” and “the collapse of the British Empire.” But with an appetite for discovery, a seven-a-day cigarette habit, and the support of a charming and chaotic cast of fellow expats, he soon adjusts. Over the next year, what the bridge initially thought would be, at best, a horrifically uncomfortable roommate dynamic, evolves into something much deeper. By the time the true shape of the Ministry’s project comes to light, the bridge has fallen haphazardly, fervently in love, with consequences she never could have imagined. Forced to confront the choices that brought them together, the bridge must finally reckon with how—and whether she believes—what she does next can change the future. An exquisitely original and feverishly fun fusion of genres and ideas, The Ministry of Time asks: What does it mean to defy history, when history is living in your house? Kaliane Bradley’s answer is a blazing, unforgettable testament to what we owe each other in a changing world."
89724,We Have Always Lived in the Castle,13388,3.91,305923,36438,152,English,2006,10288,"Shirley Jackson's beloved gothic tale of a peculiar girl named Merricat and her family's dark secret. Taking readers deep into a labyrinth of dark neurosis, We Have Always Lived in the Castle is a deliciously unsettling novel about a perverse, isolated, and possibly murderous family and the struggle that ensues when a cousin arrives at their estate. This edition features an afterword by Jonathan Lethem."
157981682,The Book of Love,24902,3.5,11400,2452,628,English,2024,2340,"The Book of Love showcases Kelly Link at the height of her powers, channeling potent magic and attuned to all varieties of love—from friendship to romance to abiding family ties—with her trademark compassion, wit, and literary derring-do. Readers will find joy (and a little terror) and an affirmation that love goes on, even when we cannot. Late one night, Laura, Daniel, and Mo find themselves beneath the fluorescent lights of a high school classroom, almost a year after disappearing from their hometown, the small seaside community of Lovesend, Massachusetts, having long been presumed dead. Which, in fact, they are. With them in the room is their previously unremarkable high school music teacher, who seems to know something about their disappearance—and what has brought them back again. Desperate to reclaim their lives, the three agree to the terms of the bargain their music teacher proposes. They will be given a series of magical tasks; while they undertake them, they may return to their families and friends, but they can tell no one where they’ve been. In the end, there will be winners and there will be losers. But their resurrection has attracted the notice of other supernatural figures, all with their own agendas. As Laura, Daniel, and Mo grapple with the pieces of the lives they left behind, and Laura’s sister, Susannah, attempts to reconcile what she remembers with what she fears, these mysterious others begin to arrive, engulfing their community in danger and chaos, and it becomes imperative that the teens solve the mystery of their deaths to avert a looming disaster."
3109,The Omnivore's Dilemma: A Natural History of Four Meals,2121,4.19,211330,14727,450,English,2006,11578,"What should we have for dinner? For omnivore like ourselves, this simple question has always posed a dilemma. When you can eat just about anything nature (or the supermarket) has to offer, deciding what you should eat will inevitably stir anxiety, especially when some of the foods on offer might shorten your life. Today, buffered by one food fad after another, America is suffering from what can only be described as a national eating disorder. The omnivore’s dilemma has returned with a vengeance, as the cornucopia of the modern American supermarket and fast-food outlet confronts us with a bewildering and treacherous food landscape. What’s at stake in our eating choices is not only our own and our children’s health, but the health of the environment that sustains life on earth. The Omnivore's Dilemma is groundbreaking book, in which one of America’s most fascinating, original, and elegant writers turns his own omnivorous mind to the seemingly straightforward question of what we should have for dinner. The question has confronted us since man discovered fire, but according to Michael Pollan, the bestselling author of The Botany of Desire, how we answer it today, at the dawn of the twenty-first century, may well determine our very survival as a species. Should we eat a fast-food hamburger? Something organic? Or perhaps something we hunt, gather, or grow ourselves? To find out, Pollan follows each of the food chains that sustain us—industrial food, organic or alternative food, and food we forage ourselves—from the source to a final meal, and in the process develops a definitive account of the American way of eating. His absorbing narrative takes us from Iowa cornfields to food-science laboratories, from feedlots and fast-food restaurants to organic farms and hunting grounds, always emphasizing our dynamic coevolutionary relationship with the handful of plant and animal species we depend on. Each time Pollan sits down to a meal, he deploys his unique blend of personal and investigative journalism to trace the origins of everything consumed, revealing what we unwittingly ingest and explaining how our taste for particular foods and flavors reflects our evolutionary inheritance. The surprising answers Pollan offers to the simple question posed by this book have profound political, economic, psychological, and even moral implications for all of us. Ultimately, this is a book as much about visionary solutions as it is about problems, and Pollan contends that, when it comes to food, doing the right thing often turns out to be the tastiest thing an eater can do. Beautifully written and thrillingly argued, The Omnivore’s Dilemma promises to change the way we think about the politics and pleasure of eating. For anyone who reads it, dinner will never again look, or taste, quite the same."
264,The Portrait of a Lady,159,3.8,85922,4573,797,English,2003,5653,"When Isabel Archer, a beautiful, spirited American, is brought to Europe by her wealthy Aunt Touchett, it is expected that she will soon marry. But Isabel, resolved to determine her own fate, does not hesitate to turn down two eligible suitors. She then finds herself irresistibly drawn to Gilbert Osmond, who, beneath his veneer of charm and cultivation, is cruelty itself. A story of intense poignancy, Isabel's tale of love and betrayal still resonates with modern audiences."
18521,A Room of One’s Own,6765,4.22,270127,26348,112,English,2000,22308,"A Room of One's Own is an extended essay by Virginia Woolf. First published on the 24th of October, 1929, the essay was based on a series of lectures she delivered at Newnham College and Girton College, two women's colleges at Cambridge University in October 1928. While this extended essay in fact employs a fictional narrator and narrative to explore women both as writers and characters in fiction, the manuscript for the delivery of the series of lectures, titled Women and Fiction, and hence the essay, are considered nonfiction. The essay is seen as a feminist text, and is noted in its argument for both a literal and figural space for women writers within a literary tradition dominated by patriarchy."
38374795,Howards End,86404,3.96,95726,5081,318,English,2018,3803,"Howards End is considered by many to be E. M. Forster’s masterpiece. First published in 1910, this beguiling and completely captivating tale explores social conventions, codes of conduct, and relationships in turn-of-the-century Edwardian England. The story revolves around three families: the Wilcoxes, rich capitalists with a fortune made in the colonies; the half-German Schlegel siblings, whose cultural pursuits have much in common with the Bloomsbury Group—a loose collective of friends and relatives who were united by an abiding belief in the importance of the arts; and the Basts, an impoverished young couple from a lower-class background. A chance encounter, impetuous youth, love, and ambition play into the inheritance of Howards End, the Wilcox’s charming country home. Howards End was adapted as a film in 1992 by the Merchant-Ivory team, starring Vanessa Redgrave, Emma Thompson, Anthony Hopkins, and Helena Bonham-Carter."
