id_knjige,zanr
2767052,Young Adult
2767052,Dystopia
2767052,Fiction
2767052,Fantasy
2767052,Science Fiction
2767052,Romance
2767052,Adventure
2767052,Audiobook
2767052,Book Club
2767052,Teen
1885,Classics
1885,Romance
1885,Fiction
1885,Historical Fiction
1885,Historical
1885,Literature
1885,Audiobook
1885,Jane Austen
1885,Historical Romance
1885,Novels
2657,Classics
2657,Fiction
2657,Historical Fiction
2657,School
2657,Literature
2657,Young Adult
2657,Historical
2657,Read For School
2657,Novels
2657,Book Club
58613451,Fantasy
58613451,Fiction
58613451,Young Adult
58613451,Harry Potter
58613451,Magic
58613451,Audiobook
58613451,Childrens
58613451,Adventure
58613451,Middle Grade
58613451,Classics
19063,Historical Fiction
19063,Fiction
19063,Young Adult
19063,Classics
19063,Historical
19063,Book Club
19063,War
19063,World War II
19063,Holocaust
19063,Audiobook
41865,Fantasy
41865,Young Adult
41865,Romance
41865,Fiction
41865,Vampires
41865,Paranormal
41865,Paranormal Romance
41865,Supernatural
41865,Urban Fantasy
41865,Teen
170448,Classics
170448,Fiction
170448,Dystopia
170448,Fantasy
170448,School
170448,Politics
170448,Literature
170448,Science Fiction
170448,Novels
170448,Audiobook
30,Fantasy
30,Fiction
30,Classics
30,Adventure
30,Science Fiction Fantasy
30,Epic Fantasy
30,High Fantasy
30,Young Adult
30,Literature
30,Magic
11127,Fantasy
11127,Classics
11127,Fiction
11127,Young Adult
11127,Childrens
11127,Christian
11127,Adventure
11127,Middle Grade
11127,Christian Fiction
11127,Science Fiction Fantasy
11870085,Young Adult
11870085,Romance
11870085,Fiction
11870085,Contemporary
11870085,Realistic Fiction
11870085,Book Club
11870085,Coming Of Age
11870085,Teen
11870085,Drama
11870085,Novels
5297,Classics
5297,Fiction
5297,Horror
5297,Gothic
5297,Fantasy
5297,Literature
5297,Dark Academia
5297,Audiobook
5297,Novels
5297,Book Club
28187,Fantasy
28187,Young Adult
28187,Mythology
28187,Fiction
28187,Middle Grade
28187,Percy Jackson
28187,Adventure
28187,Greek Mythology
28187,Childrens
28187,Audiobook
6185,Classics
6185,Fiction
6185,Romance
6185,Gothic
6185,Historical Fiction
6185,Literature
6185,Audiobook
6185,Book Club
6185,Historical
6185,19th Century
370493,Childrens
370493,Classics
370493,Fiction
370493,Picture Books
370493,Poetry
370493,Young Adult
370493,Fantasy
370493,Short Stories
370493,Juvenile
370493,Kids
2,Fantasy
2,Fiction
2,Young Adult
2,Harry Potter
2,Magic
2,Audiobook
2,Childrens
2,Adventure
2,Middle Grade
2,Classics
22628,Young Adult
22628,Fiction
22628,Contemporary
22628,Classics
22628,Coming Of Age
22628,Romance
22628,Mental Health
22628,Realistic Fiction
22628,LGBT
22628,Book Club
18405,Classics
18405,Historical Fiction
18405,Fiction
18405,Romance
18405,Historical
18405,War
18405,Literature
18405,Civil War
18405,Novels
18405,Historical Romance
157993,Classics
157993,Fiction
157993,Fantasy
157993,Childrens
157993,France
157993,Philosophy
157993,Young Adult
157993,Literature
157993,Middle Grade
157993,French Literature
10210,Classics
10210,Fiction
10210,Romance
10210,Gothic
10210,Historical Fiction
10210,Literature
10210,Historical
10210,Audiobook
10210,School
10210,Classic Literature
4671,Classics
4671,Fiction
4671,School
4671,Historical Fiction
4671,Romance
4671,Literature
4671,Novels
4671,Read For School
4671,High School
4671,Book Club
7144,Classics
7144,Fiction
7144,Russia
7144,Russian Literature
7144,Literature
7144,Philosophy
7144,Novels
7144,Crime
7144,19th Century
7144,Classic Literature
968,Fiction
968,Mystery
968,Thriller
968,Mystery Thriller
968,Historical Fiction
968,Suspense
968,Adventure
968,Crime
968,Novels
968,Adult
24213,Classics
24213,Fantasy
24213,Fiction
24213,Childrens
24213,Young Adult
24213,Literature
24213,Adventure
24213,Middle Grade
24213,Novels
24213,19th Century
13335037,Young Adult
13335037,Dystopia
13335037,Fantasy
13335037,Fiction
13335037,Science Fiction
13335037,Romance
13335037,Adventure
13335037,Teen
13335037,Audiobook
13335037,Book Club
24280,Classics
24280,Fiction
24280,Historical Fiction
24280,Literature
24280,France
24280,Historical
24280,Novels
24280,French Literature
24280,Romance
24280,Classic Literature
929,Fiction
929,Historical Fiction
929,Classics
929,Romance
929,Historical
929,Japan
929,Book Club
929,Adult
929,Novels
929,Asia
8127,Classics
8127,Fiction
8127,Young Adult
8127,Historical Fiction
8127,Childrens
8127,Audiobook
8127,Middle Grade
8127,Historical
8127,Canada
8127,Coming Of Age
865,Fiction
865,Classics
865,Fantasy
865,Philosophy
865,Self Help
865,Book Club
865,Novels
865,Spirituality
865,Audiobook
865,Adventure
7624,Classics
7624,Fiction
7624,Young Adult
7624,School
7624,Dystopia
7624,Literature
7624,Read For School
7624,Novels
7624,High School
7624,Adventure
18135,Classics
18135,Plays
18135,Fiction
18135,Romance
18135,School
18135,Shakespeare
18135,Drama
18135,Read For School
18135,Literature
18135,High School
5129,Classics
5129,Fiction
5129,Science Fiction
5129,Dystopia
5129,Literature
5129,Novels
5129,School
5129,Audiobook
5129,Philosophy
5129,Fantasy
11,Science Fiction
11,Fiction
11,Classics
11,Humor
11,Fantasy
11,Audiobook
11,Comedy
11,Science Fiction Fantasy
11,Adventure
11,Book Club
256683,Fantasy
256683,Young Adult
256683,Romance
256683,Paranormal
256683,Urban Fantasy
256683,Fiction
256683,Vampires
256683,Supernatural
256683,Young Adult Fantasy
256683,Magic
4667024,Fiction
4667024,Historical Fiction
4667024,Book Club
4667024,Historical
4667024,Classics
4667024,Adult
4667024,Adult Fiction
4667024,Audiobook
4667024,Contemporary
4667024,Novels
17245,Classics
17245,Horror
17245,Fiction
17245,Fantasy
17245,Gothic
17245,Vampires
17245,Audiobook
17245,Paranormal
17245,Literature
17245,Book Club
40961427,Classics
40961427,Fiction
40961427,Science Fiction
40961427,Dystopia
40961427,Literature
40961427,Politics
40961427,Novels
40961427,School
40961427,Audiobook
40961427,Book Club
13079982,Classics
13079982,Fiction
13079982,Science Fiction
13079982,Dystopia
13079982,School
13079982,Literature
13079982,Audiobook
13079982,Novels
13079982,Book Club
13079982,Fantasy
24178,Classics
24178,Fiction
24178,Childrens
24178,Fantasy
24178,Young Adult
24178,Middle Grade
24178,Animals
24178,School
24178,Chapter Books
24178,Juvenile
890,Classics
890,Fiction
890,School
890,Historical Fiction
890,Literature
890,Read For School
890,Novels
890,High School
890,American
890,Historical
375802,Science Fiction
375802,Fiction
375802,Young Adult
375802,Fantasy
375802,Classics
375802,Science Fiction Fantasy
375802,Dystopia
375802,Audiobook
375802,Book Club
375802,War
5107,Classics
5107,Fiction
5107,Young Adult
5107,Literature
5107,School
5107,Coming Of Age
5107,Novels
5107,High School
5107,American
5107,Banned Books
1934,Classics
1934,Fiction
1934,Historical Fiction
1934,Romance
1934,Young Adult
1934,Historical
1934,Book Club
1934,Literature
1934,Audiobook
1934,Childrens
231804,Classics
231804,Young Adult
231804,Fiction
231804,School
231804,Read For School
231804,Coming Of Age
231804,Historical Fiction
231804,Realistic Fiction
231804,Contemporary
231804,Childrens
320,Classics
320,Fiction
320,Magical Realism
320,Fantasy
320,Literature
320,Historical Fiction
320,Novels
320,Book Club
320,Spanish Literature
320,Literary Fiction
128029,Fiction
128029,Historical Fiction
128029,Book Club
128029,Contemporary
128029,Historical
128029,Classics
128029,Novels
128029,War
128029,Middle East
128029,Literary Fiction
2998,Classics
2998,Fiction
2998,Childrens
2998,Young Adult
2998,Historical Fiction
2998,Middle Grade
2998,Audiobook
2998,Fantasy
2998,Historical
2998,Literature
21787,Fantasy
21787,Classics
21787,Fiction
21787,Romance
21787,Humor
21787,Adventure
21787,Young Adult
21787,Book Club
21787,Comedy
21787,Science Fiction Fantasy
13496,Fantasy
13496,Fiction
13496,Epic Fantasy
13496,High Fantasy
13496,Adult
13496,Audiobook
13496,Science Fiction Fantasy
13496,Adventure
13496,Dragons
13496,Novels
18619684,Fiction
18619684,Romance
18619684,Fantasy
18619684,Time Travel
18619684,Science Fiction
18619684,Book Club
18619684,Contemporary
18619684,Adult
18619684,Magical Realism
18619684,Chick Lit
136251,Fantasy
136251,Fiction
136251,Young Adult
136251,Harry Potter
136251,Magic
136251,Audiobook
136251,Childrens
136251,Adventure
136251,Middle Grade
136251,Classics
35031085,Classics
35031085,Horror
35031085,Fiction
35031085,Science Fiction
35031085,Gothic
35031085,Fantasy
35031085,School
35031085,Literature
35031085,Audiobook
35031085,Book Club
1381,Classics
1381,Fiction
1381,Poetry
1381,Mythology
1381,Fantasy
1381,School
1381,Literature
1381,Greek Mythology
1381,Adventure
1381,Read For School
2429135,Fiction
2429135,Mystery
2429135,Thriller
2429135,Crime
2429135,Mystery Thriller
2429135,Book Club
2429135,Suspense
2429135,Contemporary
2429135,Audiobook
2429135,Adult
38447,Fiction
38447,Classics
38447,Dystopia
38447,Science Fiction
38447,Feminism
38447,Book Club
38447,Fantasy
38447,Audiobook
38447,Adult
38447,Literature
3636,Young Adult
3636,Fiction
3636,Classics
3636,Dystopia
3636,Science Fiction
3636,Fantasy
3636,School
3636,Middle Grade
3636,Childrens
3636,Read For School
77203,Fiction
77203,Historical Fiction
77203,Classics
77203,Contemporary
77203,Book Club
77203,Historical
77203,Novels
77203,School
77203,Literature
77203,Literary Fiction
33574273,Fantasy
33574273,Fiction
33574273,Classics
33574273,Young Adult
33574273,Science Fiction
33574273,Childrens
33574273,Middle Grade
33574273,Audiobook
33574273,Time Travel
33574273,Adventure
5,Fantasy
5,Fiction
5,Young Adult
5,Harry Potter
5,Magic
5,Audiobook
5,Childrens
5,Middle Grade
5,Adventure
5,Classics
44767458,Science Fiction
44767458,Fiction
44767458,Fantasy
44767458,Classics
44767458,Audiobook
44767458,Science Fiction Fantasy
44767458,Space Opera
44767458,Novels
44767458,Adventure
44767458,Book Club
19543,Childrens
19543,Picture Books
19543,Classics
19543,Fiction
19543,Fantasy
19543,Adventure
19543,Young Adult
19543,Animals
19543,Kids
19543,Monsters
23772,Childrens
23772,Picture Books
23772,Classics
23772,Fiction
23772,Poetry
23772,Fantasy
23772,Humor
23772,Kids
23772,Food
23772,Young Adult
12232938,Fiction
12232938,Mystery
12232938,Young Adult
12232938,Contemporary
12232938,Fantasy
12232938,Thriller
12232938,Crime
12232938,Book Club
12232938,Mystery Thriller
12232938,Adult
2956,Classics
2956,Fiction
2956,Historical Fiction
2956,Adventure
2956,Literature
2956,Young Adult
2956,School
2956,Novels
2956,American
2956,High School
4214,Fiction
4214,Fantasy
4214,Classics
4214,Book Club
4214,Adventure
4214,Contemporary
4214,Magical Realism
4214,Novels
4214,Literature
4214,Literary Fiction
7604,Classics
7604,Fiction
7604,Literature
7604,Russia
7604,Novels
7604,Romance
7604,Russian Literature
7604,Literary Fiction
7604,Book Club
7604,Banned Books
1953,Classics
1953,Fiction
1953,Historical Fiction
1953,Literature
1953,Historical
1953,School
1953,Novels
1953,Classic Literature
1953,Audiobook
1953,19th Century
4981,Classics
4981,Fiction
4981,Science Fiction
4981,Historical Fiction
4981,War
4981,Literature
4981,Novels
4981,Time Travel
4981,Book Club
4981,Fantasy
6514,Classics
6514,Fiction
6514,Feminism
6514,Mental Health
6514,Psychology
6514,Literary Fiction
6514,Literature
6514,Book Club
6514,Novels
6514,Poetry
39988,Fiction
39988,Childrens
39988,Classics
39988,Fantasy
39988,Middle Grade
39988,Young Adult
39988,Audiobook
39988,Humor
39988,School
39988,Magic
43641,Fiction
43641,Historical Fiction
43641,Romance
43641,Book Club
43641,Historical
43641,Adult
43641,Adult Fiction
43641,Contemporary
43641,Audiobook
43641,Novels
42844155,Fantasy
42844155,Fiction
42844155,Young Adult
42844155,Harry Potter
42844155,Magic
42844155,Audiobook
42844155,Childrens
42844155,Middle Grade
42844155,Classics
42844155,Adventure
149267,Horror
149267,Fiction
149267,Fantasy
149267,Science Fiction
149267,Post Apocalyptic
149267,Thriller
149267,Dystopia
149267,Audiobook
149267,Classics
149267,Apocalyptic
168668,Classics
168668,Fiction
168668,Historical Fiction
168668,War
168668,Humor
168668,Literature
168668,Novels
168668,Satire
168668,Book Club
168668,Historical
3590,Classics
3590,Mystery
3590,Fiction
3590,Short Stories
3590,Crime
3590,Detective
3590,Audiobook
3590,Mystery Thriller
3590,Literature
3590,Historical Fiction
41817486,Classics
41817486,Fiction
41817486,Science Fiction
41817486,Dystopia
41817486,Horror
41817486,Literature
41817486,Novels
41817486,Banned Books
41817486,Crime
41817486,Modern Classics
5043,Historical Fiction
5043,Fiction
5043,Historical
5043,Fantasy
5043,Classics
5043,Audiobook
5043,Medieval
5043,Book Club
5043,Novels
5043,British Literature
17899948,Classics
17899948,Fiction
17899948,Mystery
17899948,Gothic
17899948,Romance
17899948,Book Club
17899948,Thriller
17899948,Historical Fiction
17899948,Horror
17899948,Audiobook
76620,Classics
76620,Fiction
76620,Fantasy
76620,Young Adult
76620,Animals
76620,Adventure
76620,Childrens
76620,Audiobook
76620,Literature
76620,Novels
52892857,Classics
52892857,Fiction
52892857,Historical Fiction
52892857,Feminism
52892857,LGBT
52892857,Historical
52892857,Queer
52892857,Banned Books
52892857,Book Club
52892857,African American
2623,Classics
2623,Fiction
2623,Literature
2623,Historical Fiction
2623,School
2623,Novels
2623,Classic Literature
2623,19th Century
2623,Victorian
2623,Historical
10964,Historical Fiction
10964,Romance
10964,Fantasy
10964,Fiction
10964,Time Travel
10964,Historical
10964,Historical Romance
10964,Audiobook
10964,Outlander
10964,Adult
9293020,Thriller
9293020,Mystery
9293020,Fiction
9293020,Contemporary
9293020,Crime
9293020,Mystery Thriller
9293020,Book Club
9293020,Adventure
9293020,Novels
9293020,Drama
15823480,Classics
15823480,Fiction
15823480,Romance
15823480,Russia
15823480,Historical Fiction
15823480,Russian Literature
15823480,Literature
15823480,Novels
15823480,Audiobook
15823480,Historical
61215351,Fantasy
61215351,Classics
61215351,Fiction
61215351,Adventure
61215351,Audiobook
61215351,High Fantasy
61215351,Epic Fantasy
61215351,Science Fiction Fantasy
61215351,Novels
61215351,Young Adult
332613,Classics
332613,Fiction
332613,Psychology
332613,Literature
332613,Novels
332613,Mental Health
332613,School
332613,Literary Fiction
332613,Book Club
332613,Banned Books
4934,Classics
4934,Fiction
4934,Russia
4934,Philosophy
4934,Russian Literature
4934,Literature
4934,Novels
4934,19th Century
4934,Classic Literature
4934,Religion
10917,Fiction
10917,Contemporary
10917,Book Club
10917,Chick Lit
10917,Young Adult
10917,Drama
10917,Adult
10917,Adult Fiction
10917,Realistic Fiction
10917,Family
29908754,Thriller
29908754,Mystery
29908754,Fiction
29908754,Crime
29908754,Book Club
29908754,Contemporary
29908754,Mystery Thriller
29908754,Adventure
29908754,Novels
29908754,Drama
2654,Classics
2654,Fiction
2654,Historical Fiction
2654,School
2654,Literature
2654,Young Adult
2654,Historical
2654,Read For School
2654,Novels
2654,Book Club
14891,Classics
14891,Fiction
14891,Historical Fiction
14891,Book Club
14891,Young Adult
14891,Coming Of Age
14891,Historical
14891,Audiobook
14891,New York
14891,Literature
6288,Fiction
6288,Science Fiction
6288,Dystopia
6288,Classics
6288,Horror
6288,Post Apocalyptic
6288,Book Club
6288,Literature
6288,Novels
6288,Audiobook
58613424,Fantasy
58613424,Fiction
58613424,Young Adult
58613424,Harry Potter
58613424,Magic
58613424,Audiobook
58613424,Childrens
58613424,Middle Grade
58613424,Adventure
58613424,Classics
19288043,Fiction
19288043,Mystery
19288043,Thriller
19288043,Book Club
19288043,Mystery Thriller
19288043,Crime
19288043,Suspense
19288043,Contemporary
19288043,Audiobook
19288043,Adult
119322,Fantasy
119322,Young Adult
119322,Fiction
119322,Childrens
119322,Adventure
119322,Audiobook
119322,Middle Grade
119322,Science Fiction
119322,Classics
119322,Steampunk
16299,Mystery
16299,Classics
16299,Fiction
16299,Agatha Christie
16299,Thriller
16299,Crime
16299,Mystery Thriller
16299,Book Club
16299,Audiobook
16299,Adult
52036,Classics
52036,Fiction
52036,Philosophy
52036,Spirituality
52036,Religion
52036,Literature
52036,Buddhism
52036,German Literature
52036,Novels
52036,Historical Fiction
345627,Fantasy
345627,Young Adult
345627,Vampires
345627,Paranormal
345627,Romance
345627,Urban Fantasy
345627,Fiction
345627,Supernatural
345627,Paranormal Romance
345627,Magic
3836,Classics
3836,Fiction
3836,Literature
3836,Spanish Literature
3836,Historical Fiction
3836,Adventure
3836,Novels
3836,Spain
3836,Humor
3836,Classic Literature
252577,Nonfiction
252577,Memoir
252577,Biography
252577,Classics
252577,Ireland
252577,Autobiography
252577,Biography Memoir
252577,History
252577,Irish Literature
252577,Book Club
2165,Classics
2165,Fiction
2165,Literature
2165,Novels
2165,American
2165,School
2165,Adventure
2165,Literary Fiction
2165,Classic Literature
2165,Audiobook
49552,Classics
49552,Fiction
49552,Philosophy
49552,France
49552,Literature
49552,Novels
49552,French Literature
49552,School
49552,Literary Fiction
49552,20th Century
7244,Fiction
7244,Historical Fiction
7244,Africa
7244,Book Club
7244,Classics
7244,Literary Fiction
7244,Historical
7244,Literature
7244,Novels
7244,Religion
23919,Classics
23919,Poetry
23919,Horror
23919,Fiction
23919,Short Stories
23919,Gothic
23919,Mystery
23919,Literature
23919,Fantasy
23919,Classic Literature
5886881,Mystery
5886881,Thriller
5886881,Fiction
5886881,Mystery Thriller
5886881,Crime
5886881,Suspense
5886881,Book Club
5886881,Audiobook
5886881,Contemporary
5886881,Horror
21686,Mystery
21686,Thriller
21686,Fiction
21686,Mystery Thriller
21686,Horror
21686,Crime
21686,Suspense
21686,Book Club
21686,Novels
21686,Contemporary
43763,Horror
43763,Fantasy
43763,Fiction
43763,Vampires
43763,Classics
43763,Paranormal
43763,Gothic
43763,Supernatural
43763,Historical Fiction
43763,Urban Fantasy
662,Fiction
662,Classics
662,Philosophy
662,Politics
662,Literature
662,Science Fiction
662,Novels
662,Dystopia
662,Audiobook
662,Economics
5060378,Fiction
5060378,Mystery
5060378,Thriller
5060378,Crime
5060378,Mystery Thriller
5060378,Suspense
5060378,Contemporary
5060378,Audiobook
5060378,Sweden
5060378,Novels
99107,Classics
99107,Childrens
99107,Fiction
99107,Fantasy
99107,Audiobook
99107,Animals
99107,Middle Grade
99107,Picture Books
99107,Young Adult
99107,Short Stories
33648131,Romance
33648131,Fiction
33648131,Chick Lit
33648131,Contemporary
33648131,Adult
33648131,Classics
33648131,Adult Fiction
33648131,Contemporary Romance
33648131,Love
33648131,Drama
3,Fantasy
3,Fiction
3,Young Adult
3,Harry Potter
3,Magic
3,Audiobook
3,Childrens
3,Middle Grade
3,Classics
3,Adventure
4381,Classics
4381,Fiction
4381,Science Fiction
4381,Dystopia
4381,School
4381,Literature
4381,Audiobook
4381,Novels
4381,Book Club
4381,Fantasy
343,Classics
343,Fiction
343,Historical Fiction
343,Horror
343,Thriller
343,Mystery
343,Crime
343,Historical
343,German Literature
343,Novels
58913358,Thriller
58913358,Mystery
58913358,Spanish Literature
58913358,European Literature
58913358,Fiction
58913358,Magical Realism
58913358,Ebooks
58913358,Drama
58913358,Short Stories
58913358,Crime
36236124,Fiction
36236124,Classics
36236124,Thriller
36236124,Contemporary
36236124,Novels
36236124,Mystery
36236124,Adult
36236124,Audiobook
36236124,Literature
36236124,American
11588,Horror
11588,Fiction
11588,Thriller
11588,Classics
11588,Fantasy
11588,Paranormal
11588,Mystery
11588,Audiobook
11588,Adult
11588,Suspense
29044,Fiction
29044,Dark Academia
29044,Mystery
29044,Classics
29044,Thriller
29044,Contemporary
29044,Literary Fiction
29044,Book Club
29044,Mystery Thriller
29044,Adult
153747,Classics
153747,Fiction
153747,Literature
153747,Adventure
153747,Historical Fiction
153747,Novels
153747,Audiobook
153747,American
153747,19th Century
153747,Classic Literature
4473,Fiction
4473,Classics
4473,Book Club
4473,Literary Fiction
4473,Contemporary
4473,Literature
4473,Historical Fiction
4473,Novels
4473,Coming Of Age
4473,Audiobook
15881,Fantasy
15881,Fiction
15881,Young Adult
15881,Harry Potter
15881,Magic
15881,Audiobook
15881,Childrens
15881,Middle Grade
15881,Adventure
15881,Classics
7171637,Fantasy
7171637,Young Adult
7171637,Romance
7171637,Paranormal
7171637,Steampunk
7171637,Historical Fiction
7171637,Fiction
7171637,Urban Fantasy
7171637,Vampires
7171637,Historical
5907,Fantasy
5907,Classics
5907,Fiction
5907,Adventure
5907,Young Adult
5907,Audiobook
5907,High Fantasy
5907,Science Fiction Fantasy
5907,Dragons
5907,Novels
485894,Classics
485894,Fiction
485894,Philosophy
485894,Fantasy
485894,Short Stories
485894,Literature
485894,Horror
485894,School
485894,German Literature
485894,Audiobook
830502,Horror Thriller
830502,Supernatural
830502,Mystery Thriller
830502,Classics
830502,Science Fiction
830502,Dark
830502,American
830502,Book Club
830502,Adventure
830502,Horror
22557272,Fiction
22557272,Mystery
22557272,Thriller
22557272,Book Club
22557272,Mystery Thriller
22557272,Crime
22557272,Suspense
22557272,Audiobook
22557272,Contemporary
22557272,Adult
37435,Fiction
37435,Historical Fiction
37435,Book Club
37435,Classics
37435,Young Adult
37435,Historical
37435,Coming Of Age
37435,Contemporary
37435,Adult Fiction
37435,Adult
186074,Fantasy
186074,Fiction
186074,Epic Fantasy
186074,High Fantasy
186074,Audiobook
186074,Magic
186074,Science Fiction Fantasy
186074,Adult
186074,Adventure
186074,Book Club
4989,Historical Fiction
4989,Fiction
4989,Book Club
4989,Historical
4989,Religion
4989,Feminism
4989,Adult
4989,Womens
4989,Novels
4989,Adult Fiction
21671,Mystery
21671,Fiction
21671,Thriller
21671,Crime
21671,Mystery Thriller
21671,Suspense
21671,Book Club
21671,Drama
21671,Novels
21671,Contemporary
28877,Horror
28877,Fiction
28877,Thriller
28877,Crime
28877,Mystery
28877,Mystery Thriller
28877,Suspense
28877,Novels
28877,Contemporary
28877,Classics
117833,Classics
117833,Fiction
117833,Fantasy
117833,Russia
117833,Russian Literature
117833,Magical Realism
117833,Literature
117833,Novels
117833,Book Club
117833,Historical Fiction
61439040,Classics
61439040,Fiction
61439040,Science Fiction
61439040,Dystopia
61439040,Literature
61439040,Politics
61439040,Novels
61439040,School
61439040,Audiobook
61439040,Book Club
62080187,Thriller
62080187,Mystery
62080187,Audiobook
62080187,Mystery Thriller
62080187,Fiction
62080187,Book Club
62080187,Suspense
62080187,Crime
62080187,Psychological Thriller
62080187,Contemporary
7126,Classics
7126,Fiction
7126,Historical Fiction
7126,Adventure
7126,Literature
7126,France
7126,Historical
7126,Audiobook
7126,Novels
7126,Classic Literature
62334530,Thriller
62334530,Mystery
62334530,Audiobook
62334530,Fiction
62334530,Book Club
62334530,Mystery Thriller
62334530,Suspense
62334530,Crime
62334530,Contemporary
62334530,Psychological Thriller
9736930,Thriller
9736930,Fiction
9736930,Mystery
9736930,Book Club
9736930,Mystery Thriller
9736930,Suspense
9736930,Crime
9736930,Contemporary
9736930,Psychological Thriller
9736930,Adult
33516773,Fiction
33516773,Mystery
33516773,Book Club
33516773,Contemporary
33516773,Thriller
33516773,Mystery Thriller
33516773,Audiobook
33516773,Chick Lit
33516773,Adult
33516773,Adult Fiction
58468990,Mystery
58468990,Thriller
58468990,Fiction
58468990,Mystery Thriller
58468990,Audiobook
58468990,Book Club
58468990,Suspense
58468990,Crime
58468990,Contemporary
58468990,Adult
43822820,Thriller
43822820,Mystery
43822820,Fiction
43822820,Mystery Thriller
43822820,Audiobook
43822820,Book Club
43822820,Suspense
43822820,Crime
43822820,Contemporary
43822820,Adult
62848145,Thriller
62848145,Mystery
62848145,Fiction
62848145,Audiobook
62848145,Mystery Thriller
62848145,Suspense
62848145,Crime
62848145,Psychological Thriller
62848145,Book Club
62848145,Contemporary
36430011,Thriller
36430011,Fiction
36430011,Mystery
36430011,Mystery Thriller
36430011,Contemporary
36430011,Audiobook
36430011,Suspense
36430011,Horror
36430011,Adult
36430011,Crime
41837243,Thriller
41837243,Mystery
41837243,Mystery Thriller
41837243,Fiction
41837243,Horror
41837243,Audiobook
41837243,Suspense
41837243,Adult
41837243,Contemporary
41837243,Book Club
40389527,Thriller
40389527,Mystery
40389527,Fiction
40389527,Mystery Thriller
40389527,Book Club
40389527,Suspense
40389527,Audiobook
40389527,Crime
40389527,Psychological Thriller
40389527,Contemporary
4556058,Fantasy
4556058,Young Adult
4556058,Mythology
4556058,Fiction
4556058,Percy Jackson
4556058,Middle Grade
4556058,Adventure
4556058,Greek Mythology
4556058,Urban Fantasy
4556058,Childrens
28187230,Mystery
28187230,Thriller
28187230,Fiction
28187230,Mystery Thriller
28187230,Book Club
28187230,Audiobook
28187230,Suspense
28187230,Crime
28187230,Adult
28187230,Contemporary
25574782,Thriller
25574782,Mystery
25574782,Mystery Thriller
25574782,Fiction
25574782,Audiobook
25574782,Crime
25574782,Book Club
25574782,Suspense
25574782,Horror
25574782,Contemporary
113436,Fantasy
113436,Young Adult
113436,Fiction
113436,Dragons
113436,Adventure
113436,Magic
113436,High Fantasy
113436,Childrens
113436,Audiobook
113436,Young Adult Fantasy
4948,Picture Books
4948,Childrens
4948,Fiction
4948,Classics
4948,Animals
4948,Food
4948,Counting
4948,Storytime
4948,Kids
4948,Mathematics
50833559,Horror
50833559,Thriller
50833559,Mystery
50833559,Mystery Thriller
50833559,Fiction
50833559,Audiobook
50833559,Book Club
50833559,Suspense
50833559,Paranormal
50833559,Adult
2373,Mystery
2373,Thriller
2373,Fiction
2373,Crime
2373,Mystery Thriller
2373,Suspense
2373,Contemporary
2373,Novels
2373,Drama
2373,Book Club
62703226,Thriller
62703226,Mystery
62703226,Mystery Thriller
62703226,Fiction
62703226,Audiobook
62703226,Horror
62703226,Book Club
62703226,Suspense
62703226,Crime
62703226,Gothic
28815474,Thriller
28815474,Mystery
28815474,Fiction
28815474,Mystery Thriller
28815474,Book Club
28815474,Suspense
28815474,Audiobook
28815474,Crime
28815474,Contemporary
28815474,Adult
29437949,Thriller
29437949,Fiction
29437949,Mystery
29437949,Mystery Thriller
29437949,Book Club
29437949,Audiobook
29437949,Suspense
29437949,Psychological Thriller
29437949,Crime
29437949,Contemporary
32796253,Thriller
32796253,Mystery
32796253,Horror
32796253,Mystery Thriller
32796253,Fiction
32796253,Audiobook
32796253,Crime
32796253,Suspense
32796253,Adult
32796253,Contemporary
35522836,Thriller
35522836,Mystery Thriller
35522836,Mystery
35522836,Fiction
35522836,Horror
35522836,Suspense
35522836,Book Club
35522836,Crime
35522836,Contemporary
35522836,Adult
54981009,Mystery
54981009,Fiction
54981009,Thriller
54981009,Book Club
54981009,Mystery Thriller
54981009,Audiobook
54981009,Suspense
54981009,Contemporary
54981009,Adult
54981009,Crime
100915,Fantasy
100915,Classics
100915,Fiction
100915,Young Adult
100915,Childrens
100915,Middle Grade
100915,Adventure
100915,Christian
100915,Audiobook
100915,Magic
99561,Young Adult
99561,Fiction
99561,Contemporary
99561,Romance
99561,Coming Of Age
99561,Realistic Fiction
99561,Teen
99561,Mystery
99561,Banned Books
99561,Audiobook
35297426,Thriller
35297426,Mystery
35297426,Fiction
35297426,Mystery Thriller
35297426,Audiobook
35297426,Book Club
35297426,Suspense
35297426,Crime
35297426,Contemporary
35297426,Adult
23437156,Fantasy
23437156,Young Adult
23437156,Fiction
23437156,Romance
23437156,Young Adult Fantasy
23437156,Adventure
23437156,LGBT
23437156,Magic
23437156,Audiobook
23437156,High Fantasy
57693172,Thriller
57693172,Mystery
57693172,Mystery Thriller
57693172,Fiction
57693172,Audiobook
57693172,Book Club
57693172,Crime
57693172,Suspense
57693172,Contemporary
57693172,Adult
6310,Fiction
6310,Classics
6310,Fantasy
6310,Childrens
6310,Young Adult
6310,Middle Grade
6310,Humor
6310,Adventure
6310,Audiobook
6310,Novels
24583,Classics
24583,Fiction
24583,Adventure
24583,Historical Fiction
24583,Young Adult
24583,Literature
24583,Childrens
24583,School
24583,Audiobook
24583,Novels
2187,Fiction
2187,Historical Fiction
2187,Book Club
2187,Contemporary
2187,LGBT
2187,Classics
2187,Literary Fiction
2187,Queer
2187,Novels
2187,Literature
1232,Fiction
1232,Historical Fiction
1232,Mystery
1232,Fantasy
1232,Book Club
1232,Books About Books
1232,Historical
1232,Spain
1232,Magical Realism
1232,Gothic
6900,Nonfiction
6900,Memoir
6900,Biography
6900,Classics
6900,Philosophy
6900,Self Help
6900,Inspirational
6900,Book Club
6900,Contemporary
6900,Biography Memoir
1618,Fiction
1618,Mystery
1618,Young Adult
1618,Contemporary
1618,Book Club
1618,Classics
1618,Autistic Spectrum Disorder
1618,Novels
1618,School
1618,Psychology
38709,Young Adult
38709,Fiction
38709,Middle Grade
38709,Childrens
38709,Classics
38709,School
38709,Mystery
38709,Realistic Fiction
38709,Adventure
38709,Contemporary
1,Fantasy
1,Fiction
1,Young Adult
1,Harry Potter
1,Magic
1,Audiobook
1,Childrens
1,Adventure
1,Middle Grade
1,Classics
9717,Fiction
9717,Classics
9717,Philosophy
9717,Literature
9717,Novels
9717,Romance
9717,Czech Literature
9717,Literary Fiction
9717,Contemporary
9717,Book Club
119073,Fiction
119073,Historical Fiction
119073,Mystery
119073,Classics
119073,Historical
119073,Literature
119073,Italy
119073,Crime
119073,Italian Literature
119073,Novels
70401,Classics
70401,Fiction
70401,Travel
70401,Literature
70401,Novels
70401,American
70401,Adventure
70401,Modern Classics
70401,20th Century
70401,Audiobook
10365,Classics
10365,Fiction
10365,Young Adult
10365,Childrens
10365,Historical Fiction
10365,Middle Grade
10365,School
10365,Animals
10365,Realistic Fiction
10365,Read For School
6148028,Young Adult
6148028,Dystopia
6148028,Fiction
6148028,Fantasy
6148028,Science Fiction
6148028,Romance
6148028,Adventure
6148028,Audiobook
6148028,Teen
6148028,Post Apocalyptic
13623848,Fantasy
13623848,Historical Fiction
13623848,Romance
13623848,Fiction
13623848,Mythology
13623848,LGBT
13623848,Queer
13623848,Greek Mythology
13623848,Historical
13623848,Audiobook
22034,Fiction
22034,Classics
22034,Crime
22034,Thriller
22034,Historical Fiction
22034,Mystery
22034,Novels
22034,Drama
22034,Audiobook
22034,Literature
168642,Nonfiction
168642,Classics
168642,True Crime
168642,Crime
168642,Mystery
168642,History
168642,Book Club
168642,Thriller
168642,Audiobook
168642,Literature
12296,Classics
12296,Fiction
12296,Historical Fiction
12296,School
12296,Literature
12296,High School
12296,Historical
12296,Read For School
12296,Classic Literature
12296,Novels
30165203,Fantasy
30165203,Fiction
30165203,Mythology
30165203,Urban Fantasy
30165203,Audiobook
30165203,Science Fiction
30165203,Science Fiction Fantasy
30165203,Adult
30165203,Book Club
30165203,Contemporary
3431,Fiction
3431,Contemporary
3431,Inspirational
3431,Fantasy
3431,Classics
3431,Book Club
3431,Spirituality
3431,Philosophy
3431,Adult
3431,Novels
472331,Graphic Novels
472331,Comics
472331,Fiction
472331,Science Fiction
472331,Fantasy
472331,Graphic Novels Comics
472331,Classics
472331,Comic Book
472331,Superheroes
472331,Dystopia
6656,Classics
6656,Poetry
6656,Fiction
6656,Literature
6656,Philosophy
6656,Religion
6656,Fantasy
6656,Italian Literature
6656,Italy
6656,Classic Literature
355697,Classics
355697,Fiction
355697,Historical Fiction
355697,War
355697,Historical
355697,Literature
355697,School
355697,German Literature
355697,World War I
355697,Novels
233093,Childrens
233093,Picture Books
233093,Classics
233093,Fiction
233093,Poetry
233093,Fantasy
233093,Humor
233093,Animals
233093,Kids
233093,Cats
28676,Fiction
28676,Horror
28676,Classics
28676,Thriller
28676,Crime
28676,Contemporary
28676,Novels
28676,Mystery
28676,Literature
28676,American
12067,Fantasy
12067,Fiction
12067,Humor
12067,Audiobook
12067,Comedy
12067,Urban Fantasy
12067,Book Club
12067,Science Fiction Fantasy
12067,Adult
12067,Science Fiction
256008,Fiction
256008,Historical Fiction
256008,Westerns
256008,Classics
256008,Historical
256008,Audiobook
256008,Adventure
256008,Book Club
256008,Novels
256008,Literature
114345,Classics
114345,Historical Fiction
114345,Childrens
114345,Fiction
114345,Young Adult
114345,Historical
114345,Middle Grade
114345,Juvenile
114345,Literature
114345,Adventure
6339664,Fantasy
6339664,Young Adult
6339664,Romance
6339664,Paranormal
6339664,Angels
6339664,Paranormal Romance
6339664,Fiction
6339664,Supernatural
6339664,Urban Fantasy
6339664,Young Adult Fantasy
10956,Fiction
10956,Classics
10956,Contemporary
10956,Literary Fiction
10956,Young Adult
10956,Coming Of Age
10956,Mental Health
10956,Book Club
10956,Novels
10956,Adult
34268,Classics
34268,Fantasy
34268,Fiction
34268,Childrens
34268,Adventure
34268,Audiobook
34268,Young Adult
34268,Middle Grade
34268,Fairy Tales
34268,Literature
561456,Fantasy
561456,Young Adult
561456,Mythology
561456,Fiction
561456,Percy Jackson
561456,Middle Grade
561456,Adventure
561456,Greek Mythology
561456,Audiobook
561456,Childrens
31685789,Fiction
31685789,Book Club
31685789,Contemporary
31685789,Thriller
31685789,Adult
31685789,Adult Fiction
31685789,Audiobook
31685789,Crime
31685789,Drama
31685789,Literary Fiction
2120932,Fantasy
2120932,Young Adult
2120932,Mythology
2120932,Fiction
2120932,Percy Jackson
2120932,Middle Grade
2120932,Adventure
2120932,Greek Mythology
2120932,Urban Fantasy
2120932,Audiobook
17927395,Fantasy
17927395,Romance
17927395,Romantasy
17927395,Young Adult
17927395,Fiction
17927395,Audiobook
17927395,Fae
17927395,New Adult
17927395,Fantasy Romance
17927395,Enemies To Lovers
7896527,Fantasy
7896527,Young Adult
7896527,Romance
7896527,Romantasy
7896527,Fiction
7896527,Magic
7896527,Audiobook
7896527,Young Adult Fantasy
7896527,High Fantasy
7896527,Fae
28186,Fantasy
28186,Young Adult
28186,Mythology
28186,Fiction
28186,Middle Grade
28186,Percy Jackson
28186,Adventure
28186,Greek Mythology
28186,Audiobook
28186,Childrens
9712,Fiction
9712,Classics
9712,Historical Fiction
9712,Romance
9712,Magical Realism
9712,Literature
9712,Book Club
9712,Novels
9712,Spanish Literature
9712,Literary Fiction
11735983,Young Adult
11735983,Dystopia
11735983,Fantasy
11735983,Fiction
11735983,Science Fiction
11735983,Romance
11735983,Adventure
11735983,Audiobook
11735983,Teen
11735983,Post Apocalyptic
35545737,Romance
35545737,Fiction
35545737,Young Adult
35545737,Contemporary
35545737,Chick Lit
35545737,Adult
35545737,Contemporary Romance
35545737,Drama
35545737,Love
35545737,Adult Fiction
58572970,Nonfiction
58572970,Self Help
58572970,Addiction
58572970,Psychology
58572970,Mental Health
58572970,Memoir
58572970,Classics
58572970,Education
58572970,Personal Development
58572970,Health
3412,Fiction
3412,Historical Fiction
3412,Romance
3412,Classics
3412,Australia
3412,Historical
3412,Historical Romance
3412,Drama
3412,Novels
3412,Family Saga
113946,Childrens
113946,Picture Books
113946,Christmas
113946,Classics
113946,Fiction
113946,Poetry
113946,Fantasy
113946,Holiday
113946,Humor
113946,Kids
18335634,Fantasy
18335634,Young Adult
18335634,Romance
18335634,Paranormal
18335634,Historical Fiction
18335634,Steampunk
18335634,Urban Fantasy
18335634,Fiction
18335634,Historical
18335634,Young Adult Fantasy
6186357,Young Adult
6186357,Dystopia
6186357,Science Fiction
6186357,Fiction
6186357,Fantasy
6186357,Adventure
6186357,Audiobook
6186357,Mystery
6186357,Post Apocalyptic
6186357,Teen
13,Science Fiction
13,Fiction
13,Humor
13,Fantasy
13,Classics
13,Comedy
13,Science Fiction Fantasy
13,Adventure
13,Novels
13,Space
32620332,Fiction
32620332,Romance
32620332,Historical Fiction
32620332,LGBT
32620332,Book Club
32620332,Audiobook
32620332,Contemporary
32620332,Queer
32620332,Historical
32620332,Adult
37415,Classics
37415,Fiction
37415,Historical Fiction
37415,School
37415,Book Club
37415,African American
37415,Literature
37415,Feminism
37415,Historical
37415,Audiobook
2802316,Young Adult
2802316,Fantasy
2802316,Vampires
2802316,Paranormal
2802316,Romance
2802316,Urban Fantasy
2802316,Paranormal Romance
2802316,Fiction
2802316,Supernatural
2802316,Magic
92303,Classics
92303,Plays
92303,Fiction
92303,Drama
92303,Humor
92303,School
92303,Literature
92303,Comedy
92303,Theatre
92303,Romance
58613345,Fantasy
58613345,Fiction
58613345,Young Adult
58613345,Harry Potter
58613345,Magic
58613345,Audiobook
58613345,Childrens
58613345,Adventure
58613345,Middle Grade
58613345,Classics
1423,Plays
1423,Classics
1423,Humor
1423,Drama
1423,Fiction
1423,Shakespeare
1423,Theatre
1423,Comedy
1423,Poetry
1423,Literature
236093,Classics
236093,Fantasy
236093,Fiction
236093,Childrens
236093,Young Adult
236093,Audiobook
236093,Adventure
236093,Middle Grade
236093,Magic
236093,Literature
6867,Fiction
6867,Historical Fiction
6867,Classics
6867,Romance
6867,Historical
6867,Book Club
6867,War
6867,Literary Fiction
6867,Contemporary
6867,Literature
48855,Classics
48855,Nonfiction
48855,History
48855,Biography
48855,Memoir
48855,Historical
48855,Holocaust
48855,Autobiography
48855,War
48855,School
7190,Classics
7190,Fiction
7190,Historical Fiction
7190,Adventure
7190,France
7190,Literature
7190,Historical
7190,French Literature
7190,Audiobook
7190,Classic Literature
7784,Childrens
7784,Picture Books
7784,Fiction
7784,Classics
7784,Poetry
7784,Fantasy
7784,Environment
7784,Banned Books
7784,Young Adult
7784,Kids
19501,Nonfiction
19501,Memoir
19501,Travel
19501,Book Club
19501,Biography
19501,Romance
19501,Chick Lit
19501,Spirituality
19501,Biography Memoir
19501,Contemporary
7938275,Young Adult
7938275,Fiction
7938275,Fantasy
7938275,Dystopia
7938275,Science Fiction
7938275,Romance
7938275,Adventure
7938275,Action
7938275,Teen
7938275,Thriller
32929,Childrens
32929,Picture Books
32929,Classics
32929,Fiction
32929,Poetry
32929,Kids
32929,Animals
32929,Juvenile
32929,Young Adult
32929,Storytime
853510,Mystery
853510,Classics
853510,Fiction
853510,Agatha Christie
853510,Crime
853510,Mystery Thriller
853510,Audiobook
853510,Thriller
853510,Book Club
853510,Detective
1622,Classics
1622,Plays
1622,Shakespeare
1622,Fiction
1622,Fantasy
1622,Drama
1622,School
1622,Romance
1622,Theatre
1622,Poetry
68783,Nonfiction
68783,Memoir
68783,Mental Health
68783,Psychology
68783,Classics
68783,Biography
68783,Mental Illness
68783,Biography Memoir
68783,Contemporary
68783,Autobiography
567678,Fiction
567678,Horror
567678,Thriller
567678,Contemporary
567678,Mystery
567678,Classics
567678,Scotland
567678,Dark
567678,Novels
567678,Book Club
40940121,Fiction
40940121,Young Adult
40940121,Classics
40940121,Fantasy
40940121,Childrens
40940121,Middle Grade
40940121,Realistic Fiction
40940121,School
40940121,Contemporary
40940121,Banned Books
2282133,Young Adult
2282133,Fantasy
2282133,Vampires
2282133,Paranormal
2282133,Romance
2282133,Urban Fantasy
2282133,Paranormal Romance
2282133,Fiction
2282133,Supernatural
2282133,Magic
10507293,Romance
10507293,Young Adult
10507293,Dystopia
10507293,Fantasy
10507293,Fiction
10507293,Audiobook
10507293,Science Fiction
10507293,Royalty
10507293,Teen
10507293,Young Adult Fantasy
46945,Fiction
46945,Classics
46945,Thriller
46945,Contemporary
46945,Mystery
46945,Crime
46945,Novels
46945,Literature
46945,Drugs
46945,Addiction
4900,Classics
4900,Fiction
4900,Literature
4900,Historical Fiction
4900,Africa
4900,School
4900,Novels
4900,Audiobook
4900,Adventure
4900,Read For School
298663,Fiction
298663,Crime
298663,Mystery
298663,Noir
298663,Thriller
298663,Horror
298663,Mystery Thriller
298663,Classics
298663,Novels
298663,Book Club
32261,Classics
32261,Fiction
32261,Romance
32261,Literature
32261,Historical Fiction
32261,19th Century
32261,Victorian
32261,Novels
32261,Classic Literature
32261,British Literature
17231,Fiction
17231,Mystery
17231,Thriller
17231,Crime
17231,Horror
17231,Mystery Thriller
17231,Audiobook
17231,Suspense
17231,Adult
17231,Contemporary
9361589,Fantasy
9361589,Fiction
9361589,Romance
9361589,Book Club
9361589,Historical Fiction
9361589,Magical Realism
9361589,Magic
9361589,Young Adult
9361589,Audiobook
9361589,Adult
1852,Classics
1852,Fiction
1852,Adventure
1852,Young Adult
1852,Animals
1852,Historical Fiction
1852,Literature
1852,Audiobook
1852,School
1852,Childrens
243705,Fiction
243705,Classics
243705,Horror
243705,Thriller
243705,Crime
243705,Mystery
243705,Mystery Thriller
243705,Contemporary
243705,Novels
243705,Literature
2547,Poetry
2547,Classics
2547,Philosophy
2547,Fiction
2547,Spirituality
2547,Religion
2547,Literature
2547,Self Help
2547,Inspirational
2547,Middle East
9915,Fiction
9915,Contemporary
9915,Novels
9915,Classics
9915,American
9915,Literature
9915,Literary Fiction
9915,Thriller
9915,Coming Of Age
9915,Mystery
7203669,Fiction
7203669,Crime
7203669,Thriller
7203669,Mystery
7203669,Noir
7203669,Mystery Thriller
7203669,Novels
7203669,Contemporary
7203669,Adventure
7203669,Book Club
5996153,Young Adult
5996153,Fantasy
5996153,Vampires
5996153,Paranormal
5996153,Romance
5996153,Urban Fantasy
5996153,Paranormal Romance
5996153,Fiction
5996153,Supernatural
5996153,Magic
12331767,Fiction
12331767,Science Fiction
12331767,Dystopia
12331767,Horror
12331767,Thriller
12331767,Classics
12331767,Audiobook
12331767,Book Club
12331767,Novels
12331767,Contemporary
38819868,Fiction
38819868,Thriller
38819868,Mystery
38819868,Audiobook
38819868,Book Club
38819868,Contemporary
38819868,Crime
38819868,Mystery Thriller
38819868,Africa
38819868,Adult
164760,Crime
164760,Fiction
164760,Thriller
164760,Mystery
164760,Mystery Thriller
164760,Book Club
164760,Noir
164760,Audiobook
164760,Adventure
164760,Contemporary
7763,Fiction
7763,Historical Fiction
7763,Classics
7763,China
7763,Contemporary
7763,Book Club
7763,Historical
7763,School
7763,Adult
7763,Asia
57727,Fiction
57727,Crime
57727,Mystery
57727,Noir
57727,Thriller
57727,Mystery Thriller
57727,Historical Fiction
57727,Detective
57727,Novels
57727,Contemporary
13023,Classics
13023,Fantasy
13023,Fiction
13023,Childrens
13023,Young Adult
13023,Adventure
13023,Literature
13023,Middle Grade
13023,Novels
13023,Classic Literature
191139,Childrens
191139,Picture Books
191139,Fiction
191139,Classics
191139,Poetry
191139,Fantasy
191139,Young Adult
191139,Inspirational
191139,Kids
191139,Humor
3392668,Horror
3392668,Fiction
3392668,Thriller
3392668,Japan
3392668,Japanese Literature
3392668,Mystery
3392668,Contemporary
3392668,Audiobook
3392668,Mystery Thriller
3392668,Crime
1078,Classics
1078,Fiction
1078,Historical Fiction
1078,China
1078,Book Club
1078,Literature
1078,Historical
1078,Asia
1078,Novels
1078,Audiobook
29430824,Thriller
29430824,Fiction
29430824,Audiobook
29430824,Mystery
29430824,Mystery Thriller
29430824,Contemporary
29430824,Crime
29430824,Adult
29430824,Suspense
29430824,Horror
27712,Fantasy
27712,Classics
27712,Fiction
27712,Young Adult
27712,Childrens
27712,Adventure
27712,German Literature
27712,Middle Grade
27712,Audiobook
27712,Books About Books
378,Fantasy
378,Fiction
378,Classics
378,Childrens
378,Young Adult
378,Middle Grade
378,Adventure
378,Humor
378,School
378,Juvenile
243257,Fiction
243257,Thriller
243257,Contemporary
243257,Mystery
243257,Crime
243257,Book Club
243257,Adventure
243257,Mystery Thriller
243257,Novels
243257,Adult
36064,Fiction
36064,Crime
36064,Mystery
36064,Historical Fiction
36064,Noir
36064,Thriller
36064,Contemporary
36064,Mystery Thriller
36064,Novels
36064,Realistic Fiction
2247142,Fiction
2247142,Classics
2247142,Mystery
2247142,Thriller
2247142,Crime
2247142,Mystery Thriller
2247142,Book Club
2247142,Suspense
2247142,Italy
2247142,Novels
2175,Classics
2175,Fiction
2175,France
2175,Literature
2175,French Literature
2175,Romance
2175,19th Century
2175,Novels
2175,Historical Fiction
2175,Classic Literature
165662,Fiction
165662,Mystery
165662,Contemporary
165662,Crime
165662,Thriller
165662,Adventure
165662,Realistic Fiction
165662,Adult Fiction
165662,Adult
165662,Book Club
2848807,Fiction
2848807,Thriller
2848807,Contemporary
2848807,Mystery
2848807,Music
2848807,Adult Fiction
2848807,Adult
2848807,Crime
2848807,Humor
2848807,Noir
57773248,Fiction
57773248,Thriller
57773248,Mystery
57773248,Mystery Thriller
57773248,Book Club
57773248,Contemporary
57773248,Audiobook
57773248,Crime
57773248,Literary Fiction
57773248,Adult
45794,Fiction
45794,Crime
45794,Mystery
45794,Thriller
45794,Contemporary
45794,Mystery Thriller
45794,Adult Fiction
45794,Adult
45794,Noir
45794,Realistic Fiction
18254,Classics
18254,Fiction
18254,Historical Fiction
18254,Literature
18254,Novels
18254,19th Century
18254,Classic Literature
18254,Historical
18254,Victorian
18254,British Literature
295,Classics
295,Fiction
295,Adventure
295,Historical Fiction
295,Young Adult
295,Childrens
295,Pirates
295,Fantasy
295,Literature
295,Audiobook
6347010,Horror
6347010,Thriller
6347010,Fiction
6347010,Mystery
6347010,Historical Fiction
6347010,Crime
6347010,Japan
6347010,Mystery Thriller
6347010,Book Club
6347010,China
8008928,Fiction
8008928,Crime
8008928,Thriller
8008928,Mystery
8008928,Contemporary
8008928,Noir
8008928,Mystery Thriller
8008928,Adult
8008928,Adult Fiction
8008928,Book Club
29421,Fiction
29421,Thriller
29421,Mystery
29421,Crime
29421,Contemporary
29421,Adult
29421,Adult Fiction
29421,Mystery Thriller
29421,Realistic Fiction
29421,Noir
62291,Fantasy
62291,Fiction
62291,Epic Fantasy
62291,High Fantasy
62291,Science Fiction Fantasy
62291,Audiobook
62291,Adult
62291,Dragons
62291,Adventure
62291,Epic
40605251,Fantasy
40605251,Fiction
40605251,Historical Fiction
40605251,Arthurian
40605251,Mythology
40605251,Classics
40605251,Historical
40605251,Science Fiction Fantasy
40605251,Romance
40605251,Magic
26050,Romance
26050,Romantic Suspense
26050,Mystery
26050,Fiction
26050,Contemporary
26050,Suspense
26050,Contemporary Romance
26050,Thriller
26050,Crime
26050,Chick Lit
400,Fiction
400,Historical Fiction
400,Novels
400,Literature
400,American
400,Literary Fiction
400,Contemporary
400,Politics
400,Book Club
400,Crime
50275,Fiction
50275,Classics
50275,Contemporary
50275,Thriller
50275,Novels
50275,New York
50275,American
50275,Literature
50275,Mystery
50275,Literary Fiction
61897971,Thriller
61897971,Fiction
61897971,Mystery
61897971,Mystery Thriller
61897971,Audiobook
61897971,Horror
61897971,Suspense
61897971,Crime
61897971,Book Club
61897971,Adult
39999,Historical Fiction
39999,Fiction
39999,Young Adult
39999,Historical
39999,Classics
39999,Holocaust
39999,War
39999,World War II
39999,School
39999,Book Club
62898932,Fiction
62898932,Mystery
62898932,Thriller
62898932,Contemporary
62898932,Mystery Thriller
62898932,Crime
62898932,Literary Fiction
62898932,Audiobook
62898932,Horror
62898932,Adult
130739876,Fiction
130739876,Book Club
130739876,Thriller
130739876,Contemporary
130739876,Horror
130739876,Crime
130739876,Drama
130739876,Audiobook
130739876,Literary Fiction
130739876,Adult
128765450,Mystery
128765450,Fiction
128765450,Crime
128765450,Noir
128765450,Thriller
128765450,Historical Fiction
128765450,True Crime
128765450,Mystery Thriller
128765450,Detective
128765450,Book Club
112525,Fiction
112525,Mystery
112525,Contemporary
112525,Crime
112525,Book Club
112525,Thriller
112525,Adult Fiction
112525,Audiobook
112525,Mystery Thriller
112525,Literary Fiction
40604658,Science Fiction
40604658,Fiction
40604658,Thriller
40604658,Horror
40604658,Fantasy
40604658,Classics
40604658,Adventure
40604658,Audiobook
40604658,Dinosaurs
40604658,Science Fiction Fantasy
338798,Classics
338798,Fiction
338798,Literature
338798,Ireland
338798,Novels
338798,Irish Literature
338798,20th Century
338798,Banned Books
338798,Literary Fiction
338798,Classic Literature
71728,Fiction
71728,Classics
71728,Philosophy
71728,Fantasy
71728,Spirituality
71728,Self Help
71728,Inspirational
71728,Literature
71728,Novels
71728,Animals
21727,Fiction
21727,Thriller
21727,Mystery
21727,Crime
21727,Mystery Thriller
21727,Suspense
21727,Horror
21727,Contemporary
21727,Book Club
21727,Adult Fiction
131313317,Fiction
131313317,Thriller
131313317,Westerns
131313317,Crime
131313317,Classics
131313317,Mystery
131313317,Literature
131313317,Audiobook
131313317,Novels
131313317,Contemporary
6149,Fiction
6149,Classics
6149,Historical Fiction
6149,Magical Realism
6149,Historical
6149,Literature
6149,School
6149,Literary Fiction
6149,Book Club
6149,Banned Books
23955,Fiction
23955,Contemporary
23955,Classics
23955,Scotland
23955,Novels
23955,Drugs
23955,Crime
23955,Thriller
23955,Literature
23955,British Literature
10818853,Romance
10818853,Fiction
10818853,Erotica
10818853,BDSM
10818853,Adult
10818853,Contemporary
10818853,Contemporary Romance
10818853,Chick Lit
10818853,Book Club
10818853,Erotic Romance
70241,Fiction
70241,Science Fiction
70241,Horror
70241,Novels
70241,Contemporary
70241,Classics
70241,Literature
70241,Thriller
70241,Mystery
70241,British Literature
607639,Fiction
607639,Travel
607639,Thriller
607639,Contemporary
607639,Adventure
607639,Mystery
607639,Novels
607639,Asia
607639,Classics
607639,Mystery Thriller
7736182,Fantasy
7736182,Mythology
7736182,Young Adult
7736182,Fiction
7736182,Middle Grade
7736182,Percy Jackson
7736182,Adventure
7736182,Greek Mythology
7736182,Urban Fantasy
7736182,Audiobook
40611463,Historical Fiction
40611463,Fiction
40611463,Fantasy
40611463,Historical
40611463,Classics
40611463,Romance
40611463,Adventure
40611463,Prehistoric
40611463,Adult
40611463,Audiobook
36381037,Fantasy
36381037,Young Adult
36381037,Science Fiction
36381037,Romance
36381037,Dystopia
36381037,Retellings
36381037,Fiction
36381037,Audiobook
36381037,Fairy Tales
36381037,Young Adult Fantasy
143416043,Nonfiction
143416043,Classics
143416043,True Crime
143416043,Crime
143416043,Mystery
143416043,History
143416043,Book Club
143416043,Thriller
143416043,Audiobook
143416043,Literature
3008,Classics
3008,Fiction
3008,Childrens
3008,Young Adult
3008,Historical Fiction
3008,Middle Grade
3008,Historical
3008,Audiobook
3008,Literature
3008,Classic Literature
10799,Classics
10799,Fiction
10799,Historical Fiction
10799,War
10799,Literature
10799,Novels
10799,Romance
10799,American
10799,Historical
10799,Classic Literature
58696,Classics
58696,Fiction
58696,Literature
58696,Historical Fiction
58696,Audiobook
58696,19th Century
58696,Novels
58696,Victorian
58696,Classic Literature
58696,British Literature
2696,Classics
2696,Fiction
2696,Poetry
2696,Literature
2696,School
2696,Medieval
2696,Short Stories
2696,Historical Fiction
2696,Classic Literature
2696,Read For School
29844228,Young Adult
29844228,Fiction
29844228,Contemporary
29844228,Realistic Fiction
29844228,Mystery
29844228,Mental Health
29844228,Teen
29844228,Audiobook
29844228,Romance
29844228,Drama
7260188,Young Adult
7260188,Dystopia
7260188,Fiction
7260188,Fantasy
7260188,Science Fiction
7260188,Romance
7260188,Adventure
7260188,Audiobook
7260188,Teen
7260188,Post Apocalyptic
7069,Fiction
7069,Classics
7069,Literature
7069,Contemporary
7069,Novels
7069,Literary Fiction
7069,Humor
7069,American
7069,Book Club
7069,Audiobook
1375,Classics
1375,Fiction
1375,Poetry
1375,Mythology
1375,Fantasy
1375,Literature
1375,Historical Fiction
1375,Greek Mythology
1375,School
1375,Historical
6294,Fantasy
6294,Young Adult
6294,Fiction
6294,Romance
6294,Middle Grade
6294,Classics
6294,Magic
6294,Audiobook
6294,Childrens
6294,Adventure
7332,Fantasy
7332,Fiction
7332,Classics
7332,High Fantasy
7332,Epic Fantasy
7332,Science Fiction Fantasy
7332,Mythology
7332,Audiobook
7332,Literature
7332,Adventure
18116,Fantasy
18116,Fiction
18116,Young Adult
18116,Childrens
18116,Science Fiction Fantasy
18116,Science Fiction
18116,Classics
18116,Adventure
18116,Steampunk
18116,Middle Grade
144974,Classics
144974,Childrens
144974,Fiction
144974,Picture Books
144974,Fantasy
144974,Animals
144974,Young Adult
144974,Short Stories
144974,Audiobook
144974,Juvenile
17690,Classics
17690,Fiction
17690,Philosophy
17690,Literature
17690,German Literature
17690,Novels
17690,Dystopia
17690,20th Century
17690,Audiobook
17690,Literary Fiction
375013,History
375013,Nonfiction
375013,Classics
375013,Holocaust
375013,War
375013,Historical
375013,World War II
375013,Biography
375013,Jewish
375013,Literature
52382796,Historical Fiction
52382796,Fiction
52382796,Japan
52382796,Historical
52382796,Classics
52382796,Adventure
52382796,Audiobook
52382796,Asia
52382796,Literature
52382796,Novels
37442,Fantasy
37442,Fiction
37442,Book Club
37442,Retellings
37442,Audiobook
37442,Adult
37442,Classics
37442,Witches
37442,Magic
37442,Adult Fiction
10025305,Fantasy
10025305,Young Adult
10025305,Romance
10025305,Paranormal
10025305,Steampunk
10025305,Historical Fiction
10025305,Urban Fantasy
10025305,Fiction
10025305,Historical
10025305,Young Adult Fantasy
4069,Nonfiction
4069,Psychology
4069,Philosophy
4069,History
4069,Self Help
4069,Memoir
4069,Biography
4069,Classics
4069,Audiobook
4069,Spirituality
4588,Fiction
4588,Contemporary
4588,Book Club
4588,Historical Fiction
4588,Novels
4588,Literary Fiction
4588,Adult
4588,Adult Fiction
4588,Literature
4588,New York
23807,Horror
23807,Fiction
23807,Thriller
23807,Mystery
23807,Crime
23807,Classics
23807,Mystery Thriller
23807,Suspense
23807,Novels
23807,Audiobook
11566,Horror
11566,Fiction
11566,Fantasy
11566,Thriller
11566,Mystery
11566,Classics
11566,Crime
11566,Audiobook
11566,Historical Fiction
11566,Paranormal
22299763,Fantasy
22299763,Young Adult
22299763,Fiction
22299763,Romance
22299763,Young Adult Fantasy
22299763,LGBT
22299763,Magic
22299763,Audiobook
22299763,Adventure
22299763,High Fantasy
37470,Historical Fiction
37470,Fiction
37470,Historical
37470,Romance
37470,Book Club
37470,Adult
37470,British Literature
37470,Historical Romance
37470,Tudor Period
37470,Adult Fiction
3876,Classics
3876,Fiction
3876,Literature
3876,Historical Fiction
3876,Novels
3876,American
3876,Book Club
3876,Literary Fiction
3876,Spain
3876,School
33,Fantasy
33,Classics
33,Fiction
33,Adventure
33,Science Fiction Fantasy
33,High Fantasy
33,Epic Fantasy
33,Literature
33,Novels
33,Young Adult
6487308,Fantasy
6487308,Young Adult
6487308,Romance
6487308,Paranormal
6487308,Angels
6487308,Paranormal Romance
6487308,Fiction
6487308,Supernatural
6487308,Urban Fantasy
6487308,Young Adult Fantasy
6527740,Young Adult
6527740,Fantasy
6527740,Vampires
6527740,Paranormal
6527740,Romance
6527740,Urban Fantasy
6527740,Paranormal Romance
6527740,Fiction
6527740,Supernatural
6527740,Magic
310612,Fiction
310612,Classics
310612,Humor
310612,Book Club
310612,Literature
310612,Comedy
310612,Novels
310612,American
310612,Audiobook
310612,Literary Fiction
10614,Horror
10614,Fiction
10614,Thriller
10614,Mystery
10614,Audiobook
10614,Suspense
10614,Mystery Thriller
10614,Horror Thriller
10614,Adult
10614,Classics
8130077,Fiction
8130077,Christian
8130077,Classics
8130077,Religion
8130077,Christianity
8130077,Theology
8130077,Fantasy
8130077,Faith
8130077,Christian Fiction
8130077,Philosophy
17250,Classics
17250,Plays
17250,Fiction
17250,Historical Fiction
17250,School
17250,Drama
17250,Read For School
17250,Historical
17250,High School
17250,Literature
5659,Classics
5659,Fiction
5659,Childrens
5659,Fantasy
5659,Animals
5659,Young Adult
5659,Middle Grade
5659,Audiobook
5659,Adventure
5659,Literature
135479,Fiction
135479,Classics
135479,Science Fiction
135479,Humor
135479,Literature
135479,Novels
135479,Dystopia
135479,Satire
135479,American
135479,Book Club
514811,Historical Fiction
514811,Fiction
514811,Religion
514811,Historical
514811,Spirituality
514811,Literature
514811,Novels
514811,Contemporary
514811,Biblical Fiction
514811,Biblical
7235533,Fantasy
7235533,Fiction
7235533,Epic Fantasy
7235533,Audiobook
7235533,High Fantasy
7235533,Adult
7235533,Science Fiction Fantasy
7235533,Magic
7235533,Epic
7235533,Adventure
30118,Poetry
30118,Childrens
30118,Classics
30118,Fiction
30118,Humor
30118,Young Adult
30118,Picture Books
30118,Banned Books
30118,Middle Grade
30118,Juvenile
34,Fantasy
34,Classics
34,Fiction
34,Adventure
34,Audiobook
34,High Fantasy
34,Epic Fantasy
34,Science Fiction Fantasy
34,Novels
34,Young Adult
10572,Fantasy
10572,Fiction
10572,Epic Fantasy
10572,High Fantasy
10572,Audiobook
10572,Science Fiction Fantasy
10572,Adult
10572,Dragons
10572,Adventure
10572,Epic
480204,Classics
480204,Fiction
480204,Horror
480204,Gothic
480204,Romance
480204,Mystery
480204,Historical Fiction
480204,France
480204,Fantasy
480204,Literature
6479259,Young Adult
6479259,Fantasy
6479259,Vampires
6479259,Paranormal
6479259,Romance
6479259,Urban Fantasy
6479259,Paranormal Romance
6479259,Supernatural
6479259,Fiction
6479259,Magic
40495148,Fiction
40495148,Dystopia
40495148,Classics
40495148,Science Fiction
40495148,Novels
40495148,Portugal
40495148,Literature
40495148,Book Club
40495148,Horror
40495148,Portuguese Literature
6752378,Fantasy
6752378,Young Adult
6752378,Romance
6752378,Paranormal
6752378,Urban Fantasy
6752378,Fiction
6752378,Vampires
6752378,Angels
6752378,Young Adult Fantasy
6752378,Supernatural
561909,Nonfiction
561909,Biography
561909,History
561909,Christian
561909,Memoir
561909,Classics
561909,Holocaust
561909,World War II
561909,Historical
561909,Book Club
9777,Fiction
9777,India
9777,Historical Fiction
9777,Classics
9777,Literary Fiction
9777,Book Club
9777,Contemporary
9777,Indian Literature
9777,Novels
9777,Literature
9328,Fiction
9328,Magical Realism
9328,Historical Fiction
9328,Classics
9328,Fantasy
9328,Book Club
9328,Spanish Literature
9328,Historical
9328,Novels
9328,Literature
24337,Fantasy
24337,Young Adult
24337,Fiction
24337,Middle Grade
24337,Romance
24337,Childrens
24337,Fairy Tales
24337,Retellings
24337,Magic
24337,Classics
60288648,Fantasy
60288648,Young Adult
60288648,Urban Fantasy
60288648,Fiction
60288648,Young Adult Fantasy
60288648,Science Fiction
60288648,Childrens
60288648,Science Fiction Fantasy
60288648,Novels
6442769,Young Adult
6442769,Fiction
6442769,Contemporary
6442769,Romance
6442769,Mystery
6442769,Realistic Fiction
6442769,Coming Of Age
6442769,Teen
6442769,Adventure
6442769,High School
2865,Historical Fiction
2865,Fiction
2865,Classics
2865,Historical
2865,Art
2865,Romance
2865,Book Club
2865,Adult
2865,Novels
2865,Adult Fiction
26032825,Fantasy
26032825,Young Adult
26032825,Romance
26032825,Enemies To Lovers
26032825,Fae
26032825,Romantasy
26032825,Fiction
26032825,Young Adult Fantasy
26032825,Audiobook
26032825,Magic
11297,Fiction
11297,Romance
11297,Japan
11297,Japanese Literature
11297,Contemporary
11297,Classics
11297,Novels
11297,Literary Fiction
11297,Literature
11297,Magical Realism
11275,Fiction
11275,Magical Realism
11275,Japan
11275,Fantasy
11275,Japanese Literature
11275,Contemporary
11275,Novels
11275,Literature
11275,Literary Fiction
11275,Mystery
39832183,Historical Fiction
39832183,Fiction
39832183,Book Club
39832183,Romance
39832183,Historical
39832183,World War II
39832183,Audiobook
39832183,War
39832183,Books About Books
39832183,Adult
12691,Nonfiction
12691,Memoir
12691,Animals
12691,Biography
12691,Dogs
12691,Humor
12691,Book Club
12691,Biography Memoir
12691,Adult
12691,Contemporary
24770,Young Adult
24770,Dystopia
24770,Science Fiction
24770,Fiction
24770,Fantasy
24770,Romance
24770,Teen
24770,Adventure
24770,Audiobook
24770,Childrens
10429045,Fantasy
10429045,Dystopia
10429045,Young Adult
10429045,Romance
10429045,Fiction
10429045,Science Fiction
10429045,Romantasy
10429045,Paranormal
10429045,Enemies To Lovers
10429045,Audiobook
39280444,Young Adult
39280444,Fiction
39280444,Contemporary
39280444,Realistic Fiction
39280444,Mental Health
39280444,Coming Of Age
39280444,Banned Books
39280444,Teen
39280444,School
39280444,High School
5203,Fiction
5203,Contemporary
5203,Book Club
5203,Coming Of Age
5203,Chick Lit
5203,Adult Fiction
5203,Novels
5203,Literary Fiction
5203,Adult
5203,Drama
133518,Fiction
133518,Historical Fiction
133518,Classics
133518,War
133518,Short Stories
133518,School
133518,Historical
133518,Book Club
133518,Military Fiction
133518,Read For School
40874325,Fiction
40874325,Christian
40874325,Christian Fiction
40874325,Book Club
40874325,Religion
40874325,Spirituality
40874325,Faith
40874325,Inspirational
40874325,Christianity
40874325,Fantasy
24812,Comics
24812,Humor
24812,Graphic Novels
24812,Fiction
24812,Classics
24812,Comedy
24812,Graphic Novels Comics
24812,Childrens
24812,Comic Strips
24812,Comic Book
6068551,Young Adult
6068551,Fantasy
6068551,Romance
6068551,Paranormal
6068551,Werewolves
6068551,Fiction
6068551,Paranormal Romance
6068551,Supernatural
6068551,Urban Fantasy
6068551,Audiobook
4406,Classics
4406,Fiction
4406,Historical Fiction
4406,Literature
4406,Book Club
4406,Novels
4406,Literary Fiction
4406,American
4406,Historical
4406,Audiobook
7745,Fiction
7745,Classics
7745,Humor
7745,Journalism
7745,Drugs
7745,Novels
7745,Literature
7745,American
7745,Contemporary
7745,Travel
10975,Classics
10975,Fiction
10975,Literature
10975,Novels
10975,American
10975,Southern Gothic
10975,Literary Fiction
10975,20th Century
10975,School
10975,Southern
4929,Fiction
4929,Magical Realism
4929,Fantasy
4929,Japan
4929,Japanese Literature
4929,Contemporary
4929,Novels
4929,Classics
4929,Literature
4929,Literary Fiction
30183,Young Adult
30183,Fantasy
30183,Vampires
30183,Paranormal
30183,Romance
30183,Fiction
30183,Supernatural
30183,Urban Fantasy
30183,Paranormal Romance
30183,Magic
188572,Classics
188572,Mystery
188572,Fiction
188572,Crime
188572,Short Stories
188572,Audiobook
188572,Detective
188572,Mystery Thriller
188572,Literature
188572,Thriller
46170,Classics
46170,Fiction
46170,Historical Fiction
46170,Literature
46170,War
46170,Novels
46170,American
46170,Spain
46170,Classic Literature
46170,Literary Fiction
11387515,Fiction
11387515,Young Adult
11387515,Middle Grade
11387515,Contemporary
11387515,Realistic Fiction
11387515,Book Club
11387515,Childrens
11387515,School
11387515,Friendship
11387515,Coming Of Age
12505,Classics
12505,Fiction
12505,Russia
12505,Russian Literature
12505,Literature
12505,Philosophy
12505,Novels
12505,19th Century
12505,Classic Literature
12505,Historical Fiction
41044096,Fiction
41044096,Young Adult
41044096,Historical Fiction
41044096,Classics
41044096,Childrens
41044096,Middle Grade
41044096,Adventure
41044096,School
41044096,Historical
41044096,Survival
12996,Classics
12996,Plays
12996,Shakespeare
12996,Fiction
12996,Drama
12996,School
12996,Theatre
12996,Literature
12996,Read For School
12996,Poetry
28194,Fantasy
28194,Young Adult
28194,Fiction
28194,Middle Grade
28194,Childrens
28194,Adventure
28194,Magic
28194,Books About Books
28194,Audiobook
28194,Young Adult Fantasy
350,Science Fiction
350,Fiction
350,Classics
350,Science Fiction Fantasy
350,Fantasy
350,Audiobook
350,Novels
350,Philosophy
350,Speculative Fiction
350,Religion
1845,Nonfiction
1845,Biography
1845,Adventure
1845,Travel
1845,Classics
1845,Memoir
1845,Nature
1845,School
1845,Audiobook
1845,Biography Memoir
546018,Historical Fiction
546018,Fiction
546018,Classics
546018,Historical
546018,African American
546018,Africa
546018,Race
546018,Audiobook
546018,Literature
546018,Novels
16096824,Fantasy
16096824,Romance
16096824,Romantasy
16096824,Young Adult
16096824,Fiction
16096824,Audiobook
16096824,Fae
16096824,New Adult
16096824,Fantasy Romance
16096824,Magic
6334,Fiction
6334,Science Fiction
6334,Dystopia
6334,Book Club
6334,Contemporary
6334,Literary Fiction
6334,Classics
6334,Romance
6334,Audiobook
6334,Novels
9969571,Science Fiction
9969571,Fiction
9969571,Young Adult
9969571,Fantasy
9969571,Dystopia
9969571,Audiobook
9969571,Book Club
9969571,Adventure
9969571,Science Fiction Fantasy
9969571,Cyberpunk
40916679,Mystery
40916679,Thriller
40916679,Young Adult
40916679,Mystery Thriller
40916679,Fiction
40916679,Crime
40916679,Audiobook
40916679,Contemporary
40916679,Murder Mystery
40916679,Book Club
68428,Fantasy
68428,Fiction
68428,High Fantasy
68428,Audiobook
68428,Epic Fantasy
68428,Magic
68428,Adult
68428,Science Fiction Fantasy
68428,Young Adult
68428,Adventure
18143977,Historical Fiction
18143977,Fiction
18143977,Book Club
18143977,Historical
18143977,War
18143977,Audiobook
18143977,World War II
18143977,Adult
18143977,Literary Fiction
18143977,France
43814,Horror
43814,Fantasy
43814,Vampires
43814,Fiction
43814,Paranormal
43814,Gothic
43814,Supernatural
43814,Urban Fantasy
43814,Historical Fiction
43814,Adult
14497,Fantasy
14497,Fiction
14497,Urban Fantasy
14497,Audiobook
14497,Science Fiction Fantasy
14497,Horror
14497,Science Fiction
14497,Book Club
14497,Adventure
14497,Adult
61431922,Fantasy
61431922,Romance
61431922,Romantasy
61431922,Dragons
61431922,Fiction
61431922,Audiobook
61431922,Enemies To Lovers
61431922,Fantasy Romance
61431922,Book Club
61431922,Magic
6892870,Fiction
6892870,Mystery
6892870,Thriller
6892870,Crime
6892870,Mystery Thriller
6892870,Suspense
6892870,Audiobook
6892870,Contemporary
6892870,Sweden
6892870,Adult
12938,Classics
12938,Plays
12938,Shakespeare
12938,Fiction
12938,Drama
12938,School
12938,Theatre
12938,Literature
12938,Poetry
12938,Read For School
12127750,Fantasy
12127750,Mythology
12127750,Young Adult
12127750,Fiction
12127750,Middle Grade
12127750,Percy Jackson
12127750,Adventure
12127750,Greek Mythology
12127750,Audiobook
12127750,Urban Fantasy
9520360,Fantasy
9520360,Mythology
9520360,Young Adult
9520360,Fiction
9520360,Middle Grade
9520360,Percy Jackson
9520360,Adventure
9520360,Greek Mythology
9520360,Urban Fantasy
9520360,Audiobook
29579,Science Fiction
29579,Fiction
29579,Classics
29579,Science Fiction Fantasy
29579,Fantasy
29579,Audiobook
29579,Space Opera
29579,Novels
29579,Space
29579,Book Club
11614718,Young Adult
11614718,Dystopia
11614718,Romance
11614718,Fantasy
11614718,Science Fiction
11614718,Fiction
11614718,Teen
11614718,Audiobook
11614718,Love
11614718,Ebooks
32234,Fiction
32234,Contemporary
32234,Coming Of Age
32234,Book Club
32234,Literary Fiction
32234,Drama
32234,Adult Fiction
32234,Chick Lit
32234,Adult
32234,Novels
11505797,Romance
11505797,New Adult
11505797,Contemporary
11505797,Young Adult
11505797,Contemporary Romance
11505797,College
11505797,Fiction
11505797,Chick Lit
11505797,College Romance
11505797,Friends To Lovers
18007564,Science Fiction
18007564,Fiction
18007564,Audiobook
18007564,Book Club
18007564,Adventure
18007564,Space
18007564,Adult
18007564,Thriller
18007564,Science Fiction Fantasy
18007564,Survival
46787,Classics
46787,Fiction
46787,Historical Fiction
46787,Literature
46787,Historical
46787,Novels
46787,American
46787,Classic Literature
46787,School
46787,19th Century
2184798,Travel
2184798,Nonfiction
2184798,Africa
2184798,History
2184798,Adventure
2184798,Memoir
2184798,Biography
2184798,Politics
2184798,Travelogue
2184798,Biography Memoir
6689,Childrens
6689,Fantasy
6689,Fiction
6689,Classics
6689,Young Adult
6689,Middle Grade
6689,Adventure
6689,Juvenile
6689,Audiobook
6689,Chapter Books
43545,Fantasy
43545,Classics
43545,Fiction
43545,Historical Fiction
43545,Arthurian
43545,Mythology
43545,Historical
43545,Young Adult
43545,Literature
43545,Science Fiction Fantasy
15997,Classics
15997,Poetry
15997,Fiction
15997,Literature
15997,Religion
15997,Philosophy
15997,Fantasy
15997,School
15997,Classic Literature
15997,Mythology
2493,Classics
2493,Science Fiction
2493,Fiction
2493,Time Travel
2493,Fantasy
2493,Dystopia
2493,Audiobook
2493,Literature
2493,Adventure
2493,Science Fiction Fantasy
4502877,Young Adult
4502877,Fantasy
4502877,Vampires
4502877,Romance
4502877,Paranormal
4502877,Fiction
4502877,Paranormal Romance
4502877,Supernatural
4502877,Urban Fantasy
4502877,Teen
19380,Classics
19380,Fiction
19380,Philosophy
19380,France
19380,Literature
19380,French Literature
19380,Humor
19380,Satire
19380,School
19380,18th Century
32085,Nonfiction
32085,Memoir
32085,Animals
32085,Classics
32085,Biography
32085,Audiobook
32085,Humor
32085,Biography Memoir
32085,Autobiography
32085,Book Club
227711,Fiction
227711,Contemporary
227711,Book Club
227711,Literary Fiction
227711,Novels
227711,Mental Health
227711,Psychology
227711,Adult Fiction
227711,Drama
227711,Mental Illness
1420,Classics
1420,Plays
1420,Fiction
1420,Shakespeare
1420,Drama
1420,School
1420,Literature
1420,Theatre
1420,Read For School
1420,Poetry
569564,Classics
569564,Poetry
569564,Fiction
569564,Plays
569564,Shakespeare
569564,Literature
569564,Drama
569564,Theatre
569564,Reference
569564,Classic Literature
17347634,Romance
17347634,Fiction
17347634,Contemporary
17347634,Book Club
17347634,Chick Lit
17347634,Adult
17347634,Audiobook
17347634,Adult Fiction
17347634,Contemporary Romance
17347634,Drama
93,Classics
93,Fiction
93,Childrens
93,Historical Fiction
93,Young Adult
93,Middle Grade
93,Historical
93,Audiobook
93,Juvenile
93,19th Century
16981,Classics
16981,Fiction
16981,Literature
16981,Historical Fiction
16981,Race
16981,African American
16981,Novels
16981,School
16981,Literary Fiction
16981,American
30236962,Historical Fiction
30236962,Fiction
30236962,Fantasy
30236962,Horror
30236962,Vampires
30236962,Mystery
30236962,Historical
30236962,Gothic
30236962,Paranormal
30236962,Dark Academia
6801755,Historical Fiction
6801755,Fiction
6801755,Egypt
6801755,Historical
6801755,Philosophy
6801755,Africa
6801755,Literature
6801755,Book Club
6801755,Feminism
6801755,Classics
40440,Fiction
40440,Mystery
40440,Historical Fiction
40440,Book Club
40440,Gothic
40440,Books About Books
40440,Fantasy
40440,Audiobook
40440,Historical
40440,Adult
1215032,Fantasy
1215032,Fiction
1215032,Epic Fantasy
1215032,High Fantasy
1215032,Audiobook
1215032,Magic
1215032,Science Fiction Fantasy
1215032,Adventure
1215032,Adult
1215032,Epic
8755776,Fantasy
8755776,Young Adult
8755776,Romance
8755776,Paranormal
8755776,Urban Fantasy
8755776,Fiction
8755776,Vampires
8755776,Angels
8755776,Young Adult Fantasy
8755776,Magic
16902,Classics
16902,Philosophy
16902,Nonfiction
16902,Nature
16902,Memoir
16902,Literature
16902,Biography
16902,Essays
16902,American
16902,Environment
28881,Fiction
28881,Humor
28881,Historical Fiction
28881,Fantasy
28881,Religion
28881,Comedy
28881,Book Club
28881,Audiobook
28881,Historical
28881,Satire
15195,Graphic Novels
15195,Comics
15195,Nonfiction
15195,History
15195,Memoir
15195,Biography
15195,Historical
15195,Classics
15195,War
15195,Holocaust
37732,Young Adult
37732,Fiction
37732,Classics
37732,Middle Grade
37732,Childrens
37732,Coming Of Age
37732,Realistic Fiction
37732,Banned Books
37732,Audiobook
37732,Contemporary
27494,Poetry
27494,Classics
27494,Fiction
27494,Literature
27494,American
27494,19th Century
27494,Philosophy
27494,Classic Literature
27494,School
27494,The United States Of America
3236307,Fantasy
3236307,Young Adult
3236307,Romance
3236307,Fiction
3236307,Young Adult Fantasy
3236307,Adventure
3236307,Magic
3236307,High Fantasy
3236307,Audiobook
3236307,Paranormal
39662,Horror
39662,Fiction
39662,Short Stories
39662,Thriller
39662,Mystery
39662,Fantasy
39662,Classics
39662,Drama
39662,Audiobook
39662,Suspense
13188676,Fantasy
13188676,Dystopia
13188676,Romance
13188676,Young Adult
13188676,Enemies To Lovers
13188676,Science Fiction
13188676,Fiction
13188676,Romantasy
13188676,Paranormal
13188676,Audiobook
4687,Fiction
4687,Classics
4687,Historical Fiction
4687,Literary Fiction
4687,Literature
4687,Novels
4687,Contemporary
4687,Audiobook
4687,Book Club
4687,Historical
14942,Classics
14942,Fiction
14942,Literature
14942,Feminism
14942,Novels
14942,Literary Fiction
14942,British Literature
14942,Book Club
14942,20th Century
14942,School
9275658,Dystopia
9275658,Young Adult
9275658,Fantasy
9275658,Romance
9275658,Science Fiction
9275658,Fiction
9275658,Adventure
9275658,Audiobook
9275658,Teen
9275658,Enemies To Lovers
22822858,Fiction
22822858,Contemporary
22822858,Literary Fiction
22822858,LGBT
22822858,Queer
22822858,Book Club
22822858,Mental Health
22822858,Adult
22822858,Audiobook
22822858,Novels
16068905,Young Adult
16068905,Romance
16068905,Contemporary
16068905,Fiction
16068905,Realistic Fiction
16068905,New Adult
16068905,Audiobook
16068905,Coming Of Age
16068905,Young Adult Contemporary
16068905,Chick Lit
36402034,Science Fiction
36402034,Fiction
36402034,Classics
36402034,Dystopia
36402034,Cyberpunk
36402034,Science Fiction Fantasy
36402034,Fantasy
36402034,Novels
36402034,Audiobook
36402034,Book Club
9375,Fiction
9375,Historical Fiction
9375,Classics
9375,LGBT
9375,Queer
9375,Book Club
9375,Historical
9375,Southern
9375,Chick Lit
9375,Humor
8921,Classics
8921,Mystery
8921,Fiction
8921,Crime
8921,Detective
8921,Mystery Thriller
8921,Thriller
8921,Audiobook
8921,Gothic
8921,Literature
12000020,Young Adult
12000020,Romance
12000020,LGBT
12000020,Contemporary
12000020,Fiction
12000020,Queer
12000020,Audiobook
12000020,Coming Of Age
12000020,Realistic Fiction
12000020,Gay
10959,Philosophy
10959,Fiction
10959,Classics
10959,Young Adult
10959,Fantasy
10959,Novels
10959,Literature
10959,Contemporary
10959,Mystery
10959,Scandinavian Literature
58345,Classics
58345,Fiction
58345,Feminism
58345,School
58345,Literature
58345,Historical Fiction
58345,Read For School
58345,High School
58345,Book Club
58345,American
37781,Fiction
37781,Classics
37781,Historical Fiction
37781,Africa
37781,School
37781,Literature
37781,Nigeria
37781,Historical
37781,Read For School
37781,Novels
19089,Classics
19089,Fiction
19089,Historical Fiction
19089,Literature
19089,19th Century
19089,Victorian
19089,Novels
19089,Audiobook
19089,Romance
19089,British Literature
3685,Classics
3685,Fiction
3685,Childrens
3685,Animals
3685,Young Adult
3685,Horses
3685,Historical Fiction
3685,Middle Grade
3685,Audiobook
3685,Adventure
44186,Picture Books
44186,Childrens
44186,Fiction
44186,Humor
44186,Classics
44186,Monsters
44186,Storytime
44186,Kids
44186,Juvenile
44186,Fantasy
2213661,Fantasy
2213661,Young Adult
2213661,Fiction
2213661,Horror
2213661,Middle Grade
2213661,Audiobook
2213661,Paranormal
2213661,Childrens
2213661,Ghosts
2213661,Supernatural
47281,Historical Fiction
47281,Young Adult
47281,Fiction
47281,Classics
47281,Middle Grade
47281,Historical
47281,Childrens
47281,Holocaust
47281,School
47281,World War II
11857408,Romance
11857408,Fiction
11857408,Erotica
11857408,BDSM
11857408,Adult
11857408,Contemporary
11857408,Contemporary Romance
11857408,Chick Lit
11857408,Erotic Romance
11857408,Smut
16793,Fantasy
16793,Fiction
16793,Romance
16793,Young Adult
16793,Adventure
16793,Audiobook
16793,Magic
16793,Science Fiction Fantasy
16793,Fairy Tales
16793,Adult
50659468,Fantasy
50659468,Romance
50659468,Romantasy
50659468,Young Adult
50659468,Fiction
50659468,Audiobook
50659468,Fae
50659468,New Adult
50659468,Fantasy Romance
50659468,Enemies To Lovers
52022378,Fiction
52022378,Novels
52022378,Ebooks
52022378,Fantasy
52022378,Book Club
52022378,Adventure
52022378,Epic
52022378,High Fantasy
52022378,Magic
52022378,Drama
656,Classics
656,Fiction
656,Historical Fiction
656,Russia
656,Russian Literature
656,Literature
656,War
656,Novels
656,Historical
656,19th Century
16735,Fiction
16735,Classics
16735,Romance
16735,Southern
16735,Contemporary
16735,Literary Fiction
16735,Literature
16735,Book Club
16735,Drama
16735,Audiobook
228560,Fiction
228560,Classics
228560,Historical Fiction
228560,Holocaust
228560,War
228560,Historical
228560,Banned Books
228560,World War II
228560,Literature
228560,Novels
301082,Fantasy
301082,Vampires
301082,Paranormal
301082,Romance
301082,Urban Fantasy
301082,Fiction
301082,Mystery
301082,Paranormal Romance
301082,Supernatural
301082,Horror
32542,Fiction
32542,Thriller
32542,Mystery
32542,Crime
32542,Suspense
32542,Legal Thriller
32542,Mystery Thriller
32542,Legal
32542,Novels
32542,Adult Fiction
65605,Fantasy
65605,Classics
65605,Fiction
65605,Young Adult
65605,Childrens
65605,Middle Grade
65605,Christian
65605,Adventure
65605,Audiobook
65605,Christian Fiction
3153910,Fiction
3153910,Book Club
3153910,Animals
3153910,Contemporary
3153910,Dogs
3153910,Audiobook
3153910,Adult
3153910,Adult Fiction
3153910,Novels
3153910,Family
5805,Graphic Novels
5805,Comics
5805,Fiction
5805,Dystopia
5805,Science Fiction
5805,Graphic Novels Comics
5805,Classics
5805,Comic Book
5805,Politics
5805,Fantasy
227443,Fiction
227443,Chick Lit
227443,Romance
227443,Humor
227443,Contemporary
227443,Comedy
227443,Adult
227443,Adult Fiction
227443,British Literature
227443,Contemporary Romance
43035,Classics
43035,Fiction
43035,Adventure
43035,Animals
43035,Young Adult
43035,Historical Fiction
43035,Literature
43035,Childrens
43035,Audiobook
43035,Novels
15745753,Young Adult
15745753,Romance
15745753,Fiction
15745753,Contemporary
15745753,Realistic Fiction
15745753,Audiobook
15745753,Book Club
15745753,Coming Of Age
15745753,Teen
15745753,Young Adult Contemporary
52357,Classics
52357,Poetry
52357,Fiction
52357,Fantasy
52357,Mythology
52357,School
52357,Literature
52357,Medieval
52357,Read For School
52357,Historical Fiction
12127810,Fantasy
12127810,Mythology
12127810,Young Adult
12127810,Fiction
12127810,Middle Grade
12127810,Percy Jackson
12127810,Adventure
12127810,Greek Mythology
12127810,Urban Fantasy
12127810,Audiobook
862041,Fantasy
862041,Young Adult
862041,Fiction
862041,Harry Potter
862041,Magic
862041,Childrens
862041,Adventure
862041,Classics
862041,Middle Grade
862041,Science Fiction Fantasy
310259,Picture Books
310259,Childrens
310259,Fiction
310259,Classics
310259,Family
310259,Love
310259,Kids
310259,Realistic Fiction
310259,Canada
310259,Juvenile
6327,Fantasy
6327,Childrens
6327,Fiction
6327,Classics
6327,Middle Grade
6327,Young Adult
6327,Witches
6327,Magic
6327,Humor
6327,Audiobook
18710190,Young Adult
18710190,Dystopia
18710190,Fiction
18710190,Fantasy
18710190,Science Fiction
18710190,Romance
18710190,Adventure
18710190,Audiobook
18710190,Teen
18710190,Post Apocalyptic
10644930,Fiction
10644930,Historical Fiction
10644930,Science Fiction
10644930,Time Travel
10644930,Horror
10644930,Fantasy
10644930,Thriller
10644930,Audiobook
10644930,Book Club
10644930,Historical
5113,Classics
5113,Fiction
5113,Short Stories
5113,Literature
5113,American
5113,Novels
5113,Literary Fiction
5113,20th Century
5113,Book Club
5113,Coming Of Age
21,Nonfiction
21,Science
21,History
21,Audiobook
21,Humor
21,Physics
21,Historical
21,Popular Science
21,Philosophy
21,Education
43615,Fantasy
43615,Fiction
43615,Horror
43615,Science Fiction
43615,Audiobook
43615,Westerns
43615,Adventure
43615,Thriller
43615,Science Fiction Fantasy
43615,Dystopia
14905,Classics
14905,Fiction
14905,Romance
14905,Jane Austen
14905,Historical Fiction
14905,Literature
14905,Historical
14905,Classic Literature
14905,Novels
14905,Regency
228665,Fantasy
228665,Fiction
228665,Epic Fantasy
228665,Audiobook
228665,High Fantasy
228665,Science Fiction Fantasy
228665,Adventure
228665,Magic
228665,Adult
228665,Epic
18114322,Classics
18114322,Fiction
18114322,Historical Fiction
18114322,Literature
18114322,Novels
18114322,School
18114322,Historical
18114322,American
18114322,Classic Literature
18114322,Banned Books
20613470,Fantasy
20613470,Young Adult
20613470,Romance
20613470,Romantasy
20613470,Fiction
20613470,Fae
20613470,Magic
20613470,Audiobook
20613470,Young Adult Fantasy
20613470,High Fantasy
35959740,Fantasy
35959740,Mythology
35959740,Fiction
35959740,Historical Fiction
35959740,Book Club
35959740,Greek Mythology
35959740,Audiobook
35959740,Retellings
35959740,Historical
35959740,Adult
36809135,Fiction
36809135,Book Club
36809135,Historical Fiction
36809135,Mystery
36809135,Audiobook
36809135,Romance
36809135,Contemporary
36809135,Historical
36809135,Adult
36809135,Coming Of Age
7733,Classics
7733,Fiction
7733,Fantasy
7733,Adventure
7733,Literature
7733,Satire
7733,Novels
7733,18th Century
7733,Classic Literature
7733,School
4374400,Young Adult
4374400,Romance
4374400,Contemporary
4374400,Fiction
4374400,Realistic Fiction
4374400,Teen
4374400,Audiobook
4374400,Music
4374400,Death
4374400,Drama
122,Fiction
122,Historical Fiction
122,Africa
122,Book Club
122,Classics
122,South Africa
122,Coming Of Age
122,Historical
122,Young Adult
122,Novels
84981,Fantasy
84981,Classics
84981,Young Adult
84981,Fiction
84981,Childrens
84981,Middle Grade
84981,School
84981,Romance
84981,Historical Fiction
84981,Read For School
27362503,Romance
27362503,Fiction
27362503,Contemporary
27362503,Colleen Hoover
27362503,Audiobook
27362503,New Adult
27362503,Book Club
27362503,Contemporary Romance
27362503,Adult
27362503,Abuse
13536860,Romance
13536860,Erotica
13536860,Fiction
13536860,BDSM
13536860,Adult
13536860,Contemporary
13536860,Contemporary Romance
13536860,Chick Lit
13536860,Erotic Romance
13536860,Smut
60748,Nonfiction
60748,Memoir
60748,Biography
60748,Psychology
60748,Autobiography
60748,Abuse
60748,Biography Memoir
60748,Adult
60748,True Crime
60748,True Story
11590,Horror
11590,Fiction
11590,Vampires
11590,Fantasy
11590,Thriller
11590,Paranormal
11590,Audiobook
11590,Supernatural
11590,Mystery
11590,Horror Thriller
5826,Fiction
5826,Book Club
5826,Literary Fiction
5826,Contemporary
5826,Historical Fiction
5826,Audiobook
5826,Music
5826,Novels
5826,Literature
5826,Adult Fiction
15645,Classics
15645,Poetry
15645,Fiction
15645,Literature
15645,Religion
15645,Fantasy
15645,School
15645,Philosophy
15645,Italian Literature
15645,Medieval
51496,Classics
51496,Horror
51496,Fiction
51496,Gothic
51496,Mystery
51496,Science Fiction
51496,Fantasy
51496,Audiobook
51496,Literature
51496,School
50623864,Fantasy
50623864,Fiction
50623864,Romance
50623864,Historical Fiction
50623864,Book Club
50623864,Audiobook
50623864,Magical Realism
50623864,Adult
50623864,Historical
50623864,Contemporary
7588,Classics
7588,Fiction
7588,Literature
7588,Irish Literature
7588,Ireland
7588,Novels
7588,20th Century
7588,Literary Fiction
7588,School
7588,Audiobook
49628,Fiction
49628,Science Fiction
49628,Fantasy
49628,Historical Fiction
49628,Dystopia
49628,Book Club
49628,Literary Fiction
49628,Contemporary
49628,Novels
49628,Literature
391729,Classics
391729,Horror
391729,Fiction
391729,Short Stories
391729,Poetry
391729,Gothic
391729,Mystery
391729,Literature
391729,School
391729,Fantasy
77013,Classics
77013,Fiction
77013,Literature
77013,Novels
77013,American
77013,School
77013,Southern Gothic
77013,Literary Fiction
77013,20th Century
77013,Banned Books
30597,Classics
30597,Fiction
30597,Historical Fiction
30597,France
30597,Gothic
30597,Literature
30597,French Literature
30597,Historical
30597,Romance
30597,Novels
45032,Classics
45032,Fiction
45032,Romance
45032,Jane Austen
45032,Historical Fiction
45032,Literature
45032,Audiobook
45032,Historical
45032,19th Century
45032,Classic Literature
67896,Philosophy
67896,Nonfiction
67896,Classics
67896,Spirituality
67896,Religion
67896,Poetry
67896,China
67896,Taoism
67896,Self Help
67896,Eastern Philosophy
10920,Historical Fiction
10920,Fiction
10920,Historical
10920,Romance
10920,Civil War
10920,War
10920,Classics
10920,Book Club
10920,Literary Fiction
10920,Novels
22328546,Fantasy
22328546,Young Adult
22328546,Dystopia
22328546,Romance
22328546,Fiction
22328546,Audiobook
22328546,Young Adult Fantasy
22328546,Magic
22328546,Romantasy
22328546,Science Fiction
646462,Religion
646462,Islam
646462,Nonfiction
646462,Classics
646462,Philosophy
646462,Spirituality
646462,Reference
646462,History
646462,Theology
646462,Mythology
46799,Young Adult
46799,Fiction
46799,Classics
46799,Contemporary
46799,Banned Books
46799,Mental Health
46799,Realistic Fiction
46799,Drugs
46799,Teen
46799,Addiction
45978,Fantasy
45978,Young Adult
45978,Fiction
45978,Dragons
45978,Adventure
45978,Magic
45978,High Fantasy
45978,Audiobook
45978,Young Adult Fantasy
45978,Epic Fantasy
5148,Classics
5148,Fiction
5148,Young Adult
5148,Historical Fiction
5148,School
5148,Coming Of Age
5148,High School
5148,Literature
5148,Read For School
5148,Dark Academia
394535,Fiction
394535,Historical Fiction
394535,Westerns
394535,Classics
394535,Horror
394535,Literature
394535,Novels
394535,Historical
394535,American
394535,Literary Fiction
76778,Science Fiction
76778,Fiction
76778,Classics
76778,Short Stories
76778,Fantasy
76778,Science Fiction Fantasy
76778,Audiobook
76778,Space
76778,American
76778,Literature
2248573,Fantasy
2248573,Young Adult
2248573,Fiction
2248573,Dragons
2248573,Adventure
2248573,Magic
2248573,High Fantasy
2248573,Audiobook
2248573,Epic Fantasy
2248573,Young Adult Fantasy
16631,Fiction
16631,Classics
16631,Philosophy
16631,German Literature
16631,Literature
16631,Novels
16631,Germany
16631,20th Century
16631,Literary Fiction
16631,Psychology
6319,Fantasy
6319,Childrens
6319,Fiction
6319,Classics
6319,Middle Grade
6319,Young Adult
6319,Humor
6319,Adventure
6319,Audiobook
6319,Chapter Books
28921,Fiction
28921,Historical Fiction
28921,Classics
28921,Literary Fiction
28921,Historical
28921,Book Club
28921,Literature
28921,Novels
28921,Audiobook
28921,British Literature
42899,Romance
42899,Paranormal
42899,Vampires
42899,Paranormal Romance
42899,Fantasy
42899,Urban Fantasy
42899,Adult
42899,Fiction
42899,Supernatural
42899,Erotica
6304335,Fantasy
6304335,Young Adult
6304335,Romance
6304335,Paranormal
6304335,Fiction
6304335,Magic
6304335,Supernatural
6304335,Witches
6304335,Urban Fantasy
6304335,Paranormal Romance
2932,Classics
2932,Fiction
2932,Adventure
2932,Literature
2932,Historical Fiction
2932,Novels
2932,18th Century
2932,Classic Literature
2932,School
2932,British Literature
12578077,Young Adult
12578077,Fantasy
12578077,Romance
12578077,Paranormal
12578077,Aliens
12578077,Science Fiction
12578077,Paranormal Romance
12578077,Supernatural
12578077,Urban Fantasy
12578077,Enemies To Lovers
9460487,Fantasy
9460487,Young Adult
9460487,Fiction
9460487,Paranormal
9460487,Mystery
9460487,Horror
9460487,Historical Fiction
9460487,Book Club
9460487,Time Travel
9460487,Supernatural
22232,Young Adult
22232,Fiction
22232,Contemporary
22232,Romance
22232,Realistic Fiction
22232,Middle Grade
22232,Childrens
22232,School
22232,Teen
22232,Coming Of Age
17061,Fantasy
17061,Horror
17061,Fiction
17061,Young Adult
17061,Middle Grade
17061,Childrens
17061,Audiobook
17061,Classics
17061,Paranormal
17061,Mystery
8755785,Fantasy
8755785,Young Adult
8755785,Romance
8755785,Paranormal
8755785,Urban Fantasy
8755785,Fiction
8755785,Vampires
8755785,Angels
8755785,Young Adult Fantasy
8755785,Magic
3985,Fiction
3985,Historical Fiction
3985,Book Club
3985,Literary Fiction
3985,Novels
3985,Historical
3985,Literature
3985,Contemporary
3985,Jewish
3985,Comics
21853621,Historical Fiction
21853621,Fiction
21853621,Book Club
21853621,Historical
21853621,Audiobook
21853621,World War II
21853621,War
21853621,Romance
21853621,Adult
21853621,France
17167166,Fantasy
17167166,Young Adult
17167166,Romance
17167166,Romantasy
17167166,Fiction
17167166,Magic
17167166,Audiobook
17167166,Fae
17167166,Young Adult Fantasy
17167166,High Fantasy
18122,Fantasy
18122,Young Adult
18122,Fiction
18122,Audiobook
18122,Adventure
18122,Science Fiction
18122,Childrens
18122,Science Fiction Fantasy
18122,Steampunk
18122,Middle Grade
130440,Classics
130440,Fiction
130440,Historical Fiction
130440,Russia
130440,Russian Literature
130440,Romance
130440,Literature
130440,Novels
130440,Historical
130440,War
5526,Romance
5526,Fiction
5526,Chick Lit
5526,Contemporary
5526,Adult
5526,Contemporary Romance
5526,Young Adult
5526,Adult Fiction
5526,Drama
5526,Love
11989,Classics
11989,Fiction
11989,Philosophy
11989,France
11989,Literature
11989,French Literature
11989,Novels
11989,Historical Fiction
11989,20th Century
11989,Literary Fiction
40937505,Fiction
629,Philosophy
629,Fiction
629,Classics
629,Spirituality
629,Travel
629,Psychology
629,Self Help
629,Literature
629,Religion
629,Buddhism
18006496,Fantasy
18006496,Young Adult
18006496,Romance
18006496,Romantasy
18006496,Fiction
18006496,Fae
18006496,Magic
18006496,Audiobook
18006496,High Fantasy
18006496,Young Adult Fantasy
18460392,Young Adult
18460392,Romance
18460392,Contemporary
18460392,Fiction
18460392,Mental Health
18460392,Realistic Fiction
18460392,Mental Illness
18460392,Audiobook
18460392,Young Adult Contemporary
18460392,Book Club
11713,Fiction
11713,Historical Fiction
11713,Classics
11713,Romance
11713,War
11713,Historical
11713,Canada
11713,Literary Fiction
11713,Literature
11713,Novels
5358,Fiction
5358,Thriller
5358,Mystery
5358,Crime
5358,Suspense
5358,Mystery Thriller
5358,Legal Thriller
5358,Legal
5358,Novels
5358,Law
14836,Fiction
14836,Magical Realism
14836,Classics
14836,India
14836,Historical Fiction
14836,Fantasy
14836,Literature
14836,Novels
14836,Literary Fiction
14836,Book Club
52439531,Mystery
52439531,Young Adult
52439531,Romance
52439531,Fiction
52439531,Fantasy
52439531,Mystery Thriller
52439531,Thriller
52439531,Contemporary
52439531,Audiobook
52439531,Book Club
6400090,Romance
6400090,Fiction
6400090,Young Adult
6400090,Contemporary
6400090,Chick Lit
6400090,Adult
6400090,Drama
6400090,Contemporary Romance
6400090,Realistic Fiction
6400090,Love
6952,Fiction
6952,Magical Realism
6952,Romance
6952,Historical Fiction
6952,Classics
6952,Fantasy
6952,Spanish Literature
6952,Book Club
6952,Food
6952,Adult
18635016,Romance
18635016,Young Adult
18635016,Dystopia
18635016,Fantasy
18635016,Fiction
18635016,Audiobook
18635016,Royalty
18635016,Science Fiction
18635016,Teen
18635016,Young Adult Fantasy
16143347,Young Adult
16143347,Mystery
16143347,Fiction
16143347,Contemporary
16143347,Romance
16143347,Thriller
16143347,Mystery Thriller
16143347,Book Club
16143347,Audiobook
16143347,Realistic Fiction
5364,Historical Fiction
5364,Romance
5364,Fantasy
5364,Fiction
5364,Time Travel
5364,Historical
5364,Historical Romance
5364,Outlander
5364,Audiobook
5364,Scotland
12220,Plays
12220,Classics
12220,Fiction
12220,Drama
12220,School
12220,Theatre
12220,Read For School
12220,Literature
12220,American
12220,20th Century
7791997,Fantasy
7791997,Young Adult
7791997,Romance
7791997,Angels
7791997,Paranormal
7791997,Paranormal Romance
7791997,Fiction
7791997,Supernatural
7791997,Urban Fantasy
7791997,Young Adult Fantasy
386187,Nonfiction
386187,True Crime
386187,Mystery
386187,Book Club
386187,Crime
386187,History
386187,Classics
386187,Audiobook
386187,Southern
386187,Memoir
32075671,Young Adult
32075671,Fiction
32075671,Contemporary
32075671,Audiobook
32075671,Book Club
32075671,Realistic Fiction
32075671,Race
32075671,Banned Books
32075671,Social Justice
32075671,Coming Of Age
41150487,Romance
41150487,LGBT
41150487,Contemporary
41150487,Fiction
41150487,Queer
41150487,Young Adult
41150487,Audiobook
41150487,Enemies To Lovers
41150487,New Adult
41150487,Gay
17150,Classics
17150,Fiction
17150,Historical Fiction
17150,Book Club
17150,Literature
17150,School
17150,American
17150,Historical
17150,Novels
17150,Audiobook
58724923,Horror
58724923,Thriller
58724923,Mystery
58724923,Fiction
58724923,Mystery Thriller
58724923,Book Club
58724923,Audiobook
58724923,Paranormal
58724923,Suspense
58724923,Adult
251688,Classics
251688,Fiction
251688,Short Stories
251688,Romance
251688,Book Club
251688,Literature
251688,American
251688,New York
251688,20th Century
251688,Audiobook
29588376,Fantasy
29588376,Fiction
29588376,Audiobook
29588376,Adventure
29588376,High Fantasy
29588376,Adult
29588376,Epic Fantasy
29588376,Mystery
29588376,Science Fiction Fantasy
29588376,Crime
2156,Classics
2156,Fiction
2156,Romance
2156,Jane Austen
2156,Historical Fiction
2156,Audiobook
2156,Historical
2156,Literature
2156,Book Club
2156,19th Century
28862,Philosophy
28862,Classics
28862,Nonfiction
28862,Politics
28862,History
28862,Political Science
28862,Italy
28862,Literature
28862,Italian Literature
28862,School
13497,Fantasy
13497,Fiction
13497,Epic Fantasy
13497,High Fantasy
13497,Science Fiction Fantasy
13497,Audiobook
13497,Adult
13497,Dragons
13497,Adventure
13497,Epic
41637836,Fantasy
41637836,Young Adult
41637836,Fiction
41637836,Audiobook
41637836,Childrens
41637836,Adventure
41637836,Science Fiction
41637836,Science Fiction Fantasy
41637836,Middle Grade
41637836,Steampunk
4980,Fiction
4980,Classics
4980,Science Fiction
4980,Humor
4980,Literature
4980,Novels
4980,Satire
4980,American
4980,Audiobook
4980,Literary Fiction
22463,Science
22463,Nonfiction
22463,Classics
22463,Biology
22463,Evolution
22463,History
22463,Philosophy
22463,Nature
22463,Anthropology
22463,Natural History
5211,Fiction
5211,Historical Fiction
5211,India
5211,Book Club
5211,Indian Literature
5211,Literary Fiction
5211,Historical
5211,Asia
5211,Canada
5211,Novels
43448,Fiction
43448,Horror
43448,Young Adult
43448,Classics
43448,Gothic
43448,Mystery
43448,Thriller
43448,Romance
43448,Drama
43448,Audiobook
1656001,Fantasy
1656001,Young Adult
1656001,Science Fiction
1656001,Romance
1656001,Fiction
1656001,Dystopia
1656001,Paranormal
1656001,Aliens
1656001,Adult
1656001,Paranormal Romance
15717943,Romance
15717943,Colleen Hoover
15717943,New Adult
15717943,Young Adult
15717943,Contemporary
15717943,Fiction
15717943,Contemporary Romance
15717943,Abuse
15717943,High School
15717943,Ebooks
6759,Fiction
6759,Classics
6759,Literature
6759,Novels
6759,Contemporary
6759,Humor
6759,Literary Fiction
6759,Philosophy
6759,American
6759,Unfinished
8664353,Nonfiction
8664353,History
8664353,Biography
8664353,Book Club
8664353,World War II
8664353,War
8664353,Historical
8664353,Audiobook
8664353,Memoir
8664353,Biography Memoir
10592,Horror
10592,Fiction
10592,Thriller
10592,Classics
10592,Fantasy
10592,Paranormal
10592,Supernatural
10592,Audiobook
10592,Adult
10592,Horror Thriller
8490112,Fantasy
8490112,Young Adult
8490112,Romance
8490112,Paranormal
8490112,Urban Fantasy
8490112,Angels
8490112,Fiction
8490112,Magic
8490112,Young Adult Fantasy
8490112,Audiobook
12898,Classics
12898,Plays
12898,Fiction
12898,Drama
12898,School
12898,Theatre
12898,Literature
12898,Read For School
12898,High School
12898,American
19302,Classics
19302,Childrens
19302,Fiction
19302,Middle Grade
19302,Fantasy
19302,Young Adult
19302,Humor
19302,Adventure
19302,Audiobook
19302,Swedish Literature
13214,Nonfiction
13214,Classics
13214,Memoir
13214,Biography
13214,Autobiography
13214,Poetry
13214,Feminism
13214,Banned Books
13214,Book Club
13214,Biography Memoir
3975774,Young Adult
3975774,Fantasy
3975774,Romance
3975774,Paranormal
3975774,Paranormal Romance
3975774,Fiction
3975774,Supernatural
3975774,Urban Fantasy
3975774,Vampires
3975774,Magic
23766634,Fantasy
23766634,Romance
23766634,Romantasy
23766634,Fiction
23766634,Young Adult
23766634,Fae
23766634,Audiobook
23766634,New Adult
23766634,Fantasy Romance
23766634,Magic
1617,Nonfiction
1617,Classics
1617,History
1617,Memoir
1617,School
1617,Holocaust
1617,Biography
1617,Historical
1617,War
1617,World War II
40873273,Historical Fiction
40873273,Fiction
40873273,Book Club
40873273,China
40873273,Historical
40873273,Asia
40873273,Adult
40873273,Asian Literature
40873273,Adult Fiction
40873273,Audiobook
50398,Classics
50398,Fiction
50398,Romance
50398,Gothic
50398,Jane Austen
50398,Historical Fiction
50398,Audiobook
50398,Literature
50398,Historical
50398,19th Century
136116,Classics
136116,Historical Fiction
136116,Fiction
136116,Romance
136116,Adventure
136116,Historical
136116,Mystery
136116,Book Club
136116,France
136116,Audiobook
397483,Nonfiction
397483,History
397483,True Crime
397483,Book Club
397483,Crime
397483,Historical
397483,Mystery
397483,Audiobook
397483,American History
397483,Biography
17675462,Fantasy
17675462,Young Adult
17675462,Paranormal
17675462,Romance
17675462,Fiction
17675462,Audiobook
17675462,Urban Fantasy
17675462,Magic
17675462,Young Adult Fantasy
17675462,Mystery
17333223,Fiction
17333223,Book Club
17333223,Contemporary
17333223,Literary Fiction
17333223,Audiobook
17333223,Dark Academia
17333223,Mystery
17333223,Art
17333223,Novels
17333223,Coming Of Age
14706,Classics
14706,Fiction
14706,Plays
14706,Poetry
14706,German Literature
14706,Drama
14706,Literature
14706,School
14706,Philosophy
14706,Germany
26032887,Fantasy
26032887,Young Adult
26032887,Romance
26032887,Enemies To Lovers
26032887,Fae
26032887,Romantasy
26032887,Fiction
26032887,Young Adult Fantasy
26032887,Audiobook
26032887,Magic
249747,Fantasy
249747,Young Adult
249747,Fiction
249747,Middle Grade
249747,Childrens
249747,Science Fiction
249747,Adventure
249747,Magic
249747,Audiobook
249747,Urban Fantasy
14201,Fantasy
14201,Fiction
14201,Historical Fiction
14201,Historical
14201,Magic
14201,Audiobook
14201,Science Fiction Fantasy
14201,Magical Realism
14201,Alternate History
14201,Historical Fantasy
89717,Horror
89717,Classics
89717,Fiction
89717,Gothic
89717,Mystery
89717,Paranormal
89717,Audiobook
89717,Book Club
89717,Thriller
89717,Ghosts
18045891,Thriller
18045891,Mystery
18045891,Fiction
18045891,Mystery Thriller
18045891,Crime
18045891,Audiobook
18045891,Suspense
18045891,Book Club
18045891,Contemporary
18045891,Adult
7735333,Young Adult
7735333,Dystopia
7735333,Romance
7735333,Fantasy
7735333,Science Fiction
7735333,Fiction
7735333,Teen
7735333,Audiobook
7735333,Book Club
7735333,Futuristic
6969,Classics
6969,Fiction
6969,Romance
6969,Historical Fiction
6969,Jane Austen
6969,Audiobook
6969,Literature
6969,Historical
6969,19th Century
6969,Classic Literature
838729,Fantasy
838729,Fiction
838729,Classics
838729,Adventure
838729,Audiobook
838729,High Fantasy
838729,Epic Fantasy
838729,Science Fiction Fantasy
838729,Novels
838729,Literature
26032912,Fantasy
26032912,Young Adult
26032912,Romance
26032912,Enemies To Lovers
26032912,Fae
26032912,Romantasy
26032912,Fiction
26032912,Young Adult Fantasy
26032912,Audiobook
26032912,Magic
13152,Young Adult
13152,Fantasy
13152,Science Fiction
13152,Fiction
13152,Adventure
13152,Paranormal
13152,Action
13152,Teen
13152,Mystery
13152,Urban Fantasy
17716,Plays
17716,Classics
17716,Fiction
17716,Drama
17716,Theatre
17716,Literature
17716,Philosophy
17716,School
17716,Irish Literature
17716,20th Century
59716,Classics
59716,Fiction
59716,Literature
59716,Novels
59716,Literary Fiction
59716,Feminism
59716,20th Century
59716,British Literature
59716,Book Club
59716,School
6936382,Romance
6936382,Young Adult
6936382,Contemporary
6936382,Fiction
6936382,Chick Lit
6936382,Contemporary Romance
6936382,Realistic Fiction
6936382,Young Adult Contemporary
6936382,Young Adult Romance
6936382,Friends To Lovers
33124137,Horror
33124137,Fiction
33124137,Thriller
33124137,Audiobook
33124137,Fantasy
33124137,Paranormal
33124137,Horror Thriller
33124137,Mystery
33124137,Supernatural
33124137,Adult
57361474,Thriller
57361474,Mystery
57361474,Audiobook
57361474,Mystery Thriller
57361474,Fiction
57361474,Book Club
57361474,Suspense
57361474,Crime
57361474,Adult
57361474,Contemporary
285092,Fiction
285092,Music
285092,Contemporary
285092,Humor
285092,Romance
285092,Novels
285092,British Literature
285092,Literature
285092,Comedy
285092,Classics
3950967,Fantasy
3950967,Fiction
3950967,Harry Potter
3950967,Young Adult
3950967,Short Stories
3950967,Childrens
3950967,Magic
3950967,Middle Grade
3950967,Audiobook
3950967,Fairy Tales
140225,Fantasy
140225,Classics
140225,Fiction
140225,Young Adult
140225,Childrens
140225,Adventure
140225,Christian
140225,Middle Grade
140225,Audiobook
140225,Christian Fiction
5326,Classics
5326,Fiction
5326,Christmas
5326,Fantasy
5326,Audiobook
5326,Literature
5326,Historical Fiction
5326,Holiday
5326,School
5326,Book Club
7354,Fiction
7354,Book Club
7354,Canada
7354,Literary Fiction
7354,Contemporary
7354,Literature
7354,Classics
7354,Novels
7354,American
7354,Adult Fiction
33600,Fiction
33600,India
33600,Travel
33600,Historical Fiction
33600,Adventure
33600,Contemporary
33600,Novels
33600,Book Club
33600,Audiobook
33600,Crime
14866,Fiction
14866,Contemporary
14866,Book Club
14866,Drama
14866,Banned Books
14866,Young Adult
14866,Adult
14866,Chick Lit
14866,Adult Fiction
14866,Realistic Fiction
77197,Fantasy
77197,Fiction
77197,High Fantasy
77197,Epic Fantasy
77197,Audiobook
77197,Adult
77197,Magic
77197,Adventure
77197,Science Fiction Fantasy
77197,Young Adult
187181,Fiction
187181,Classics
187181,Historical Fiction
187181,Young Adult
187181,Jewish
187181,Religion
187181,Book Club
187181,School
187181,Judaism
187181,Literature
6088007,Science Fiction
6088007,Fiction
6088007,Cyberpunk
6088007,Classics
6088007,Dystopia
6088007,Science Fiction Fantasy
6088007,Fantasy
6088007,Audiobook
6088007,Novels
6088007,Speculative Fiction
10664113,Fantasy
10664113,Fiction
10664113,Epic Fantasy
10664113,High Fantasy
10664113,Science Fiction Fantasy
10664113,Dragons
10664113,Audiobook
10664113,Adult
10664113,Adventure
10664113,Epic
40097951,Thriller
40097951,Mystery
40097951,Fiction
40097951,Book Club
40097951,Mystery Thriller
40097951,Audiobook
40097951,Suspense
40097951,Crime
40097951,Psychological Thriller
40097951,Adult
11422,Romance
11422,Christian
11422,Christian Fiction
11422,Fiction
11422,Historical Fiction
11422,Historical
11422,Historical Romance
11422,Book Club
11422,Christian Romance
11422,Faith
41804,Science Fiction
41804,Fiction
41804,Classics
41804,Short Stories
41804,Science Fiction Fantasy
41804,Audiobook
41804,Fantasy
41804,Robots
41804,Novels
41804,Book Club
101299,Fiction
101299,Historical Fiction
101299,Classics
101299,German Literature
101299,Romance
101299,Holocaust
101299,Historical
101299,Germany
101299,Book Club
101299,War
6411961,Fiction
6411961,Mystery
6411961,Thriller
6411961,Mystery Thriller
6411961,Suspense
6411961,Adventure
6411961,Historical Fiction
6411961,Crime
6411961,Novels
6411961,Adult
11324204,Horror
11324204,Fantasy
11324204,Fiction
11324204,Mystery
11324204,Magical Realism
11324204,Metafiction
11324204,Gothic
11324204,Literature
11324204,Thriller
11324204,Psychological Horror
8667848,Fantasy
8667848,Romance
8667848,Fiction
8667848,Paranormal
8667848,Vampires
8667848,Witches
8667848,Magic
8667848,Urban Fantasy
8667848,Audiobook
8667848,Paranormal Romance
78411,Fiction
78411,Fantasy
78411,Young Adult
78411,Childrens
78411,Middle Grade
78411,Mystery
78411,Audiobook
78411,Adventure
78411,Humor
78411,Classics
960,Fiction
960,Mystery
960,Thriller
960,Mystery Thriller
960,Suspense
960,Adventure
960,Crime
960,Historical Fiction
960,Novels
960,Adult
53835,Classics
53835,Fiction
53835,Historical Fiction
53835,Romance
53835,Literature
53835,Book Club
53835,American
53835,Historical
53835,Audiobook
53835,Novels
11012,Classics
11012,Fiction
11012,Short Stories
11012,Ireland
11012,Irish Literature
11012,Literature
11012,20th Century
11012,Historical Fiction
11012,Literary Fiction
11012,School
222910,Fantasy
222910,Fiction
222910,Classics
222910,Adventure
222910,Audiobook
222910,High Fantasy
222910,Epic Fantasy
222910,Science Fiction Fantasy
222910,Novels
222910,Literature
30289,Philosophy
30289,Classics
30289,Nonfiction
30289,Politics
30289,History
30289,School
30289,Literature
30289,Ancient
30289,Political Science
30289,Greece
34080,Poetry
34080,Classics
34080,Fiction
34080,Literature
34080,20th Century
34080,School
34080,American
34080,Nobel Prize
34080,College
34080,British Literature
14935,Classics
14935,Fiction
14935,Romance
14935,Historical Fiction
14935,Jane Austen
14935,Literature
14935,Audiobook
14935,Historical
14935,19th Century
14935,Classic Literature
3777732,Fantasy
3777732,Young Adult
3777732,Romance
3777732,Paranormal
3777732,Urban Fantasy
3777732,Fiction
3777732,Vampires
3777732,Angels
3777732,Young Adult Fantasy
3777732,Supernatural
690926,Fantasy
690926,Young Adult
690926,Romance
690926,Vampires
690926,Fiction
690926,Paranormal
690926,Paranormal Romance
690926,Supernatural
690926,Teen
690926,Urban Fantasy
10987,Historical Fiction
10987,Romance
10987,Fantasy
10987,Fiction
10987,Time Travel
10987,Historical
10987,Outlander
10987,Historical Romance
10987,Audiobook
10987,Adult
17332218,Fantasy
17332218,Fiction
17332218,Audiobook
17332218,Epic Fantasy
17332218,High Fantasy
17332218,Magic
17332218,Adult
17332218,Epic
17332218,Science Fiction Fantasy
17332218,Adventure
16248068,Romance
16248068,Young Adult
16248068,Dystopia
16248068,Fantasy
16248068,Fiction
16248068,Audiobook
16248068,Royalty
16248068,Science Fiction
16248068,Teen
16248068,Young Adult Fantasy
41681,Classics
41681,Fiction
41681,Historical Fiction
41681,Literature
41681,Politics
41681,School
41681,Banned Books
41681,Historical
41681,Novels
41681,Classic Literature
4137,Nonfiction
4137,Humor
4137,Memoir
4137,Essays
4137,Short Stories
4137,Comedy
4137,Audiobook
4137,Biography
4137,Book Club
4137,Biography Memoir
13104080,Fantasy
13104080,Dystopia
13104080,Romance
13104080,Young Adult
13104080,Science Fiction
13104080,Fiction
13104080,Enemies To Lovers
13104080,Romantasy
13104080,Paranormal
13104080,Audiobook
137791,Fiction
137791,Chick Lit
137791,Book Club
137791,Contemporary
137791,Adult Fiction
137791,Historical Fiction
137791,Southern
137791,Adult
137791,Humor
137791,Novels
8852,Classics
8852,Plays
8852,Fiction
8852,Shakespeare
8852,School
8852,Drama
8852,Read For School
8852,Literature
8852,Theatre
8852,Poetry
35068705,Fantasy
35068705,Fiction
35068705,Historical Fiction
35068705,Audiobook
35068705,Adult
35068705,Historical
35068705,High Fantasy
35068705,Young Adult
35068705,War
35068705,Magic
84369,Fantasy
84369,Fiction
84369,Classics
84369,Young Adult
84369,Childrens
84369,Christian
84369,Middle Grade
84369,Adventure
84369,Christian Fiction
84369,Audiobook
676924,Young Adult
676924,Fantasy
676924,Vampires
676924,Paranormal
676924,Romance
676924,Fiction
676924,Supernatural
676924,Urban Fantasy
676924,Paranormal Romance
676924,Magic
11901,Horror
11901,Fantasy
11901,Fiction
11901,Paranormal
11901,Witches
11901,Supernatural
11901,Gothic
11901,Urban Fantasy
11901,Magic
11901,Historical Fiction
5308,Classics
5308,Fiction
5308,Literature
5308,School
5308,Historical Fiction
5308,American
5308,Novels
5308,Short Stories
5308,Novella
5308,Read For School
77142,Fiction
77142,Historical Fiction
77142,Mystery
77142,Book Club
77142,Historical
77142,Literary Fiction
77142,Classics
77142,Literature
77142,Romance
77142,Novels
53138095,Fantasy
53138095,Romance
53138095,Romantasy
53138095,Fiction
53138095,Audiobook
53138095,Fae
53138095,Fantasy Romance
53138095,New Adult
53138095,Spicy
53138095,Enemies To Lovers
42900,Romance
42900,Paranormal
42900,Vampires
42900,Paranormal Romance
42900,Fantasy
42900,Urban Fantasy
42900,Adult
42900,Fiction
42900,Erotica
42900,Supernatural
179780,Horror
179780,Fiction
179780,Classics
179780,Thriller
179780,Paranormal
179780,Audiobook
179780,Supernatural
179780,Fantasy
179780,Religion
179780,Horror Thriller
2866718,Young Adult
2866718,Vampires
2866718,Fantasy
2866718,Paranormal
2866718,Romance
2866718,Fiction
2866718,Supernatural
2866718,Urban Fantasy
2866718,Paranormal Romance
2866718,Magic
256566,Fiction
256566,Historical Fiction
256566,Contemporary
256566,Novels
256566,Book Club
256566,Magical Realism
256566,Literary Fiction
256566,Jewish
256566,Literature
256566,Historical
52578297,Fiction
52578297,Fantasy
52578297,Book Club
52578297,Audiobook
52578297,Contemporary
52578297,Magical Realism
52578297,Science Fiction
52578297,Mental Health
52578297,Adult
52578297,Adult Fiction
18765,Historical Fiction
18765,Fiction
18765,Classics
18765,Historical
18765,Literature
18765,Novels
18765,Italy
18765,Audiobook
18765,Ancient History
18765,20th Century
8908,Horror
8908,Fiction
8908,Zombies
8908,Science Fiction
8908,Fantasy
8908,Audiobook
8908,Post Apocalyptic
8908,Dystopia
8908,Apocalyptic
8908,War
75513900,Fantasy
75513900,Romantasy
75513900,Romance
75513900,Young Adult
75513900,Enemies To Lovers
75513900,Audiobook
75513900,Fantasy Romance
75513900,Fiction
75513900,Magic
75513900,Book Club
3087,Classics
3087,Fiction
3087,Romance
3087,Historical Fiction
3087,Italy
3087,Literature
3087,British Literature
3087,Book Club
3087,Audiobook
3087,20th Century
8909,Classics
8909,Science Fiction
8909,Fiction
8909,Fantasy
8909,Horror
8909,Audiobook
8909,Science Fiction Fantasy
8909,Literature
8909,Novels
8909,Aliens
27883214,Fantasy
27883214,Young Adult
27883214,Romance
27883214,Romantasy
27883214,Fiction
27883214,Mystery
27883214,Magic
27883214,Young Adult Fantasy
27883214,Audiobook
27883214,Fantasy Romance
16101128,Young Adult
16101128,Science Fiction
16101128,Dystopia
16101128,Fiction
16101128,Fantasy
16101128,Aliens
16101128,Romance
16101128,Post Apocalyptic
16101128,Audiobook
16101128,Apocalyptic
31242,Classics
31242,Fiction
31242,Literature
31242,19th Century
31242,Historical Fiction
31242,Victorian
31242,Novels
31242,British Literature
31242,Audiobook
31242,Mystery
10194157,Fantasy
10194157,Young Adult
10194157,Romance
10194157,Fiction
10194157,Magic
10194157,Young Adult Fantasy
10194157,High Fantasy
10194157,Audiobook
10194157,Adventure
10194157,Paranormal
55710822,Romance
55710822,Young Adult
55710822,Enemies To Lovers
55710822,Contemporary
55710822,Fiction
55710822,Fake Dating
55710822,Audiobook
55710822,Rom Com
55710822,Contemporary Romance
55710822,Young Adult Romance
764347,Young Adult
764347,Dystopia
764347,Science Fiction
764347,Fiction
764347,Fantasy
764347,Horror
764347,Thriller
764347,Teen
764347,Book Club
764347,Adventure
1326258,Young Adult
1326258,Fantasy
1326258,Vampires
1326258,Paranormal
1326258,Romance
1326258,Fiction
1326258,Supernatural
1326258,Urban Fantasy
1326258,Paranormal Romance
1326258,Magic
5890,Classics
5890,Mystery
5890,Fiction
5890,Gothic
5890,Horror
5890,19th Century
5890,Victorian
5890,Historical Fiction
5890,Audiobook
5890,Literature
17788401,Romance
17788401,Colleen Hoover
17788401,Contemporary
17788401,New Adult
17788401,Fiction
17788401,Contemporary Romance
17788401,Audiobook
17788401,Adult
17788401,Chick Lit
17788401,Love
156538,Classics
156538,Fiction
156538,Romance
156538,Historical Fiction
156538,Historical
156538,19th Century
156538,Victorian
156538,Audiobook
156538,Literature
156538,Historical Romance
28260587,Fantasy
28260587,Romance
28260587,Young Adult
28260587,Romantasy
28260587,Fiction
28260587,Fae
28260587,New Adult
28260587,Magic
28260587,Audiobook
28260587,High Fantasy
30933,Classics
30933,Fiction
30933,Historical Fiction
30933,Literature
30933,Novels
30933,Dark Academia
30933,British Literature
30933,Book Club
30933,Literary Fiction
30933,20th Century
40597810,Fiction
40597810,Historical Fiction
40597810,Audiobook
40597810,Romance
40597810,Book Club
40597810,Contemporary
40597810,Music
40597810,Historical
40597810,Adult
40597810,Adult Fiction
112204,Poetry
112204,Classics
112204,Fiction
112204,Literature
112204,19th Century
112204,American
112204,Classic Literature
112204,Feminism
112204,School
112204,Womens
56732449,Romance
56732449,Contemporary
56732449,Fiction
56732449,Fake Dating
56732449,Contemporary Romance
56732449,Audiobook
56732449,Adult
56732449,Rom Com
56732449,Chick Lit
56732449,New Adult
36336078,Romance
36336078,Fiction
36336078,LGBT
36336078,Queer
36336078,Contemporary
36336078,Audiobook
36336078,Gay
36336078,Coming Of Age
36336078,Summer
36336078,Young Adult
30528535,Short Stories
30528535,Fiction
30528535,Literature
30528535,Novels
30528535,Anthologies
30528535,Collections
59344312,Thriller
59344312,Romance
59344312,Fiction
59344312,Mystery
59344312,Colleen Hoover
59344312,Mystery Thriller
59344312,Book Club
59344312,Suspense
59344312,Contemporary
59344312,Audiobook
54493401,Science Fiction
54493401,Fiction
54493401,Audiobook
54493401,Book Club
54493401,Fantasy
54493401,Space
54493401,Thriller
54493401,Adult
54493401,Adventure
54493401,Science Fiction Fantasy
14743,Nonfiction
14743,Religion
14743,Philosophy
14743,Science
14743,Atheism
14743,Audiobook
14743,Psychology
14743,Spirituality
14743,Theology
14743,Evolution
70535,Science Fiction
70535,Fiction
70535,Classics
70535,Audiobook
70535,Space
70535,Science Fiction Fantasy
70535,Fantasy
70535,Novels
70535,Literature
70535,Speculative Fiction
51335759,Mystery
51335759,Thriller
51335759,Young Adult
51335759,Mystery Thriller
51335759,Crime
51335759,Audiobook
51335759,Fiction
51335759,Contemporary
51335759,Murder Mystery
51335759,Romance
31548,Classics
31548,Fiction
31548,Literature
31548,Novels
31548,Romance
31548,British Literature
31548,Literary Fiction
31548,20th Century
31548,Coming Of Age
31548,Historical Fiction
30528544,Short Stories
30528544,Fiction
30528544,Literature
30528544,Novels
30528544,Anthologies
30528544,Ebooks
40495957,Romance
40495957,Graphic Novels
40495957,LGBT
40495957,Young Adult
40495957,Queer
40495957,Contemporary
40495957,Comics
40495957,Fiction
40495957,Gay
40495957,Graphic Novels Comics
18423,Science Fiction
18423,Fiction
18423,Fantasy
18423,Classics
18423,Book Club
18423,Science Fiction Fantasy
18423,Queer
18423,Audiobook
18423,Speculative Fiction
18423,Feminism
41057294,Fiction
41057294,Romance
41057294,Contemporary
41057294,Literary Fiction
41057294,Audiobook
41057294,Book Club
41057294,Ireland
41057294,Adult
41057294,Coming Of Age
41057294,Novels
5797,Classics
5797,Fiction
5797,Historical Fiction
5797,Literature
5797,19th Century
5797,Romance
5797,British Literature
5797,Victorian
5797,Classic Literature
5797,Historical
18774964,Fiction
18774964,Book Club
18774964,Contemporary
18774964,Audiobook
18774964,Humor
18774964,Literary Fiction
18774964,Adult
18774964,Adult Fiction
18774964,Novels
18774964,Sweden
8709527,Young Adult
8709527,Fantasy
8709527,Vampires
8709527,Paranormal
8709527,Romance
8709527,Urban Fantasy
8709527,Magic
8709527,Paranormal Romance
8709527,Supernatural
8709527,Fiction
6644117,Fantasy
6644117,Young Adult
6644117,Romance
6644117,Paranormal
6644117,Fae
6644117,Fairies
6644117,Urban Fantasy
6644117,Magic
6644117,Fiction
6644117,Young Adult Fantasy
15839976,Science Fiction
15839976,Fantasy
15839976,Fiction
15839976,Dystopia
15839976,Young Adult
15839976,Audiobook
15839976,Book Club
15839976,Science Fiction Fantasy
15839976,Adult
15839976,Adventure
12957,Classics
12957,Plays
12957,Shakespeare
12957,Fiction
12957,Drama
12957,Romance
12957,School
12957,Theatre
12957,Literature
12957,Poetry
62984900,Thriller
62984900,Mystery
62984900,Mystery Thriller
62984900,Fiction
62984900,Crime
62984900,Suspense
62984900,Audiobook
62984900,Book Club
62984900,Thriller Suspense
62984900,Drama
31463,Classics
31463,Fiction
31463,Romance
31463,Historical Fiction
31463,Literature
31463,19th Century
31463,Victorian
31463,Audiobook
31463,Book Club
31463,British Literature
40651883,Science Fiction
40651883,Fiction
40651883,Cyberpunk
40651883,Fantasy
40651883,Dystopia
40651883,Science Fiction Fantasy
40651883,Audiobook
40651883,Novels
40651883,Speculative Fiction
40651883,Classics
33385229,Romance
33385229,Young Adult
33385229,LGBT
33385229,Fiction
33385229,Contemporary
33385229,Queer
33385229,Audiobook
33385229,Fantasy
33385229,Science Fiction
33385229,Gay
25480342,Fantasy
25480342,Young Adult
25480342,Fiction
25480342,Horror
25480342,Middle Grade
25480342,Contemporary
25480342,Magical Realism
25480342,Childrens
25480342,Book Club
25480342,Audiobook
43889,Fantasy
43889,Fiction
43889,Epic Fantasy
43889,High Fantasy
43889,Science Fiction Fantasy
43889,Magic
43889,Adventure
43889,Romance
43889,Audiobook
43889,Adult
77566,Science Fiction
77566,Fiction
77566,Fantasy
77566,Space Opera
77566,Audiobook
77566,Science Fiction Fantasy
77566,Horror
77566,Classics
77566,Time Travel
77566,Space
7090447,Fantasy
7090447,Mythology
7090447,Young Adult
7090447,Middle Grade
7090447,Fiction
7090447,Adventure
7090447,Childrens
7090447,Magic
7090447,Urban Fantasy
7090447,Percy Jackson
77390,Classics
77390,Fiction
77390,Young Adult
77390,Historical Fiction
77390,Childrens
77390,Audiobook
77390,Romance
77390,Historical
77390,Middle Grade
77390,Canada
13206828,Fantasy
13206828,Young Adult
13206828,Science Fiction
13206828,Romance
13206828,Retellings
13206828,Dystopia
13206828,Fiction
13206828,Audiobook
13206828,Fairy Tales
13206828,Adventure
208430658,Fantasy
208430658,Dark Academia
208430658,Fiction
208430658,Audiobook
208430658,Book Club
208430658,Magic
208430658,Adult
208430658,High Fantasy
208430658,Science Fiction
208430658,Science Fiction Fantasy
51606,Fiction
51606,Classics
51606,War
51606,Historical Fiction
51606,Horror
51606,Literature
51606,Novels
51606,Historical
51606,World War I
51606,Politics
23692271,Nonfiction
23692271,History
23692271,Science
23692271,Audiobook
23692271,Philosophy
23692271,Anthropology
23692271,Psychology
23692271,Sociology
23692271,Historical
23692271,Evolution
3591262,Fiction
3591262,Book Club
3591262,Historical Fiction
3591262,Africa
3591262,Medicine
3591262,Ethiopia
3591262,Literary Fiction
3591262,Medical
3591262,Audiobook
3591262,Novels
4799,Classics
4799,Fiction
4799,Literature
4799,Historical Fiction
4799,American
4799,Novels
4799,Book Club
4799,Literary Fiction
4799,Audiobook
4799,Classic Literature
13206760,Fantasy
13206760,Young Adult
13206760,Science Fiction
13206760,Romance
13206760,Dystopia
13206760,Retellings
13206760,Fiction
13206760,Audiobook
13206760,Fairy Tales
13206760,Young Adult Fantasy
77767,Classics
77767,Historical Fiction
77767,Childrens
77767,Fiction
77767,Young Adult
77767,Historical
77767,Middle Grade
77767,Juvenile
77767,Audiobook
77767,Family
20820994,Young Adult
20820994,Contemporary
20820994,Romance
20820994,Fiction
20820994,LGBT
20820994,Queer
20820994,Realistic Fiction
20820994,Coming Of Age
20820994,Book Club
20820994,Young Adult Contemporary
197084,Childrens
197084,Picture Books
197084,Fiction
197084,Animals
197084,Classics
197084,Family
197084,Kids
197084,Humor
197084,Young Adult
197084,Juvenile
6150,Fiction
6150,Classics
6150,Africa
6150,Historical Fiction
6150,South Africa
6150,Book Club
6150,Literature
6150,School
6150,Novels
6150,Historical
4268157,Romance
4268157,Young Adult
4268157,Contemporary
4268157,Contemporary Romance
4268157,High School
4268157,Fiction
4268157,New Adult
4268157,Realistic Fiction
4268157,Enemies To Lovers
4268157,Chick Lit
20448515,Romance
20448515,Erotica
20448515,Contemporary
20448515,Contemporary Romance
20448515,Adult
20448515,Fiction
20448515,BDSM
20448515,Erotic Romance
20448515,Smut
20448515,Spicy
420282,Picture Books
420282,Childrens
420282,Christmas
420282,Fiction
420282,Classics
420282,Fantasy
420282,Holiday
420282,Adventure
420282,Kids
420282,Juvenile
3682,Fantasy
3682,Young Adult
3682,Historical Fiction
3682,Fiction
3682,Historical
3682,Paranormal
3682,Romance
3682,Magic
3682,Young Adult Fantasy
3682,Teen
8337,Classics
8337,Historical Fiction
8337,Childrens
8337,Fiction
8337,Young Adult
8337,Historical
8337,Middle Grade
8337,Audiobook
8337,Juvenile
8337,Family
1898,Nonfiction
1898,Memoir
1898,Adventure
1898,Travel
1898,Biography
1898,History
1898,Audiobook
1898,Survival
1898,Book Club
1898,Mountaineering
7740152,Young Adult
7740152,Fantasy
7740152,Romance
7740152,Angels
7740152,Paranormal
7740152,Paranormal Romance
7740152,Supernatural
7740152,Fiction
7740152,Urban Fantasy
7740152,Young Adult Fantasy
556602,Historical Fiction
556602,Fiction
556602,Book Club
556602,Holocaust
556602,Historical
556602,World War II
556602,France
556602,War
556602,Adult
556602,Adult Fiction
10576365,Young Adult
10576365,Dystopia
10576365,Fantasy
10576365,Science Fiction
10576365,Romance
10576365,Fiction
10576365,Paranormal
10576365,Adventure
10576365,Young Adult Fantasy
10576365,Audiobook
944073,Fantasy
944073,Fiction
944073,Audiobook
944073,Epic Fantasy
944073,High Fantasy
944073,Dark Fantasy
944073,Adult
944073,Adventure
944073,Science Fiction Fantasy
944073,Magic
15863832,Fantasy
15863832,Young Adult
15863832,Dystopia
15863832,Angels
15863832,Paranormal
15863832,Romance
15863832,Urban Fantasy
15863832,Post Apocalyptic
15863832,Fiction
15863832,Supernatural
6485421,Fantasy
6485421,Young Adult
6485421,Romance
6485421,Paranormal
6485421,Urban Fantasy
6485421,Fiction
6485421,Vampires
6485421,Angels
6485421,Supernatural
6485421,Paranormal Romance
12497,Fiction
12497,Thriller
12497,Westerns
12497,Crime
12497,Classics
12497,Mystery
12497,Literature
12497,Audiobook
12497,Novels
12497,Contemporary
10534,Classics
10534,Nonfiction
10534,Philosophy
10534,History
10534,War
10534,Politics
10534,Business
10534,Military Fiction
10534,Audiobook
10534,China
84119,Fantasy
84119,Classics
84119,Fiction
84119,Young Adult
84119,Childrens
84119,Christian
84119,Adventure
84119,Middle Grade
84119,Audiobook
84119,Christian Fiction
47401,Fiction
47401,Romance
47401,Magical Realism
47401,France
47401,Fantasy
47401,Contemporary
47401,Historical Fiction
47401,Food
47401,Book Club
47401,Chick Lit
33590260,Fantasy
33590260,Romance
33590260,Young Adult
33590260,Romantasy
33590260,Fae
33590260,Fiction
33590260,Magic
33590260,New Adult
33590260,Audiobook
33590260,Fantasy Romance
7747374,Young Adult
7747374,Fantasy
7747374,Science Fiction
7747374,Fiction
7747374,Aliens
7747374,Romance
7747374,Paranormal
7747374,Adventure
7747374,Dystopia
7747374,Teen
40611510,Nonfiction
40611510,Memoir
40611510,Biography
40611510,Self Help
40611510,Philosophy
40611510,Inspirational
40611510,Book Club
40611510,Autobiography
40611510,Biography Memoir
40611510,Audiobook
518848,Fantasy
518848,Young Adult
518848,Fiction
518848,Magic
518848,Audiobook
518848,High Fantasy
518848,Adventure
518848,Young Adult Fantasy
518848,Science Fiction Fantasy
518848,Teen
12749,Classics
12749,Fiction
12749,France
12749,Literature
12749,French Literature
12749,Novels
12749,Philosophy
12749,20th Century
12749,Literary Fiction
12749,Audiobook
2800905,Young Adult
2800905,Fantasy
2800905,Paranormal
2800905,Urban Fantasy
2800905,Supernatural
2800905,Romance
2800905,Magic
2800905,Ghosts
2800905,Werewolves
2800905,Fiction
902,Mystery
902,Fiction
902,Young Adult
902,Middle Grade
902,Classics
902,Childrens
902,Mystery Thriller
902,School
902,Audiobook
902,Book Club
60784373,Thriller
60784373,Mystery
60784373,Mystery Thriller
60784373,Audiobook
60784373,Fiction
60784373,Horror
60784373,Book Club
60784373,Suspense
60784373,Crime
60784373,Adult
11408650,Young Adult
11408650,Fantasy
11408650,Paranormal
11408650,Romance
11408650,Mystery
11408650,Fiction
11408650,Horror
11408650,Supernatural
11408650,Thriller
11408650,Contemporary
50659467,Fantasy
50659467,Romance
50659467,Romantasy
50659467,Young Adult
50659467,Fiction
50659467,Audiobook
50659467,Fae
50659467,New Adult
50659467,Fantasy Romance
50659467,Magic
1625,Classics
1625,Plays
1625,Shakespeare
1625,Drama
1625,Fiction
1625,School
1625,Romance
1625,Theatre
1625,Literature
1625,Poetry
51738,Young Adult
51738,Romance
51738,Contemporary
51738,Fiction
51738,Realistic Fiction
51738,Chick Lit
51738,Teen
51738,Music
51738,Young Adult Contemporary
51738,High School
179064,Fantasy
179064,Young Adult
179064,Romance
179064,Fiction
179064,Fairy Tales
179064,Retellings
179064,Middle Grade
179064,Adventure
179064,Audiobook
179064,Childrens
10637766,Fantasy
10637766,Young Adult
10637766,Romance
10637766,Angels
10637766,Paranormal
10637766,Paranormal Romance
10637766,Fiction
10637766,Supernatural
10637766,Urban Fantasy
10637766,Young Adult Fantasy
1421990,Paranormal
1421990,Vampires
1421990,Urban Fantasy
1421990,Romance
1421990,Fantasy
1421990,Paranormal Romance
1421990,Adult
1421990,Audiobook
1421990,Fiction
1421990,Supernatural
32049,Classics
32049,Fiction
32049,Romance
32049,Literature
32049,Banned Books
32049,Historical Fiction
32049,Novels
32049,Erotica
32049,Book Club
32049,British Literature
49436,Nonfiction
49436,Book Club
49436,Memoir
49436,Biography
49436,Travel
49436,Education
49436,Middle East
49436,Biography Memoir
49436,Pakistan
49436,History
7967,Science Fiction
7967,Fiction
7967,Fantasy
7967,Science Fiction Fantasy
7967,Young Adult
7967,Audiobook
7967,Space
7967,Aliens
7967,Space Opera
7967,Novels
135836,Fiction
135836,Contemporary
135836,Classics
135836,Scotland
135836,Novels
135836,Drugs
135836,Crime
135836,Thriller
135836,Literature
135836,British Literature
50202953,Fantasy
50202953,Fiction
50202953,Mystery
50202953,Magical Realism
50202953,Book Club
50202953,Mythology
50202953,Dark Academia
50202953,Audiobook
50202953,Literary Fiction
50202953,Adult
1923820,Religion
1923820,Classics
1923820,Nonfiction
1923820,Christian
1923820,Philosophy
1923820,Christianity
1923820,History
1923820,Reference
1923820,Theology
1923820,Spirituality
7445,Nonfiction
7445,Memoir
7445,Book Club
7445,Biography
7445,Biography Memoir
7445,Audiobook
7445,Autobiography
7445,Adult
7445,School
7445,Classics
51737,Young Adult
51737,Romance
51737,Contemporary
51737,Fiction
51737,Chick Lit
51737,Realistic Fiction
51737,Teen
51737,Young Adult Contemporary
51737,Young Adult Romance
51737,High School
29127,Fantasy
29127,Classics
29127,Fiction
29127,Young Adult
29127,Childrens
29127,Adventure
29127,Magic
29127,Science Fiction Fantasy
29127,Unicorns
29127,High Fantasy
13642,Fantasy
13642,Fiction
13642,Young Adult
13642,Classics
13642,Audiobook
13642,Science Fiction Fantasy
13642,Magic
13642,High Fantasy
13642,Science Fiction
13642,Adventure
4009,Short Stories
4009,Fiction
4009,Classics
4009,Literature
4009,American
4009,Literary Fiction
4009,20th Century
4009,The United States Of America
4009,Book Club
4009,Novels
40611328,Fiction
40611328,Philosophy
40611328,Spirituality
40611328,Classics
40611328,Fantasy
40611328,Book Club
40611328,Environment
40611328,Novels
40611328,Literature
40611328,Religion
31122,Classics
31122,Fiction
31122,Young Adult
31122,Historical Fiction
31122,Romance
31122,Book Club
31122,Coming Of Age
31122,Historical
31122,British Literature
31122,Audiobook
140077,Fantasy
140077,Vampires
140077,Paranormal
140077,Urban Fantasy
140077,Romance
140077,Fiction
140077,Mystery
140077,Paranormal Romance
140077,Supernatural
140077,Adult
101265124,Science Fiction
101265124,Space
101265124,Adventure
101265124,Speculative Fiction
101265124,Science Fiction Fantasy
101265124,Novels
101265124,Space Opera
101265124,Book Club
101265124,Fiction
101265124,Teen
56905097,Mystery
56905097,Thriller
56905097,Young Adult
56905097,Mystery Thriller
56905097,Crime
56905097,Fiction
56905097,Audiobook
56905097,Murder Mystery
56905097,Contemporary
56905097,Romance
83144,Historical Fiction
83144,Romance
83144,Historical
83144,Historical Romance
83144,Fiction
83144,War
83144,Russia
83144,Adult
83144,World War II
83144,Book Club
24861,Classics
24861,Fiction
24861,Philosophy
24861,German Literature
24861,Literature
24861,Novels
24861,Germany
24861,Coming Of Age
24861,20th Century
24861,Literary Fiction
13006,Classics
13006,Plays
13006,Shakespeare
13006,Fiction
13006,Drama
13006,School
13006,Historical Fiction
13006,Literature
13006,Read For School
13006,Theatre
154462576,Historical Fiction
154462576,Fantasy
154462576,Fiction
154462576,Historical
154462576,Magical Realism
154462576,Paranormal
154462576,Audiobook
154462576,Horror
154462576,Adult
154462576,Historical Fantasy
5064,Historical Fiction
5064,Fiction
5064,Historical
5064,Audiobook
5064,Medieval
5064,British Literature
5064,Fantasy
5064,Novels
5064,Romance
5064,Adult
15638,Classics
15638,Plays
15638,Fiction
15638,Drama
15638,France
15638,Romance
15638,Theatre
15638,School
15638,Historical Fiction
15638,Literature
30333938,Romance
30333938,Young Adult
30333938,New Adult
30333938,Colleen Hoover
30333938,Contemporary
30333938,Contemporary Romance
30333938,Fiction
30333938,Chick Lit
30333938,High School
30333938,Audiobook
15749186,Romance
15749186,Young Adult
15749186,Contemporary
15749186,Fiction
15749186,Audiobook
15749186,Chick Lit
15749186,Realistic Fiction
15749186,Young Adult Romance
15749186,Young Adult Contemporary
15749186,Fake Dating
11899,Fiction
11899,Historical Fiction
11899,Contemporary
11899,Literary Fiction
11899,LGBT
11899,Book Club
11899,Classics
11899,Novels
11899,Queer
11899,Literature
56728,Picture Books
56728,Childrens
56728,Christian
56728,Fiction
56728,Religion
56728,Inspirational
56728,Christian Fiction
56728,Christianity
56728,Fantasy
56728,Faith
35133922,Nonfiction
35133922,Memoir
35133922,Book Club
35133922,Biography
35133922,Audiobook
35133922,Biography Memoir
35133922,Autobiography
35133922,Education
35133922,Adult
35133922,Religion
93101,Classics
93101,Fiction
93101,Fantasy
93101,Short Stories
93101,Literature
93101,Mythology
93101,Fairy Tales
93101,Middle East
93101,Adventure
93101,Classic Literature
40909452,Historical Fiction
40909452,Romance
40909452,Fantasy
40909452,Fiction
40909452,Time Travel
40909452,Historical
40909452,Outlander
40909452,Historical Romance
40909452,Audiobook
40909452,Outlander Series
2299110,Paranormal Romance
2299110,Paranormal
2299110,Romance
2299110,Fantasy
2299110,Vampires
2299110,Urban Fantasy
2299110,Mythology
2299110,Adult
2299110,Fiction
2299110,Demons
34186576,Adventure
34186576,Novels
34186576,Fiction
34186576,Ebooks
34186576,Young Adult
34186576,Action
34186576,Book Club
34186576,Teen
34186576,Fantasy
34186576,Science Fiction Fantasy
92517,Plays
92517,Classics
92517,Fiction
92517,Drama
92517,Theatre
92517,School
92517,Literature
92517,Read For School
92517,High School
92517,American
32768522,Fantasy
32768522,Young Adult
32768522,Romance
32768522,LGBT
32768522,Queer
32768522,Fiction
32768522,Magic
32768522,Audiobook
32768522,Vampires
32768522,Young Adult Fantasy
10357575,Fiction
10357575,Fantasy
10357575,Magical Realism
10357575,Japan
10357575,Science Fiction
10357575,Japanese Literature
10357575,Contemporary
10357575,Novels
10357575,Literature
10357575,Audiobook
24800,Horror
24800,Fiction
24800,Fantasy
24800,Mystery
24800,Thriller
24800,Contemporary
24800,Novels
24800,Adult
24800,Book Club
24800,Horror Thriller
20758104,Young Adult
20758104,Dystopia
20758104,Science Fiction
20758104,Fantasy
20758104,Fiction
20758104,Adventure
20758104,Audiobook
20758104,Teen
20758104,Thriller
20758104,Book Club
55987278,Fantasy
55987278,Romance
55987278,Romantasy
55987278,Young Adult
55987278,Fiction
55987278,Fantasy Romance
55987278,Magic
55987278,Audiobook
55987278,Enemies To Lovers
55987278,Young Adult Fantasy
6482837,Young Adult
6482837,Contemporary
6482837,Fiction
6482837,Romance
6482837,Fantasy
6482837,Paranormal
6482837,Audiobook
6482837,Realistic Fiction
6482837,Teen
6482837,Death
153008,Fantasy
153008,Romance
153008,Fiction
153008,Epic Fantasy
153008,Erotica
153008,Adult
153008,High Fantasy
153008,Science Fiction Fantasy
153008,Audiobook
153008,Fantasy Romance
62986809,Fiction
62986809,Drama
62986809,Historical Fiction
62986809,Romance
62986809,Love
62986809,Romantic
62986809,Young Adult Romance
62986809,Ebooks
62986809,Chick Lit
62986809,Contemporary Romance
45047384,Fantasy
45047384,Fiction
45047384,LGBT
45047384,Romance
45047384,Audiobook
45047384,Book Club
45047384,Queer
45047384,Young Adult
45047384,Adult
45047384,Magic
4134071,Young Adult
4134071,Vampires
4134071,Fantasy
4134071,Paranormal
4134071,Romance
4134071,Fiction
4134071,Supernatural
4134071,Urban Fantasy
4134071,Paranormal Romance
4134071,Magic
80660,Fiction
80660,Book Club
80660,Thriller
80660,Contemporary
80660,Horror
80660,Crime
80660,Drama
80660,Audiobook
80660,Literary Fiction
80660,Adult
7664041,Fantasy
7664041,Young Adult
7664041,Fiction
7664041,Dragons
7664041,Magic
7664041,Adventure
7664041,High Fantasy
7664041,Audiobook
7664041,Epic Fantasy
7664041,Young Adult Fantasy
7631105,Young Adult
7631105,Dystopia
7631105,Science Fiction
7631105,Fiction
7631105,Fantasy
7631105,Adventure
7631105,Post Apocalyptic
7631105,Audiobook
7631105,Teen
7631105,Mystery
24128,Classics
24128,Plays
24128,Shakespeare
24128,Fiction
24128,Drama
24128,School
24128,Literature
24128,Theatre
24128,Poetry
24128,Read For School
18705209,Fantasy
18705209,Mythology
18705209,Young Adult
18705209,Middle Grade
18705209,Fiction
18705209,Percy Jackson
18705209,Adventure
18705209,Greek Mythology
18705209,Urban Fantasy
18705209,Audiobook
7723542,Fiction
7723542,Animals
7723542,Dogs
7723542,Book Club
7723542,Contemporary
7723542,Audiobook
7723542,Fantasy
7723542,Adult
7723542,Young Adult
7723542,Humor
65641,Fantasy
65641,Fiction
65641,Classics
65641,Young Adult
65641,Childrens
65641,Christian
65641,Adventure
65641,Middle Grade
65641,Audiobook
65641,Christian Fiction
11337,Fiction
11337,Classics
11337,Historical Fiction
11337,Banned Books
11337,Book Club
11337,Race
11337,African American
11337,Literary Fiction
11337,Literature
11337,Novels
30868,Fiction
30868,Book Club
30868,Contemporary
30868,Literary Fiction
30868,Classics
30868,Novels
30868,Adult Fiction
30868,Adult
30868,Audiobook
30868,School
121749,Fantasy
121749,Classics
121749,Fiction
121749,Young Adult
121749,Childrens
121749,Middle Grade
121749,Christian
121749,Adventure
121749,Audiobook
121749,Christian Fiction
17212231,Fiction
17212231,Thriller
17212231,Mystery
17212231,Mystery Thriller
17212231,Historical Fiction
17212231,Adventure
17212231,Suspense
17212231,Crime
17212231,Audiobook
17212231,Novels
366522,Romance
366522,Chick Lit
366522,Fiction
366522,Contemporary
366522,Adult
366522,Contemporary Romance
366522,Love
366522,Drama
366522,Ireland
366522,Adult Fiction
12513614,Dark
12513614,Romance
12513614,Dark Romance
12513614,BDSM
12513614,Erotica
12513614,Contemporary
12513614,Adult
12513614,Abuse
12513614,Contemporary Romance
12513614,Fiction
305234,Fantasy
305234,Young Adult
305234,Romance
305234,Paranormal
305234,Urban Fantasy
305234,Fae
305234,Fairies
305234,Fiction
305234,Magic
305234,Paranormal Romance
5439,Short Stories
5439,Fiction
5439,India
5439,Book Club
5439,Contemporary
5439,Literary Fiction
5439,Literature
5439,Indian Literature
5439,Asia
5439,School
59808071,Fantasy
59808071,Romance
59808071,Romantasy
59808071,Young Adult
59808071,Enemies To Lovers
59808071,Fantasy Romance
59808071,Audiobook
59808071,Fiction
59808071,Magic
59808071,Young Adult Fantasy
44778083,Fantasy
44778083,Romance
44778083,Romantasy
44778083,Fiction
44778083,Fae
44778083,Urban Fantasy
44778083,Audiobook
44778083,Fantasy Romance
44778083,Adult
44778083,Magic
52529,Self Help
52529,Nonfiction
52529,Spirituality
52529,Psychology
52529,Personal Development
52529,Philosophy
52529,Inspirational
52529,Audiobook
52529,Motivational
52529,Personal Growth
30319086,Dark Academia
30319086,Mystery
30319086,Fiction
30319086,Thriller
30319086,Mystery Thriller
30319086,Contemporary
30319086,LGBT
30319086,Book Club
30319086,Queer
30319086,Adult
43758,Horror
43758,Fantasy
43758,Vampires
43758,Fiction
43758,Paranormal
43758,Supernatural
43758,Urban Fantasy
43758,Gothic
43758,Adult
43758,Audiobook
415,Fiction
415,Classics
415,Literature
415,Science Fiction
415,Historical Fiction
415,Novels
415,American
415,War
415,Literary Fiction
415,20th Century
3869,Science
3869,Nonfiction
3869,Physics
3869,History
3869,Astronomy
3869,Classics
3869,Philosophy
3869,Popular Science
3869,Audiobook
3869,Space
44421460,Fiction
44421460,Fantasy
44421460,Magical Realism
44421460,Contemporary
44421460,Time Travel
44421460,Japan
44421460,Audiobook
44421460,Book Club
44421460,Japanese Literature
44421460,Science Fiction
47212,Fantasy
47212,Urban Fantasy
47212,Mystery
47212,Fiction
47212,Paranormal
47212,Audiobook
47212,Magic
47212,Supernatural
47212,Crime
47212,Science Fiction Fantasy
1371,Classics
1371,Poetry
1371,Fiction
1371,Mythology
1371,Literature
1371,Fantasy
1371,Greek Mythology
1371,Historical Fiction
1371,School
1371,War
37190,Fantasy
37190,Fiction
37190,Childrens
37190,Middle Grade
37190,Young Adult
37190,Animals
37190,Adventure
37190,Classics
37190,Audiobook
37190,Juvenile
127305892,Thriller
127305892,Mystery
127305892,Audiobook
127305892,Mystery Thriller
127305892,Fiction
127305892,Suspense
127305892,Adult
127305892,Contemporary
127305892,Book Club
127305892,Psychological Thriller
5527,Fiction
5527,Classics
5527,Historical Fiction
5527,Politics
5527,Literature
5527,Novels
5527,Literary Fiction
5527,Book Club
5527,American
5527,Southern
27003,Fantasy
27003,Fiction
27003,Mystery
27003,Science Fiction
27003,Humor
27003,Books About Books
27003,Time Travel
27003,Book Club
27003,Audiobook
27003,Alternate History
17125,Fiction
17125,Classics
17125,Russia
17125,Historical Fiction
17125,Russian Literature
17125,Literature
17125,Novels
17125,Historical
17125,20th Century
17125,School
36236125,Fiction
36236125,Contemporary
36236125,Thriller
36236125,Horror
36236125,Novels
36236125,Mystery
36236125,Humor
36236125,Book Club
36236125,Adult
36236125,Audiobook
58679358,Mystery
58679358,Young Adult
58679358,Thriller
58679358,Fiction
58679358,Contemporary
58679358,Mystery Thriller
58679358,Romance
58679358,Audiobook
58679358,Crime
58679358,Murder Mystery
33507,Classics
33507,Science Fiction
33507,Fiction
33507,Adventure
33507,Fantasy
33507,France
33507,Audiobook
33507,Literature
33507,Steampunk
33507,Novels
205404157,Fantasy
205404157,Romantasy
205404157,Romance
205404157,Fae
205404157,Fantasy Romance
205404157,Dark Romance
205404157,Magic
205404157,Fiction
205404157,Spicy
205404157,Ebooks
15783514,Fantasy
15783514,Fiction
15783514,Magical Realism
15783514,Horror
15783514,Audiobook
15783514,Book Club
15783514,Young Adult
15783514,Adult
15783514,Science Fiction Fantasy
15783514,Paranormal
1582996,Fantasy
1582996,Young Adult
1582996,Romance
1582996,Paranormal
1582996,Urban Fantasy
1582996,Fiction
1582996,Vampires
1582996,Supernatural
1582996,Angels
1582996,Young Adult Fantasy
60510,Fantasy
60510,Young Adult
60510,Romance
60510,Magic
60510,Fiction
60510,Young Adult Fantasy
60510,High Fantasy
60510,Paranormal
60510,Fantasy Romance
60510,Adventure
61608233,Fiction
61608233,Ebooks
61608233,Fantasy
61608233,Novels
61608233,Science Fiction Fantasy
61608233,Magic
61608233,Speculative Fiction
61608233,Epic
61608233,Epic Fantasy
61608233,High Fantasy
17841,Fiction
17841,Historical Fiction
17841,Mystery
17841,Classics
17841,Literature
17841,Italian Literature
17841,Thriller
17841,Philosophy
17841,Novels
17841,Italy
35729,Romance
35729,Paranormal
35729,Vampires
35729,Paranormal Romance
35729,Fantasy
35729,Urban Fantasy
35729,Adult
35729,Fiction
35729,Supernatural
35729,Erotica
10441,Fiction
10441,Book Club
10441,Contemporary
10441,Historical Fiction
10441,Adult Fiction
10441,Adult
10441,Drama
10441,Chick Lit
10441,Novels
10441,Family
19547856,Young Adult
19547856,Romance
19547856,LGBT
19547856,Contemporary
19547856,Fiction
19547856,Queer
19547856,Audiobook
19547856,Realistic Fiction
19547856,Coming Of Age
19547856,Gay
204787816,Thriller
204787816,Mystery Thriller
204787816,Mystery
204787816,Audiobook
204787816,Book Club
204787816,Fiction
204787816,Suspense
204787816,Psychological Thriller
204787816,Crime
204787816,Horror
7869,Fiction
7869,Thriller
7869,Mystery
7869,Espionage
7869,Suspense
7869,Mystery Thriller
7869,Action
7869,Adventure
7869,Crime
7869,Spy Thriller
64216,Fantasy
64216,Fiction
64216,Humor
64216,Comedy
64216,Audiobook
64216,Dragons
64216,Science Fiction Fantasy
64216,Magic
64216,High Fantasy
64216,Satire
110737,Nonfiction
110737,History
110737,Biography
110737,Sports
110737,Animals
110737,Horses
110737,Book Club
110737,Historical
110737,Audiobook
110737,Biography Memoir
357664,Fiction
357664,Middle Grade
357664,Childrens
357664,Realistic Fiction
357664,Young Adult
357664,Classics
357664,Animals
357664,School
357664,Dogs
357664,Chapter Books
58536005,Mystery
58536005,Thriller
58536005,Fiction
58536005,Audiobook
58536005,Mystery Thriller
58536005,Book Club
58536005,Suspense
58536005,Contemporary
58536005,Crime
58536005,Adult
198494009,Mystery
198494009,Thriller
198494009,Fiction
198494009,Crime
198494009,Mystery Thriller
198494009,Audiobook
198494009,Suspense
198494009,Book Club
198494009,Psychological Thriller
198494009,Ebooks
196970,Christmas
196970,Picture Books
196970,Childrens
196970,Classics
196970,Poetry
196970,Fiction
196970,Holiday
196970,Fantasy
196970,Kids
196970,Short Stories
2767,History
2767,Nonfiction
2767,Politics
2767,American History
2767,Historical
2767,Audiobook
2767,Social Justice
2767,Classics
2767,The United States Of America
2767,American
23522,Mythology
23522,Classics
23522,Nonfiction
23522,History
23522,Greek Mythology
23522,Reference
23522,Religion
23522,School
23522,Literature
23522,Short Stories
1554,Classics
1554,Plays
1554,Fiction
1554,Drama
1554,School
1554,Mythology
1554,Read For School
1554,Theatre
1554,Literature
1554,High School
227571,Fiction
227571,Book Club
227571,Historical Fiction
227571,Literary Fiction
227571,Coming Of Age
227571,Audiobook
227571,Novels
227571,Adult
227571,Adult Fiction
227571,Contemporary
2767793,Fantasy
2767793,Fiction
2767793,Audiobook
2767793,Epic Fantasy
2767793,High Fantasy
2767793,Adult
2767793,Magic
2767793,Science Fiction Fantasy
2767793,Adventure
2767793,Young Adult
60168787,Thriller
60168787,Horror
60168787,Mystery Thriller
60168787,Mystery
60168787,Fiction
60168787,Book Club
60168787,Audiobook
60168787,Paranormal
60168787,Suspense
60168787,Crime
8492825,Young Adult
8492825,Romance
8492825,Contemporary
8492825,Fiction
8492825,Realistic Fiction
8492825,Music
8492825,Audiobook
8492825,New Adult
8492825,Teen
8492825,Young Adult Contemporary
3867,Fiction
3867,Book Club
3867,Historical Fiction
3867,Romance
3867,Contemporary
3867,Literary Fiction
3867,Novels
3867,Adult Fiction
3867,Adult
3867,Love
57945316,Fantasy
57945316,Historical Fiction
57945316,Dark Academia
57945316,Fiction
57945316,Historical
57945316,Audiobook
57945316,Book Club
57945316,Adult
57945316,Magical Realism
57945316,Historical Fantasy
15622,Fiction
15622,Classics
15622,Historical Fiction
15622,African American
15622,Race
15622,Literature
15622,Banned Books
15622,Novels
15622,School
15622,American
59219,Horror
59219,Fantasy
59219,Fiction
59219,Thriller
59219,Audiobook
59219,Adventure
59219,Mystery
59219,Supernatural
59219,Paranormal
59219,Science Fiction
19351490,Classics
19351490,Fantasy
19351490,Fiction
19351490,Fairy Tales
19351490,Short Stories
19351490,Childrens
19351490,Mythology
19351490,Literature
19351490,Folklore
19351490,German Literature
99300,Classics
99300,Short Stories
99300,Fiction
99300,Horror
99300,Feminism
99300,Gothic
99300,Mental Health
99300,School
99300,Audiobook
99300,Literature
16328,Mystery
16328,Agatha Christie
16328,Fiction
16328,Classics
16328,Crime
16328,Mystery Thriller
16328,Audiobook
16328,Thriller
16328,Detective
16328,Book Club
61800582,Horror
61800582,Fiction
61800582,Mystery
61800582,Thriller
61800582,Adventure
61800582,Book Club
61800582,Mystery Thriller
61800582,Ebooks
61800582,Crime
61800582,Dark
28954189,Fantasy
28954189,Young Adult
28954189,Dystopia
28954189,Science Fiction
28954189,Fiction
28954189,Audiobook
28954189,Romance
28954189,Book Club
28954189,Young Adult Fantasy
28954189,Science Fiction Fantasy
46756,Fiction
46756,Science Fiction
46756,Dystopia
46756,Post Apocalyptic
46756,Fantasy
46756,Audiobook
46756,Book Club
46756,Speculative Fiction
46756,Canada
46756,Science Fiction Fantasy
127281143,Fantasy
127281143,Horror
127281143,Novella
127281143,Fiction
127281143,Adult
127281143,Dark Fantasy
127281143,Magic
127281143,Short Stories
127281143,Dark
127281143,Book Club
57040367,Thriller
57040367,Audiobook
57040367,Mystery
57040367,Fiction
57040367,Psychological Thriller
57040367,Mystery Thriller
57040367,Adventure
57040367,Suspense
57040367,Dark
57040367,Contemporary
32822135,Romance
32822135,Contemporary
32822135,Contemporary Romance
32822135,New Adult
32822135,Friends To Lovers
32822135,Fiction
32822135,Audiobook
32822135,Small Town Romance
32822135,Adult
32822135,Book Club
14290364,Dystopia
14290364,Young Adult
14290364,Romance
14290364,Fantasy
14290364,Science Fiction
14290364,Fiction
14290364,Audiobook
14290364,Adventure
14290364,Action
14290364,Teen
10967,Historical Fiction
10967,Romance
10967,Fantasy
10967,Fiction
10967,Time Travel
10967,Historical
10967,Outlander
10967,Historical Romance
10967,Audiobook
10967,Outlander Series
2536134,Young Adult
2536134,Dystopia
2536134,Fantasy
2536134,Science Fiction
2536134,Fiction
2536134,Paranormal
2536134,Romance
2536134,Adventure
2536134,Teen
2536134,Supernatural
682804,Historical Fiction
682804,Fiction
682804,Civil War
682804,War
682804,Historical
682804,Military Fiction
682804,Classics
682804,American History
682804,Book Club
682804,American Civil War
59316367,Thriller
59316367,Mystery
59316367,Mystery Thriller
59316367,Audiobook
59316367,Fiction
59316367,Book Club
59316367,Suspense
59316367,Crime
59316367,Psychological Thriller
59316367,Contemporary
17214,Science Fiction
17214,Fiction
17214,Classics
17214,Military Fiction
17214,War
17214,Science Fiction Fantasy
17214,Audiobook
17214,Space Opera
17214,Fantasy
17214,Space
50531218,Mystery
50531218,Young Adult
50531218,Romance
50531218,Fiction
50531218,Mystery Thriller
50531218,Contemporary
50531218,Thriller
50531218,Audiobook
50531218,Fantasy
50531218,Adventure
10965,Historical Fiction
10965,Romance
10965,Fantasy
10965,Fiction
10965,Time Travel
10965,Outlander
10965,Historical
10965,Historical Romance
10965,Audiobook
10965,Outlander Series
6853,Mystery
6853,Fiction
6853,Humor
6853,Chick Lit
6853,Romance
6853,Crime
6853,Audiobook
6853,Mystery Thriller
6853,Contemporary
6853,Adult
32423,Horror
32423,Fiction
32423,Thriller
32423,Science Fiction
32423,Mystery
32423,Suspense
32423,Fantasy
32423,Audiobook
32423,Mystery Thriller
32423,Dogs
101145468,Fiction
101145468,Horror
101145468,Thriller
101145468,Crime
101145468,Book Club
101145468,Dark
101145468,Contemporary
101145468,Suspense
101145468,Novels
101145468,Ebooks
547094,Horror
547094,Fiction
547094,Science Fiction
547094,Vampires
547094,Short Stories
547094,Fantasy
547094,Post Apocalyptic
547094,Classics
547094,Dystopia
547094,Audiobook
3980,Fiction
3980,Childrens
3980,Middle Grade
3980,Young Adult
3980,Classics
3980,Mystery
3980,Adventure
3980,Realistic Fiction
3980,Juvenile
3980,Audiobook
7304203,Fantasy
7304203,Urban Fantasy
7304203,Paranormal
7304203,Romance
7304203,Fae
7304203,Paranormal Romance
7304203,Adult
7304203,Fiction
7304203,Magic
7304203,Supernatural
55030,Science
55030,Nonfiction
55030,Astronomy
55030,Physics
55030,Space
55030,History
55030,Philosophy
55030,Audiobook
55030,Classics
55030,Popular Science
374233,Fiction
374233,Classics
374233,Italian Literature
374233,Magical Realism
374233,Italy
374233,Literature
374233,Novels
374233,Literary Fiction
374233,Books About Books
374233,Book Club
27523,Fiction
27523,Christian
27523,Christian Fiction
27523,Fantasy
27523,Religion
27523,Thriller
27523,Christianity
27523,Science Fiction
27523,Dystopia
27523,Apocalyptic
50659472,Fantasy
50659472,Romance
50659472,Romantasy
50659472,Fiction
50659472,Young Adult
50659472,Fae
50659472,Audiobook
50659472,New Adult
50659472,Fantasy Romance
50659472,Magic
39657755,Thriller
39657755,Mystery
39657755,Fiction
39657755,Audiobook
39657755,Mystery Thriller
39657755,Suspense
39657755,Crime
39657755,Book Club
39657755,Psychological Thriller
39657755,Contemporary
56495,Christian
56495,Nonfiction
56495,Religion
56495,Self Help
56495,Christianity
56495,Spirituality
56495,Faith
56495,Christian Living
56495,Inspirational
56495,Theology
58124274,Dark Romance
58124274,Romance
58124274,Dark
58124274,Enemies To Lovers
58124274,New Adult
58124274,Spicy
58124274,Contemporary
58124274,Smut
58124274,Audiobook
58124274,Contemporary Romance
12842828,Fantasy
12842828,Middle Grade
12842828,Fiction
12842828,Young Adult
12842828,Adventure
12842828,Childrens
12842828,Magic
12842828,Mystery
12842828,Audiobook
12842828,Young Adult Fantasy
112750,Fantasy
112750,Urban Fantasy
112750,Paranormal
112750,Romance
112750,Fae
112750,Paranormal Romance
112750,Adult
112750,Fiction
112750,Vampires
112750,Supernatural
47989,Fantasy
47989,Fiction
47989,Humor
47989,Comedy
47989,Time Travel
47989,Audiobook
47989,Science Fiction Fantasy
47989,Satire
47989,Science Fiction
47989,Novels
78433,Fiction
78433,Historical Fiction
78433,Mystery
78433,Book Club
78433,Literary Fiction
78433,Classics
78433,Canada
78433,Contemporary
78433,Historical
78433,Literature
18545,Plays
18545,Classics
18545,Fiction
18545,Drama
18545,Theatre
18545,Humor
18545,School
18545,Shakespeare
18545,Literature
18545,High School
131359,Mystery
131359,Agatha Christie
131359,Fiction
131359,Classics
131359,Crime
131359,Mystery Thriller
131359,Audiobook
131359,Thriller
131359,Detective
131359,Murder Mystery
16286,Fiction
16286,Classics
16286,Fantasy
16286,Mystery
16286,Literature
16286,Literary Fiction
16286,Novels
16286,Greece
16286,British Literature
16286,Thriller
24768,Young Adult
24768,Dystopia
24768,Science Fiction
24768,Fiction
24768,Fantasy
24768,Romance
24768,Teen
24768,Adventure
24768,Audiobook
24768,Post Apocalyptic
6320534,Horror
6320534,Fiction
6320534,Science Fiction
6320534,Thriller
6320534,Fantasy
6320534,Mystery
6320534,Audiobook
6320534,Suspense
6320534,Dystopia
6320534,Adult
2203,History
2203,Biography
2203,Nonfiction
2203,American History
2203,Presidents
2203,Politics
2203,Historical
2203,Biography Memoir
2203,American Revolution
2203,Audiobook
323355,Religion
323355,Nonfiction
323355,Lds
323355,Church
323355,Spirituality
323355,History
323355,Classics
323355,Inspirational
323355,Christian
323355,Reference
13831,Fantasy
13831,Young Adult
13831,Fiction
13831,Magic
13831,Adventure
13831,Middle Grade
13831,Young Adult Fantasy
13831,High Fantasy
13831,Audiobook
13831,Childrens
60880820,Fiction
60880820,Thriller
60880820,Horror
60880820,Mystery
60880820,Contemporary
60880820,Mystery Thriller
60880820,Audiobook
60880820,Crime
60880820,Queer
60880820,LGBT
166997,Fiction
166997,Classics
166997,Historical Fiction
166997,Literature
166997,Literary Fiction
166997,Novels
166997,Book Club
166997,American
166997,Audiobook
166997,The United States Of America
41219,Fiction
41219,Historical Fiction
41219,Romance
41219,Classics
41219,Mystery
41219,Literary Fiction
41219,Historical
41219,Literature
41219,Poetry
41219,British Literature
7864437,Young Adult
7864437,Dystopia
7864437,Science Fiction
7864437,Fiction
7864437,Fantasy
7864437,Adventure
7864437,Post Apocalyptic
7864437,Audiobook
7864437,Teen
7864437,Action
6882,Nonfiction
6882,Biography
6882,Classics
6882,Memoir
6882,Adventure
6882,Autobiography
6882,History
6882,France
6882,Crime
6882,Biography Memoir
2666,Fiction
2666,Classics
2666,Novels
2666,Literature
2666,New York
2666,Contemporary
2666,Literary Fiction
2666,Satire
2666,American
2666,Book Club
452306,Young Adult
452306,Fiction
452306,Chick Lit
452306,Contemporary
452306,Romance
452306,Teen
452306,Realistic Fiction
452306,Childrens
452306,Coming Of Age
452306,Friendship
1431,Fiction
1431,Contemporary
1431,Philosophy
1431,Novels
1431,Psychology
1431,Mental Health
1431,Romance
1431,Classics
1431,Drama
1431,Literature
321552,Historical Fiction
321552,Fiction
321552,Art
321552,Classics
321552,Italy
321552,Historical
321552,Art History
321552,Renaissance
321552,Literature
321552,Biography Memoir
76401,History
76401,Nonfiction
76401,Native American
76401,American History
76401,Classics
76401,Historical
76401,Indigenous
76401,Politics
76401,Audiobook
76401,War
2967752,Fiction
2967752,Book Club
2967752,France
2967752,Contemporary
2967752,Philosophy
2967752,Literary Fiction
2967752,Novels
2967752,Audiobook
2967752,French Literature
2967752,Literature
38311414,Fiction
38311414,Book Club
38311414,Contemporary
38311414,Literary Fiction
38311414,Novels
38311414,Adult Fiction
38311414,Literature
38311414,Adult
38311414,Drama
38311414,Suspense
14995,Horror
14995,Fiction
14995,Fantasy
14995,Mystery
14995,Thriller
14995,Paranormal
14995,Supernatural
14995,Suspense
14995,Urban Fantasy
14995,Audiobook
4982,Fiction
4982,Science Fiction
4982,Classics
4982,Humor
4982,Fantasy
4982,Literature
4982,Novels
4982,Book Club
4982,Science Fiction Fantasy
4982,Satire
304027,Romance
304027,Paranormal
304027,Vampires
304027,Paranormal Romance
304027,Fantasy
304027,Urban Fantasy
304027,Adult
304027,Fiction
304027,Supernatural
304027,Erotica
10569,Nonfiction
10569,Writing
10569,Memoir
10569,Biography
10569,Audiobook
10569,Reference
10569,Autobiography
10569,Biography Memoir
10569,Self Help
10569,Books About Books
4865,Self Help
4865,Nonfiction
4865,Business
4865,Psychology
4865,Personal Development
4865,Leadership
4865,Communication
4865,Audiobook
4865,Classics
4865,Personal Growth
133286777,Fantasy
133286777,Historical Fiction
133286777,Fiction
133286777,Historical
133286777,Romance
133286777,Audiobook
133286777,Adult
133286777,Magic
133286777,Historical Fantasy
133286777,Magical Realism
30659,Philosophy
30659,Nonfiction
30659,Classics
30659,History
30659,Self Help
30659,Psychology
30659,Personal Development
30659,Spirituality
30659,Audiobook
30659,Biography
1202,Nonfiction
1202,Economics
1202,Business
1202,Science
1202,Psychology
1202,Sociology
1202,Finance
1202,Audiobook
1202,Politics
1202,Social Science
27833670,Science Fiction
27833670,Fiction
27833670,Thriller
27833670,Book Club
27833670,Mystery
27833670,Audiobook
27833670,Mystery Thriller
27833670,Fantasy
27833670,Adult
27833670,Suspense
11334,Fiction
11334,Classics
11334,Historical Fiction
11334,Magical Realism
11334,African American
11334,Literature
11334,Novels
11334,Literary Fiction
11334,School
11334,Book Club
703292,Historical Fiction
703292,Young Adult
703292,Fiction
703292,Classics
703292,Historical
703292,Childrens
703292,Middle Grade
703292,Witches
703292,Romance
703292,School
13414446,Dystopia
13414446,Young Adult
13414446,Romance
13414446,Fantasy
13414446,Science Fiction
13414446,Fiction
13414446,Adventure
13414446,Audiobook
13414446,Action
13414446,Teen
12368985,Dark
12368985,Romance
12368985,Dark Romance
12368985,Contemporary
12368985,Abuse
12368985,Thriller
12368985,Suspense
12368985,Fiction
12368985,Adult
12368985,Erotica
30474,Philosophy
30474,Nonfiction
30474,Politics
30474,Classics
30474,History
30474,Economics
30474,Sociology
30474,Theory
30474,Political Science
30474,German Literature
4953,Fiction
4953,Contemporary
4953,Book Club
4953,Literature
4953,Humor
4953,Biography Memoir
4953,Novels
4953,Audiobook
4953,Literary Fiction
4953,American
164154,Science Fiction
164154,Fiction
164154,Post Apocalyptic
164154,Classics
164154,Dystopia
164154,Fantasy
164154,Religion
164154,Science Fiction Fantasy
164154,Audiobook
164154,Speculative Fiction
248596,Horror
248596,Fantasy
248596,Fiction
248596,Classics
248596,Science Fiction
248596,Book Club
248596,Halloween
248596,Young Adult
248596,Audiobook
248596,Mystery
16070018,Dark
16070018,Romance
16070018,Dark Romance
16070018,Contemporary
16070018,Suspense
16070018,Thriller
16070018,Mystery
16070018,Fiction
16070018,Psychological Thriller
16070018,Abuse
3388,Fiction
3388,Historical Fiction
3388,Romance
3388,Classics
3388,War
3388,Greece
3388,Historical
3388,World War II
3388,Book Club
3388,Literature
280111,Religion
280111,Christian
280111,Nonfiction
280111,Classics
280111,Christianity
280111,Reference
280111,Theology
280111,Faith
280111,Spirituality
280111,History
40024,Historical Fiction
40024,Mystery
40024,Fiction
40024,Thriller
40024,Crime
40024,Historical
40024,Mystery Thriller
40024,Horror
40024,Book Club
40024,Audiobook
43352954,Science Fiction
43352954,Romance
43352954,Fiction
43352954,Fantasy
43352954,LGBT
43352954,Queer
43352954,Time Travel
43352954,Audiobook
43352954,Lesbian
43352954,Book Club
54479,Classics
54479,Fiction
54479,Adventure
54479,Science Fiction
54479,France
54479,Travel
54479,Audiobook
54479,Fantasy
54479,Historical Fiction
54479,Literature
12914,Classics
12914,Poetry
12914,Fiction
12914,Mythology
12914,Literature
12914,School
12914,Fantasy
12914,Epic
12914,Ancient
12914,Classic Literature
6280118,Romance
6280118,Fiction
6280118,Contemporary
6280118,Book Club
6280118,Chick Lit
6280118,Adult
6280118,Audiobook
6280118,Adult Fiction
6280118,Novels
6280118,British Literature
9416,Chick Lit
9416,Fiction
9416,Romance
9416,Contemporary
9416,Humor
9416,Adult
9416,Contemporary Romance
9416,Adult Fiction
9416,Comedy
9416,Young Adult
6325285,Fantasy
6325285,Young Adult
6325285,Time Travel
6325285,Romance
6325285,Historical Fiction
6325285,Fiction
6325285,Science Fiction
6325285,Historical
6325285,Paranormal
6325285,Audiobook
11125,Fiction
11125,Thriller
11125,Mystery
11125,Suspense
11125,Mystery Thriller
11125,Crime
11125,Science Fiction
11125,Novels
11125,Adventure
11125,Action
62874245,Thriller
62874245,Mystery
62874245,Mystery Thriller
62874245,Fiction
62874245,Audiobook
62874245,Book Club
62874245,Suspense
62874245,Psychological Thriller
62874245,Contemporary
62874245,Crime
57891,Horror
57891,Fiction
57891,Dystopia
57891,Thriller
57891,Science Fiction
57891,Young Adult
57891,Japan
57891,Japanese Literature
57891,Fantasy
57891,Novels
20559676,Romance
20559676,Dark
20559676,New Adult
20559676,Contemporary
20559676,Dark Romance
20559676,Suspense
20559676,Thriller
20559676,Abuse
20559676,Adult
20559676,Romantic Suspense
852470,Young Adult
852470,Romance
852470,Mystery
852470,Fiction
852470,Contemporary
852470,Espionage
852470,Adventure
852470,Teen
852470,Chick Lit
852470,Realistic Fiction
14249,Fiction
14249,Book Club
14249,Nature
14249,Literary Fiction
14249,Contemporary
14249,Audiobook
14249,Novels
14249,Adult
14249,Adult Fiction
14249,Literature
22055262,Fantasy
22055262,Fiction
22055262,Young Adult
22055262,Magic
22055262,Audiobook
22055262,Adult
22055262,Adventure
22055262,Historical Fiction
22055262,Urban Fantasy
22055262,Young Adult Fantasy
18300212,History
18300212,Nonfiction
18300212,War
18300212,World War I
18300212,Biography
18300212,Travel
18300212,Historical
18300212,European History
18300212,20th Century
18300212,Politics
73968,Romance
73968,Fiction
73968,Classics
73968,Contemporary
73968,Chick Lit
73968,Love
73968,Novels
73968,Drama
73968,Love Story
73968,Adult
27774758,Fantasy
27774758,Young Adult
27774758,Romance
27774758,Fiction
27774758,Young Adult Fantasy
27774758,Dystopia
27774758,Audiobook
27774758,High Fantasy
27774758,Magic
27774758,Romantasy
34497,Fantasy
34497,Fiction
34497,Humor
34497,Comedy
34497,Science Fiction
34497,Audiobook
34497,Magic
34497,Science Fiction Fantasy
34497,Adventure
34497,High Fantasy
7061,Mystery
7061,Fiction
7061,Africa
7061,Book Club
7061,Crime
7061,Mystery Thriller
7061,Audiobook
7061,Botswana
7061,Detective
7061,Cozy Mystery
426504,Fiction
426504,Short Stories
426504,Classics
426504,Magical Realism
426504,Fantasy
426504,Literature
426504,Spanish Literature
426504,Philosophy
426504,Latin American
426504,20th Century
33917,Fiction
33917,India
33917,Book Club
33917,Contemporary
33917,Literary Fiction
33917,Novels
33917,Indian Literature
33917,Literature
33917,School
33917,Adult Fiction
6262365,Young Adult
6262365,Vampires
6262365,Fantasy
6262365,Paranormal
6262365,Romance
6262365,Fiction
6262365,Supernatural
6262365,Urban Fantasy
6262365,Paranormal Romance
6262365,Magic
8682,Fiction
8682,Fantasy
8682,Humor
8682,Magical Realism
8682,Book Club
8682,Novels
8682,Literature
8682,Classics
8682,Contemporary
8682,Literary Fiction
9532,Science Fiction
9532,Fiction
9532,Young Adult
9532,Fantasy
9532,Science Fiction Fantasy
9532,Audiobook
9532,Space
9532,Adventure
9532,War
9532,Dystopia
18243700,Fantasy
18243700,Young Adult
18243700,Romance
18243700,Romantasy
18243700,Fiction
18243700,Audiobook
18243700,Young Adult Fantasy
18243700,High Fantasy
18243700,Fae
18243700,Fantasy Romance
9822,Fantasy
9822,Fiction
9822,Childrens
9822,Classics
9822,Young Adult
9822,Middle Grade
9822,Animals
9822,Adventure
9822,Science Fiction
9822,Audiobook
18839,Classics
18839,Fiction
18839,Queer
18839,Historical Fiction
18839,LGBT
18839,Fantasy
18839,Feminism
18839,Literature
18839,Novels
18839,Historical
6295,Poetry
6295,Classics
6295,Fiction
6295,Queer
6295,American
6295,Literature
6295,LGBT
6295,20th Century
6295,Banned Books
6295,The United States Of America
7770,Childrens
7770,Picture Books
7770,Fiction
7770,Classics
7770,Poetry
7770,Animals
7770,Fantasy
7770,Kids
7770,Humor
7770,Juvenile
88077,Fiction
88077,Classics
88077,German Literature
88077,Literature
88077,Philosophy
88077,Novels
88077,Germany
88077,Nobel Prize
88077,20th Century
88077,Literary Fiction
6440,Classics
6440,Fiction
6440,Historical Fiction
6440,Adventure
6440,Historical
6440,Literature
6440,Romance
6440,Medieval
6440,19th Century
6440,Classic Literature
667,Fiction
667,Classics
667,Dystopia
667,Philosophy
667,Science Fiction
667,School
667,Literature
667,Politics
667,Read For School
667,Novels
32905484,Humor
32905484,Comedy
32905484,Family
32905484,Animals
32905484,Animal Fiction
32905484,Friendship
32905484,Adventure
32905484,Coming Of Age
32905484,Wholesome
32905484,Middle Grade
205338104,Mystery
205338104,Mystery Thriller
205338104,Drama
205338104,Suspense
205338104,Thriller
205338104,Fiction
205338104,Novels
205338104,Crime
205338104,Thriller Suspense
205338104,Ebooks
821611,Nonfiction
821611,Biography
821611,Classics
821611,Memoir
821611,History
821611,Autobiography
821611,Biography Memoir
821611,Audiobook
821611,Historical
821611,Disability
18134894,Dark
18134894,Dark Romance
18134894,Romance
18134894,BDSM
18134894,Erotica
18134894,Contemporary
18134894,Abuse
18134894,New Adult
18134894,Adult
18134894,Contemporary Romance
7824322,Historical Fiction
7824322,Young Adult
7824322,Fiction
7824322,Historical
7824322,War
7824322,World War II
7824322,Book Club
7824322,Audiobook
7824322,Romance
7824322,Russia
22020052,Romance
22020052,Dark Romance
22020052,Dark
22020052,Contemporary
22020052,Abuse
22020052,Contemporary Romance
22020052,New Adult
22020052,Adult
22020052,Fiction
22020052,Suspense
76715522,Fantasy
76715522,Romance
76715522,Young Adult
76715522,Romantasy
76715522,Fae
76715522,Fiction
76715522,Magic
76715522,New Adult
76715522,Audiobook
76715522,Fantasy Romance
35519,Nonfiction
35519,Mythology
35519,Philosophy
35519,History
35519,Psychology
35519,Religion
35519,Spirituality
35519,Classics
35519,Anthropology
35519,Writing
85990,Fantasy
85990,Young Adult
85990,Middle Grade
85990,Fiction
85990,Childrens
85990,Romance
85990,Fairy Tales
85990,Adventure
85990,Audiobook
85990,Young Adult Fantasy
53496,Young Adult
53496,Fiction
53496,Middle Grade
53496,Childrens
53496,Realistic Fiction
53496,School
53496,Classics
53496,Contemporary
53496,Family
53496,Coming Of Age
232101884,Supernatural
232101884,Urban Fantasy
232101884,Psychological
232101884,Suspense
232101884,Mystery
232101884,Found Family
232101884,Paranormal
232101884,Crime
232101884,Dark
232101884,Magic
9673436,Historical Fiction
9673436,Fiction
9673436,Young Adult
9673436,Middle Grade
9673436,Childrens
9673436,Graphic Novels
9673436,Fantasy
9673436,Mystery
9673436,Historical
9673436,Picture Books
51901147,Dystopia
51901147,Young Adult
51901147,Fantasy
51901147,Fiction
51901147,Audiobook
51901147,Science Fiction
51901147,Romance
51901147,Adventure
51901147,Book Club
51901147,Teen
205840559,Fantasy
205840559,Magic
205840559,Fiction
205840559,Science Fiction Fantasy
205840559,Ebooks
205840559,Speculative Fiction
205840559,Epic
205840559,Adventure
205840559,High Fantasy
205840559,Epic Fantasy
7728,Classics
7728,Plays
7728,School
7728,Fiction
7728,Drama
7728,Mythology
7728,Read For School
7728,Theatre
7728,Literature
7728,High School
58524608,Nonfiction
58524608,Politics
58524608,Book Club
58524608,History
58524608,Drama
58524608,Inspirational
58524608,Education
58524608,Contemporary
58524608,Ebooks
58524608,Biography
90202302,Fantasy
90202302,Romance
90202302,Romantasy
90202302,Dragons
90202302,Audiobook
90202302,Fiction
90202302,Fantasy Romance
90202302,Magic
90202302,Spicy
90202302,New Adult
34521870,Historical Fiction
34521870,Fiction
34521870,New Adult
34521870,Historical
34521870,Romance
34521870,Adult
34521870,Young Adult
34521870,Novels
34521870,Love Story
34521870,Feminism
23444482,Fantasy
23444482,Fiction
23444482,LGBT
23444482,Queer
23444482,Science Fiction
23444482,Lesbian
23444482,Adult
23444482,Science Fiction Fantasy
23444482,Audiobook
23444482,High Fantasy
3478,Romance
3478,Fiction
3478,Chick Lit
3478,Contemporary
3478,Adult
3478,Contemporary Romance
3478,Adult Fiction
3478,Drama
3478,Love
3478,Novels
2052,Mystery
2052,Fiction
2052,Classics
2052,Crime
2052,Noir
2052,Detective
2052,Thriller
2052,Mystery Thriller
2052,Novels
2052,Audiobook
140082,Fantasy
140082,Vampires
140082,Paranormal
140082,Urban Fantasy
140082,Romance
140082,Fiction
140082,Mystery
140082,Paranormal Romance
140082,Supernatural
140082,Horror
44652,Fantasy
44652,Young Adult
44652,Middle Grade
44652,Fiction
44652,Childrens
44652,Adventure
44652,Magic
44652,Audiobook
44652,Juvenile
44652,Young Adult Fantasy
248704,Young Adult
248704,Fiction
248704,Mental Health
248704,Contemporary
248704,Mental Illness
248704,Realistic Fiction
248704,Romance
248704,Coming Of Age
248704,Psychology
248704,Teen
110494,Fantasy
110494,Vampires
110494,Paranormal
110494,Urban Fantasy
110494,Romance
110494,Fiction
110494,Mystery
110494,Paranormal Romance
110494,Supernatural
110494,Horror
111332,Fantasy
111332,Fiction
111332,Middle Grade
111332,Animals
111332,Young Adult
111332,Childrens
111332,Cats
111332,Adventure
111332,Audiobook
111332,Animal Fiction
50798,Classics
50798,Fiction
50798,Literature
50798,19th Century
50798,Victorian
50798,Novels
50798,British Literature
50798,Historical Fiction
50798,Classic Literature
50798,Romance
3805,Fiction
3805,Contemporary
3805,Literary Fiction
3805,Novels
3805,Book Club
3805,Literature
3805,American
3805,Family
3805,The United States Of America
3805,Audiobook
22107214,Dark
22107214,Romance
22107214,Dark Romance
22107214,Contemporary
22107214,Abuse
22107214,Contemporary Romance
22107214,Adult
22107214,Suspense
22107214,Crime
22107214,New Adult
37095,Fiction
37095,Historical Fiction
37095,Romance
37095,Book Club
37095,Audiobook
37095,Chick Lit
37095,Historical
37095,British Literature
37095,Contemporary
37095,Family
13206900,Fantasy
13206900,Young Adult
13206900,Science Fiction
13206900,Romance
13206900,Retellings
13206900,Dystopia
13206900,Fiction
13206900,Audiobook
13206900,Fairy Tales
13206900,Adventure
27266,Vampires
27266,Young Adult
27266,Fantasy
27266,Paranormal
27266,Urban Fantasy
27266,Romance
27266,Supernatural
27266,Fiction
27266,Paranormal Romance
27266,Ghosts
10374,Fiction
10374,Fantasy
10374,Magical Realism
10374,Japan
10374,Japanese Literature
10374,Science Fiction
10374,Contemporary
10374,Literature
10374,Novels
10374,Book Club
68429,Fantasy
68429,Fiction
68429,Audiobook
68429,High Fantasy
68429,Epic Fantasy
68429,Magic
68429,Adult
68429,Science Fiction Fantasy
68429,Adventure
68429,Young Adult
50919253,Action
50919253,Murder Mystery
50919253,Detective
50919253,Thriller
50919253,Mystery Thriller
50919253,Adventure
50919253,Suspense
50919253,Crime
50919253,Literary Fiction
50919253,Adult Fiction
292408,Fiction
292408,Historical Fiction
292408,Classics
292408,Book Club
292408,Westerns
292408,Literature
292408,Literary Fiction
292408,Novels
292408,Audiobook
292408,Historical
41684,Classics
41684,Fiction
41684,Fantasy
41684,Childrens
41684,Adventure
41684,Short Stories
41684,Literature
41684,Animals
41684,Young Adult
41684,India
197891975,Fantasy
197891975,Urban Fantasy
197891975,Fiction
197891975,Science Fiction Fantasy
197891975,Magic
197891975,Ebooks
197891975,Novels
197891975,High Fantasy
197891975,Epic
197891975,Epic Fantasy
67998095,Crime
67998095,Thriller
67998095,Mystery
67998095,Fiction
67998095,Suspense
67998095,Dark
67998095,Mystery Thriller
67998095,Novels
67998095,Ebooks
67998095,Book Club
16081272,Romance
16081272,New Adult
16081272,Contemporary
16081272,Contemporary Romance
16081272,Young Adult
16081272,Fiction
16081272,Chick Lit
16081272,Adult
16081272,Road Trip
16081272,Ebooks
214331246,Dystopia
214331246,Young Adult
214331246,Fantasy
214331246,Fiction
214331246,Audiobook
214331246,Science Fiction
214331246,Book Club
214331246,Romance
214331246,Adventure
214331246,Teen
2153405,Fiction
2153405,Book Club
2153405,Contemporary
2153405,Psychology
2153405,Audiobook
2153405,Adult Fiction
2153405,Adult
2153405,Medical
2153405,Realistic Fiction
2153405,Mental Health
58763686,Dark Romance
58763686,Romance
58763686,Dark
58763686,Spicy
58763686,Smut
58763686,Thriller
58763686,Fantasy
58763686,Enemies To Lovers
58763686,Horror
58763686,Fiction
60215314,Fantasy
60215314,Science Fiction
60215314,Science Fiction Fantasy
60215314,Post Apocalyptic
60215314,Adventure
60215314,Adult
60215314,Dark
60215314,Utopia
60215314,Fiction
60215314,Thriller
49750,Young Adult
49750,Fiction
49750,Romance
49750,Contemporary
49750,Realistic Fiction
49750,Coming Of Age
49750,Teen
49750,Humor
49750,Audiobook
49750,Young Adult Contemporary
19057,Young Adult
19057,Fiction
19057,Mystery
19057,Contemporary
19057,Book Club
19057,Realistic Fiction
19057,Audiobook
19057,Australia
19057,Teen
19057,Coming Of Age
60215458,Fantasy
60215458,Science Fiction
60215458,Science Fiction Fantasy
60215458,Post Apocalyptic
60215458,Adventure
60215458,Adult
60215458,Dark
60215458,Thriller
60215458,Dystopia
60215458,Utopia
34640476,Nonfiction
34640476,Politics
34640476,History
34640476,Theory
34640476,Academic
34640476,Economics
34640476,Philosophy
34640476,Political Science
34640476,Sociology
34640476,21st Century
34484,Fantasy
34484,Fiction
34484,Humor
34484,Comedy
34484,Science Fiction Fantasy
34484,Audiobook
34484,Religion
34484,Satire
34484,Science Fiction
34484,Novels
42898,Romance
42898,Paranormal
42898,Vampires
42898,Paranormal Romance
42898,Fantasy
42898,Urban Fantasy
42898,Adult
42898,Fiction
42898,Supernatural
42898,Erotica
194746,Classics
194746,Fiction
194746,Japanese Literature
194746,Japan
194746,Literature
194746,Literary Fiction
194746,Novels
194746,Philosophy
194746,Asian Literature
194746,Audiobook
60353768,Historical Fiction
60353768,Fiction
60353768,Book Club
60353768,Historical
60353768,Audiobook
60353768,Italy
60353768,Literary Fiction
60353768,Adult
60353768,Adult Fiction
60353768,Novels
9014,Horror
9014,Fiction
9014,Dystopia
9014,Thriller
9014,Audiobook
9014,Science Fiction
9014,Fantasy
9014,Adult
9014,Suspense
9014,Book Club
816,Fiction
816,Science Fiction
816,Historical Fiction
816,Cyberpunk
816,Thriller
816,Historical
816,Audiobook
816,War
816,Fantasy
816,Science Fiction Fantasy
18584855,Fantasy
18584855,Young Adult
18584855,Romance
18584855,Retellings
18584855,Fiction
18584855,Audiobook
18584855,Young Adult Fantasy
18584855,Romantasy
18584855,Fairy Tales
18584855,Magic
75523433,Fiction
75523433,Thriller
75523433,Mystery
75523433,Crime
75523433,Mystery Thriller
75523433,Suspense
75523433,Contemporary
75523433,Ebooks
75523433,Audiobook
75523433,Psychological
152380,Classics
152380,Fantasy
152380,Childrens
152380,Fiction
152380,Audiobook
152380,Middle Grade
152380,Young Adult
152380,Magic
152380,Juvenile
152380,Adventure
36072,Self Help
36072,Nonfiction
36072,Business
36072,Personal Development
36072,Psychology
36072,Leadership
36072,Productivity
36072,Personal Growth
36072,Audiobook
36072,Management
13872,Fiction
13872,Horror
13872,Fantasy
13872,Book Club
13872,Contemporary
13872,Literary Fiction
13872,Novels
13872,Literature
13872,Audiobook
13872,Adult
386372,Fantasy
386372,Fiction
386372,Humor
386372,Comedy
386372,Audiobook
386372,Science Fiction Fantasy
386372,Magic
386372,Novels
386372,High Fantasy
386372,Death
8695,Science Fiction
8695,Fiction
8695,Humor
8695,Fantasy
8695,Comedy
8695,Audiobook
8695,Classics
8695,Science Fiction Fantasy
8695,Adventure
8695,Novels
6690798,Horror
6690798,Fiction
6690798,Science Fiction
6690798,Fantasy
6690798,Post Apocalyptic
6690798,Vampires
6690798,Dystopia
6690798,Thriller
6690798,Audiobook
6690798,Apocalyptic
5098079,Romance
5098079,Paranormal Romance
5098079,Paranormal
5098079,Vampires
5098079,Fantasy
5098079,Urban Fantasy
5098079,Adult
5098079,Fiction
5098079,Supernatural
5098079,Erotica
50033,Fiction
50033,Classics
50033,Science Fiction
50033,Fantasy
50033,Short Stories
50033,Young Adult
50033,Coming Of Age
50033,Magical Realism
50033,Audiobook
50033,Summer
6137154,Fantasy
6137154,Young Adult
6137154,Romance
6137154,Fiction
6137154,Young Adult Fantasy
6137154,Adventure
6137154,Magic
6137154,High Fantasy
6137154,Audiobook
6137154,Teen
42046112,Science Fiction
42046112,Fiction
42046112,Thriller
42046112,Audiobook
42046112,Time Travel
42046112,Book Club
42046112,Mystery
42046112,Mystery Thriller
42046112,Fantasy
42046112,Adult
228086938,Contemporary
228086938,Novels
228086938,Drama
228086938,Humor
228086938,Book Club
228086938,Comedy
228086938,Satire
228086938,Fiction
228086938,Fantasy
52831200,Fantasy
52831200,Romance
52831200,Romantasy
52831200,Fantasy Romance
52831200,Vampires
52831200,Enemies To Lovers
52831200,Fiction
52831200,New Adult
52831200,Audiobook
52831200,Paranormal
201930181,Science Fiction
201930181,Fiction
201930181,Audiobook
201930181,Space Opera
201930181,Space
201930181,Fantasy
201930181,Aliens
201930181,Science Fiction Fantasy
201930181,Speculative Fiction
201930181,Book Club
16690,Science Fiction
16690,Fiction
16690,Classics
16690,Science Fiction Fantasy
16690,Audiobook
16690,Fantasy
16690,Politics
16690,Space
16690,Book Club
16690,Novels
60109530,Thriller
60109530,Mystery
60109530,Mystery Thriller
60109530,Fiction
60109530,Audiobook
60109530,Horror
60109530,Suspense
60109530,Book Club
60109530,Psychological Thriller
60109530,Crime
29059,Fiction
29059,Contemporary
29059,Humor
29059,Novels
29059,Literature
29059,Satire
29059,American
29059,Adult
29059,Dark
29059,Adult Fiction
41880609,Fiction
41880609,Poetry
41880609,LGBT
41880609,Contemporary
41880609,Queer
41880609,Literary Fiction
41880609,Book Club
41880609,Audiobook
41880609,Adult
41880609,Novels
3698,Fiction
3698,Classics
3698,Historical Fiction
3698,War
3698,Literature
3698,Novels
3698,Asia
3698,Literary Fiction
3698,British Literature
3698,Book Club
7940583,Africa
7940583,Travel
7940583,Nonfiction
7940583,History
7940583,Liberia
7940583,Sierra Leone
7940583,Adventure
7940583,Journalism
7940583,War
7940583,Biography
11507,Fiction
11507,Classics
11507,Jewish
11507,Historical Fiction
11507,Book Club
11507,Religion
11507,Art
11507,Judaism
11507,Literature
11507,Novels
199798179,Science Fiction
199798179,Fiction
199798179,Romance
199798179,Time Travel
199798179,Fantasy
199798179,Audiobook
199798179,Book Club
199798179,Historical Fiction
199798179,Adult
199798179,Historical
89724,Horror
89724,Classics
89724,Fiction
89724,Gothic
89724,Mystery
89724,Audiobook
89724,Book Club
89724,Thriller
89724,Mystery Thriller
89724,Adult
157981682,Fantasy
157981682,Fiction
157981682,Mystery
157981682,Magical Realism
157981682,Audiobook
157981682,Magic
157981682,Thriller
157981682,Book Club
157981682,Science Fiction
157981682,Romance
3109,Nonfiction
3109,Food
3109,Science
3109,Health
3109,History
3109,Nutrition
3109,Environment
3109,Book Club
3109,Audiobook
3109,Cooking
264,Classics
264,Fiction
264,Literature
264,19th Century
264,Historical Fiction
264,Romance
264,Novels
264,American
264,Classic Literature
264,Victorian
18521,Classics
18521,Nonfiction
18521,Feminism
18521,Essays
18521,Philosophy
18521,Writing
18521,Literature
18521,Womens
18521,20th Century
18521,Audiobook
38374795,Classics
38374795,Fiction
38374795,Historical Fiction
38374795,Literature
38374795,British Literature
38374795,Novels
38374795,20th Century
38374795,Romance
38374795,Audiobook
38374795,Literary Fiction
